Phyllum,Subphyllym ,Superclass ,Class ,Subclass ,Superorder,Order,Suborder,Infraorder,Parvorder,Superfamily,Family,Specie,Sitio,Latitud,Longitude,Altitude,Habitat_type,Reference,,,,,
Arthropoda,Crustacea,Multicrustacea,Malacostraca,Eumalacostraca,Peracarida,Amphipoda,Senticaudata,Talitrida,Taliridira,Hyaloidea,Hyalellidae,"Hyalella kochi Gonzalez & Watling, 2001",Guallatire,-18.480,-70.260,3100,Wetland,"Gonzalez, 2003",,,,,
Arthropoda,Crustacea,Multicrustacea,Malacostraca,Eumalacostraca,Peracarida,Amphipoda,Senticaudata,Talitrida,Taliridira,Hyaloidea,Hyalellidae,"Hyalella fossamanchini Cavalieri, 1959",Salar de Surire,-18.830,-69.030,4260,Shallow saline lake,"Gonzalez, 2003",,,,,
Arthropoda,Crustacea,Multicrustacea,Malacostraca,Eumalacostraca,Peracarida,Amphipoda,Senticaudata,Talitrida,Taliridira,Hyaloidea,Hyalellidae,"Hyalella kochi Gonzalez & Watling, 2001",Bofedal de Arabilla,-19.230,-68.850,4000,River,"Gonzalez, 2003",,,,,
Arthropoda,Crustacea,Multicrustacea,Malacostraca,Eumalacostraca,Peracarida,Amphipoda,Senticaudata,Talitrida,Taliridira,Hyaloidea,Hyalellidae,"Hyalella kochi Gonzalez & Watling, 2001",Salado river,-20.340,-68.650,2784,River,De los Rios et al 2010,,,,,
Arthropoda,Crustacea,Multicrustacea,Malacostraca,Eumalacostraca,Peracarida,Amphipoda,Senticaudata,Talitrida,Taliridira,Hyaloidea,Hyalellidae,"Hyalella kochi Gonzalez & Watling, 2001",Loa river - Santa Bárbara,-21.970,-68.600,3304,River,De los Rios et al 2010,,,,,
Arthropoda,Crustacea,Multicrustacea,Malacostraca,Eumalacostraca,Peracarida,Amphipoda,Senticaudata,Talitrida,Taliridira,Hyaloidea,Hyalellidae,"Hyalella kochi Gonzalez & Watling, 2001",Conchi reservoir,-22.000,-68.600,3272,Reservoir,De los Rios et al 2010,,,,,
Arthropoda,Crustacea,Multicrustacea,Malacostraca,Eumalacostraca,Peracarida,Amphipoda,Senticaudata,Talitrida,Taliridira,Hyaloidea,Hyalellidae,"Hyalella fossamanchini Cavalieri, 1959",Salado river,-20.340,-68.650,2784,River,De los Rios et al 2010,,,,,
Arthropoda,Crustacea,Multicrustacea,Malacostraca,Eumalacostraca,Peracarida,Amphipoda,Senticaudata,Talitrida,Taliridira,Hyaloidea,Hyalellidae,"Hyalella fossamanchini Cavalieri, 1959",Loa river - Santa Bárbara,-21.970,-68.600,3304,River,De los Rios et al 2010,,,,,
Arthropoda,Crustacea,Multicrustacea,Malacostraca,Eumalacostraca,Peracarida,Amphipoda,Senticaudata,Talitrida,Taliridira,Hyaloidea,Hyalellidae,"Hyalella fossamanchini Cavalieri, 1959",Conchi reservoir,-22.000,-68.600,3272,Reservoir,De los Rios et al 2010,,,,,
Arthropoda,Crustacea,Multicrustacea,Malacostraca,Eumalacostraca,Peracarida,Amphipoda,Senticaudata,Talitrida,Taliridira,Hyaloidea,Hyalellidae,"Hyalella kochi Gonzalez & Watling, 2001",Loa river - Puente Posada,-22.260,-69.550,3200,River,De los Rios-Escalante et al 2023,,,,,
Arthropoda,Crustacea,Multicrustacea,Malacostraca,Eumalacostraca,Peracarida,Amphipoda,Senticaudata,Talitrida,Taliridira,Hyaloidea,Hyalellidae,"Hyalella kochi Gonzalez & Watling, 2001",Caspana river,-22.280,-68.230,3200,River,De los Rios-Escalante et al 2023,,,,,
Arthropoda,Crustacea,Multicrustacea,Malacostraca,Eumalacostraca,Peracarida,Amphipoda,Senticaudata,Talitrida,Taliridira,Hyaloidea,Hyalellidae,"Hyalella kochi Gonzalez & Watling, 2001",El Tatio,-22.350,-68.000,4264,Wetland,"Gonzalez, 2003",,,,,
Arthropoda,Crustacea,Multicrustacea,Malacostraca,Eumalacostraca,Peracarida,Amphipoda,Senticaudata,Talitrida,Taliridira,Hyaloidea,Hyalellidae,"Hyalella kochi Gonzalez & Watling, 2001",Putana,-22.530,-67.860,4600,Wetland,"Gonzalez, 2003",,,,,
Arthropoda,Crustacea,Multicrustacea,Malacostraca,Eumalacostraca,Peracarida,Amphipoda,Senticaudata,Talitrida,Taliridira,Hyaloidea,Hyalellidae,"Hyalella fossamanchini Cavalieri, 1959",Caspana river,-22.280,-68.230,3200,River,De los Rios-Escalante et al 2023,,,,,
Arthropoda,Crustacea,Multicrustacea,Malacostraca,Eumalacostraca,Peracarida,Amphipoda,Senticaudata,Talitrida,Taliridira,Hyaloidea,Hyalellidae,"Hyalella fossamanchini Cavalieri, 1959",El Tatio,-22.350,-68.000,4264,Wetland,"Gonzalez, 2003",,,,,
Arthropoda,Crustacea,Multicrustacea,Malacostraca,Eumalacostraca,Peracarida,Amphipoda,Senticaudata,Talitrida,Taliridira,Hyaloidea,Hyalellidae,"Hyalella fossamanchini Cavalieri, 1959",Putana,-22.530,-67.860,4600,Wetland,"Gonzalez, 2003",,,,,
Arthropoda,Crustacea,Multicrustacea,Malacostraca,Eumalacostraca,Peracarida,Amphipoda,Senticaudata,Talitrida,Taliridira,Hyaloidea,Hyalellidae,"Hyalella fossamanchini Cavalieri, 1959",Guatin,-22.760,-68.060,3996,Wetland,Muñoz-Pedreros et al 2019,,,,,
Arthropoda,Crustacea,Multicrustacea,Malacostraca,Eumalacostraca,Peracarida,Amphipoda,Senticaudata,Talitrida,Taliridira,Hyaloidea,Hyalellidae,"Hyalella fossamanchini Cavalieri, 1959",Toconao,-23.180,-68.000,2475,Reservoir,"De los Ríos-Escalante, 2011",,,,,
Arthropoda,Crustacea,Multicrustacea,Malacostraca,Eumalacostraca,Peracarida,Amphipoda,Senticaudata,Talitrida,Taliridira,Hyaloidea,Hyalellidae,"Hyalella kochi Gonzalez & Watling, 2001",La Chimba-4,-23.200,-70.350,500,Wetland,"De los Rios, 2019",,,,,
Arthropoda,Crustacea,Multicrustacea,Malacostraca,Eumalacostraca,Peracarida,Amphipoda,Senticaudata,Talitrida,Taliridira,Hyaloidea,Hyalellidae,"Hyalella fossamanchini Cavalieri, 1959",Salvador river,-23.390,-69.510,2300,River,De los Rios et al 2010,,,,,
Arthropoda,Crustacea,Multicrustacea,Malacostraca,Eumalacostraca,Peracarida,Amphipoda,Senticaudata,Talitrida,Taliridira,Hyaloidea,Hyalellidae,"Hyalella fossamanchini Cavalieri, 1959",Miscanti lagoon,-67.780,-67.780,4140,Lagoon,"De los Ríos-Escalante, 2011",,,,,
Arthropoda,Crustacea,Multicrustacea,Malacostraca,Eumalacostraca,Peracarida,Amphipoda,Senticaudata,Talitrida,Taliridira,Hyaloidea,Hyalellidae,"Hyalella fossamanchini Cavalieri, 1959",Miscanti lagoon,-67.780,-67.780,4129,Lagoon,"De los Ríos-Escalante, 2011",,,,,
Arthropoda,Crustacea,Multicrustacea,Malacostraca,Eumalacostraca,Peracarida,Amphipoda,Senticaudata,Talitrida,Taliridira,Hyaloidea,Hyalellidae,"Hyalella fossamanchini Cavalieri, 1959",Quebrada Zorritas,-24.550,-68.650,3849,Stream,De los Rios et al 2019a,,,,,
Arthropoda,Crustacea,Multicrustacea,Malacostraca,Eumalacostraca,Peracarida,Amphipoda,Senticaudata,Talitrida,Taliridira,Hyaloidea,Hyalellidae,"Hyalella fossamanchini Cavalieri, 1959",Quebrada Zorritas,-24.560,-68.650,4070,Stream,De los Rios et al 2019a,,,,,
Arthropoda,Crustacea,Multicrustacea,Malacostraca,Eumalacostraca,Peracarida,Amphipoda,Senticaudata,Talitrida,Taliridira,Hyaloidea,Hyalellidae,"Hyalella fossamanchini Cavalieri, 1959",Entrada P.N. Llullaillaco,-24.560,-68.650,4070,Stream,De los Rios et al 2019a,,,,,
Arthropoda,Crustacea,Multicrustacea,Malacostraca,Eumalacostraca,Peracarida,Amphipoda,Senticaudata,Talitrida,Taliridira,Hyaloidea,Hyalellidae,"Hyalella kochi Gonzalez & Watling, 2001",Miscanti lagoon,-23.730,-67.780,4140,Lagoon,"De los Ríos-Escalante, 2011",,,,,
Arthropoda,Crustacea,Multicrustacea,Malacostraca,Eumalacostraca,Peracarida,Amphipoda,Senticaudata,Talitrida,Taliridira,Hyaloidea,Hyalellidae,"Hyalella kochi Gonzalez & Watling, 2001",Miscanti lagoon,-23.750,-67.780,4129,Lagoon,"De los Ríos-Escalante, 2011",,,,,
Arthropoda,Crustacea,Multicrustacea,Malacostraca,Eumalacostraca,Peracarida,Amphipoda,Senticaudata,Talitrida,Taliridira,Hyaloidea,Hyalellidae,"Hyalella kochi Gonzalez & Watling, 2001",Quebrada Zorritas,-24.550,-68.650,3849,Stream,De los Rios et al 2019a,,,,,
Arthropoda,Crustacea,Multicrustacea,Malacostraca,Eumalacostraca,Peracarida,Amphipoda,Senticaudata,Talitrida,Taliridira,Hyaloidea,Hyalellidae,"Hyalella kochi Gonzalez & Watling, 2001",Quebrada Zorritas,-24.560,-68.650,4070,Stream,De los Rios et al 2019a,,,,,
Arthropoda,Crustacea,Multicrustacea,Malacostraca,Eumalacostraca,Peracarida,Amphipoda,Senticaudata,Talitrida,Taliridira,Hyaloidea,Hyalellidae,"Hyalella kochi Gonzalez & Watling, 2001",Entrada P.N. Llullaillaco,-24.560,-68.650,4070,Stream,De los Rios et al 2019a,,,,,
Arthropoda,Crustacea,Multicrustacea,Malacostraca,Eumalacostraca,Peracarida,Amphipoda,Senticaudata,Talitrida,Taliridira,Hyaloidea,Hyalellidae,"Hyalella costera Gonzalez & Watling, 2001",La Chimba-1,-24.560,-70.380,3,Wetland,"De los Rios, 2019",,,,,
Arthropoda,Crustacea,Multicrustacea,Malacostraca,Eumalacostraca,Peracarida,Amphipoda,Senticaudata,Talitrida,Taliridira,Hyaloidea,Hyalellidae,"Hyalella costera Gonzalez & Watling, 2001",La Chimba-2,-24.560,-70.380,4,Wetland,"De los Rios, 2019",,,,,
Arthropoda,Crustacea,Multicrustacea,Malacostraca,Eumalacostraca,Peracarida,Amphipoda,Senticaudata,Talitrida,Taliridira,Hyaloidea,Hyalellidae,"Hyalella costera Gonzalez & Watling, 2001",La Chimba-3,-24.560,-70.380,5,Wetland,"De los Rios, 2019",,,,,
Arthropoda,Crustacea,Multicrustacea,Malacostraca,Eumalacostraca,Peracarida,Amphipoda,Senticaudata,Talitrida,Taliridira,Hyaloidea,Hyalellidae,"Hyalella kochi Gonzalez & Watling, 2001",Quebrada Zorritas,-24.580,-68.650,4111,Stream,De los Rios et al 2019a,,,,,
Arthropoda,Crustacea,Multicrustacea,Malacostraca,Eumalacostraca,Peracarida,Amphipoda,Senticaudata,Talitrida,Taliridira,Hyaloidea,Hyalellidae,"Hyalella kochi Gonzalez & Watling, 2001",Quebrada Zorritas,-24.580,-68.650,4103,Stream,De los Rios et al 2019a,,,,,
Arthropoda,Crustacea,Multicrustacea,Malacostraca,Eumalacostraca,Peracarida,Amphipoda,Senticaudata,Talitrida,Taliridira,Hyaloidea,Hyalellidae,"Hyalella fossamanchini Cavalieri, 1959",Quebrada Zorritas,-24.580,-68.650,4111,Stream,De los Rios et al 2019a,,,,,
Arthropoda,Crustacea,Multicrustacea,Malacostraca,Eumalacostraca,Peracarida,Amphipoda,Senticaudata,Talitrida,Taliridira,Hyaloidea,Hyalellidae,"Hyalella fossamanchini Cavalieri, 1959",Quebrada Zorritas,-24.580,-68.650,4103,Stream,De los Rios et al 2019a,,,,,
Arthropoda,Crustacea,Multicrustacea,Malacostraca,Eumalacostraca,Peracarida,Amphipoda,Senticaudata,Talitrida,Taliridira,Hyaloidea,Hyalellidae,"Hyalella fossamanchini Cavalieri, 1959",Quebrada Zorras,-24.580,-68.650,4085,Stream,De los Rios et al 2019a,,,,,
Arthropoda,Crustacea,Multicrustacea,Malacostraca,Eumalacostraca,Peracarida,Amphipoda,Senticaudata,Talitrida,Taliridira,Hyaloidea,Hyalellidae,"Hyalella fossamanchini Cavalieri, 1959",Quebrada Zorras,-24.580,-68.650,4078,Stream,De los Rios et al 2019a,,,,,
Arthropoda,Crustacea,Multicrustacea,Malacostraca,Eumalacostraca,Peracarida,Amphipoda,Senticaudata,Talitrida,Taliridira,Hyaloidea,Hyalellidae,"Hyalella kochi Gonzalez & Watling, 2001",Salar de Punta Negra,-24.580,-68.960,3000,Shallow saline lake,"Gonzalez, 2003",,,,,
Arthropoda,Crustacea,Multicrustacea,Malacostraca,Eumalacostraca,Peracarida,Amphipoda,Senticaudata,Talitrida,Taliridira,Hyaloidea,Hyalellidae,"Hyalella fossamanchini Cavalieri, 1959",Salar de Punta Negra,-24.580,-68.960,3000,Shallow saline lake,"Gonzalez, 2003",,,,,
Arthropoda,Crustacea,Multicrustacea,Malacostraca,Eumalacostraca,Peracarida,Amphipoda,Senticaudata,Talitrida,Taliridira,Hyaloidea,Hyalellidae,"Hyalella costera Gonzalez & Watling, 2001",Paposo,-25.010,-70.460,0,Wetland,"Gonzalez, 2003",,,,,
Arthropoda,Crustacea,Multicrustacea,Malacostraca,Eumalacostraca,Peracarida,Amphipoda,Senticaudata,Talitrida,Taliridira,Hyaloidea,Hyalellidae,"Hyalella kochi Gonzalez & Watling, 2001",Salar de Pedernales,-25.110,-68.710,3568,Shallow saline lake,De los Rios et al 2019a,,,,,
Arthropoda,Crustacea,Multicrustacea,Malacostraca,Eumalacostraca,Peracarida,Amphipoda,Senticaudata,Talitrida,Taliridira,Hyaloidea,Hyalellidae,"Hyalella fossamanchini Cavalieri, 1959",Salar de Pedernales,-25.110,-68.710,3568,Shallow saline lake,De los Rios et al 2019a,,,,,
Arthropoda,Crustacea,Multicrustacea,Malacostraca,Eumalacostraca,Peracarida,Amphipoda,Senticaudata,Talitrida,Taliridira,Hyaloidea,Hyalellidae,"Hyalella fossamanchini Cavalieri, 1959",La Ola reservoir,-27.350,-70.300,2300,Reservoir,"Gonzalez, 2003",,,,,
Arthropoda,Crustacea,Multicrustacea,Malacostraca,Eumalacostraca,Peracarida,Amphipoda,Senticaudata,Talitrida,Taliridira,Hyaloidea,Hyalellidae,"Hyalella costera Gonzalez & Watling, 2001",Los Molles,-29.960,-70.930,0,Stream,"Gonzalez, 2003",,,,,
Arthropoda,Crustacea,Multicrustacea,Malacostraca,Eumalacostraca,Peracarida,Amphipoda,Senticaudata,Talitrida,Taliridira,Hyaloidea,Hyalellidae,"Hyalella costera Gonzalez & Watling, 2001",Limache,-32.980,-71.250,0,Stream,"Gonzalez, 2003",,,,,
Arthropoda,Crustacea,Multicrustacea,Malacostraca,Eumalacostraca,Peracarida,Amphipoda,Senticaudata,Talitrida,Taliridira,Hyaloidea,Hyalellidae,"Hyalella chiloensis Gonzalez & Watling, 2001",Laguna Redonda,-36.800,-73.060,188,Lagoon,"Gonzalez, 2003",,,,,
Arthropoda,Crustacea,Multicrustacea,Malacostraca,Eumalacostraca,Peracarida,Amphipoda,Senticaudata,Talitrida,Taliridira,Hyaloidea,Hyalellidae,"Hyalella patagonica (Cunningham, 1871)",Laguna Conguillío,-38.630,-71.610,1000,Lagoon,De los Ríos & Romero 2009,,,,,
Arthropoda,Crustacea,Multicrustacea,Malacostraca,Eumalacostraca,Peracarida,Amphipoda,Senticaudata,Talitrida,Taliridira,Hyaloidea,Hyalellidae,"Hyalella patagonica (Cunningham, 1871)",Laguna Captrén,-38.630,-71.700,1100,Lagoon,De los Ríos-Escalante et al. 2012a,,,,,
Arthropoda,Crustacea,Multicrustacea,Malacostraca,Eumalacostraca,Peracarida,Amphipoda,Senticaudata,Talitrida,Taliridira,Hyaloidea,Hyalellidae,"Hyalella patagonica (Cunningham, 1871)",Laguna Arcoiris ,-38.670,-71.610,1100,Lagoon,De los Ríos-Escalante et al. 2012a,,,,,
Arthropoda,Crustacea,Multicrustacea,Malacostraca,Eumalacostraca,Peracarida,Isopoda,Asellota,Talitrida,Taliridira,Hyaloidea,Hyalellidae,"Hyalella patagonica (Cunningham, 1871)",Petrenco,-38.750,-72.550,120,Wetland,"Correa-Araneda et al., 2017",,,,,
Arthropoda,Crustacea,Multicrustacea,Malacostraca,Eumalacostraca,Peracarida,Isopoda,Asellota,Talitrida,Taliridira,Hyaloidea,Hyalellidae,"Hyalella patagonica (Cunningham, 1871)",Quepe,-38.830,-72.630,90,Wetland,"Correa-Araneda et al., 2017",,,,,
Arthropoda,Crustacea,Multicrustacea,Malacostraca,Eumalacostraca,Peracarida,Isopoda,Asellota,Talitrida,Taliridira,Hyaloidea,Hyalellidae,"Hyalella patagonica (Cunningham, 1871)",Nohualhue,-38.700,-72.800,150,Wetland,"Correa-Araneda et al., 2017",,,,,
Arthropoda,Crustacea,Multicrustacea,Malacostraca,Eumalacostraca,Peracarida,Isopoda,Asellota,Talitrida,Taliridira,Hyaloidea,Hyalellidae,"Hyalella patagonica (Cunningham, 1871)",Vergel,-38.740,-72.580,110,Wetland,"Correa-Araneda et al., 2017",,,,,
Arthropoda,Crustacea,Multicrustacea,Malacostraca,Eumalacostraca,Peracarida,Isopoda,Asellota,Talitrida,Taliridira,Hyaloidea,Hyalellidae,"Hyalella patagonica (Cunningham, 1871)",Pumalal,-38.720,-72.500,130,Wetland,"Correa-Araneda et al., 2017",,,,,
Arthropoda,Crustacea,Multicrustacea,Malacostraca,Eumalacostraca,Peracarida,Amphipoda,Senticaudata,Talitrida,Taliridira,Hyaloidea,Hyalellidae,"Hyalella patagonica (Cunningham, 1871)",Laguna Verde I,-38.680,-71.760,1100,Lagoon,De los Ríos-Escalante et al. 2012a,,,,,
Arthropoda,Crustacea,Multicrustacea,Malacostraca,Eumalacostraca,Eucarida,Decapoda,Pleocyemata,Talitrida,Taliridira,Hyaloidea,Hyalellidae,"Hyalella patagonica (Cunningham, 1871)",Gibbs channel - Gabriela Mistral av.,-38.762,-72.738,NA,Stream,"Correa-Araneda et al., 2010",,,,,
Arthropoda,Crustacea,Multicrustacea,Malacostraca,Eumalacostraca,Peracarida,Amphipoda,Senticaudata,Talitrida,Taliridira,Hyaloidea,Hyalellidae,"Hyalella chiloensis Gonzalez & Watling, 2001",Cerro Ñielol,-38.780,-70.300,132,Stream,De los Ríos-Escalante et al. 2012a,,,,,
Arthropoda,Crustacea,Multicrustacea,Malacostraca,Eumalacostraca,Peracarida,Amphipoda,Senticaudata,Talitrida,Taliridira,Hyaloidea,Hyalellidae,"Hyalella costera Gonzalez & Watling, 2001",Puaucho,-38.950,-73.310,0,Ephemeral pools,De los Ríos-Escalante et al. 2012a,,,,,
Arthropoda,Crustacea,Multicrustacea,Malacostraca,Eumalacostraca,Peracarida,Amphipoda,Senticaudata,Talitrida,Taliridira,Hyaloidea,Hyalellidae,"Hyalella patagonica (Cunningham, 1871)",Lago Chico,-39.130,-71.700,1240,Lagoon,"De los Ríos et al., 2007",,,,,
Arthropoda,Crustacea,Multicrustacea,Malacostraca,Eumalacostraca,Peracarida,Amphipoda,Senticaudata,Talitrida,Taliridira,Hyaloidea,Hyalellidae,"Hyalella patagonica (Cunningham, 1871)",Lago Verde II,-39.130,-71.700,1254,Lagoon,"De los Ríos et al., 2007",,,,,
Arthropoda,Crustacea,Multicrustacea,Malacostraca,Eumalacostraca,Peracarida,Amphipoda,Senticaudata,Talitrida,Taliridira,Hyaloidea,Hyalellidae,"Hyalella patagonica (Cunningham, 1871)",Lago Toro,-39.130,-71.700,1245,Lagoon,"De los Ríos et al., 2007",,,,,
Arthropoda,Crustacea,Multicrustacea,Malacostraca,Eumalacostraca,Peracarida,Amphipoda,Senticaudata,Talitrida,Taliridira,Hyaloidea,Hyalellidae,"Hyalella patagonica (Cunningham, 1871)",Laguna de los Patos,-39.170,-71.700,1440,Lagoon,"De los Ríos et al., 2007",,,,,
Arthropoda,Crustacea,Multicrustacea,Malacostraca,Eumalacostraca,Peracarida,Amphipoda,Senticaudata,Talitrida,Taliridira,Hyaloidea,Hyalellidae,"Hyalella patagonica (Cunningham, 1871)",Lago Tinquilco,-39.170,-71.710,763,Lagoon,"De los Ríos et al., 2007",,,,,
Arthropoda,Crustacea,Multicrustacea,Malacostraca,Eumalacostraca,Peracarida,Amphipoda,Senticaudata,Talitrida,Taliridira,Hyaloidea,Hyalellidae,"Hyalella patagonica (Cunningham, 1871)",Laguna Negra,-39.250,-71.700,1550,Lagoon,De los Rios & Roa 2010,,,,,
Arthropoda,Crustacea,Multicrustacea,Malacostraca,Eumalacostraca,Peracarida,Amphipoda,Senticaudata,Talitrida,Taliridira,Hyaloidea,Hyalellidae,"Hyalella chiloensis Gonzalez & Watling, 2001",Mahuidanche,-39.250,-72.780,101,River,De los Ríos-Escalante et al. 2012,,,,,
Arthropoda,Crustacea,Multicrustacea,Malacostraca,Eumalacostraca,Peracarida,Amphipoda,Senticaudata,Talitrida,Taliridira,Hyaloidea,Hyalellidae,"Hyalella simplex  Schellenberg, 1943",Lago Quillelhue,-39.560,-71.530,1015,Lagoon,"Gonzalez, 2003",,,,,
Arthropoda,Crustacea,Multicrustacea,Malacostraca,Eumalacostraca,Peracarida,Amphipoda,Senticaudata,Talitrida,Taliridira,Hyaloidea,Hyalellidae,"Hyalella costera Gonzalez & Watling, 2001",Isla Teja,-39.800,-73.200,0,Wetland,"Gonzalez, 2003",,,,,
Arthropoda,Crustacea,Multicrustacea,Malacostraca,Eumalacostraca,Peracarida,Amphipoda,Senticaudata,Talitrida,Taliridira,Hyaloidea,Hyalellidae,"Hyalella costera Gonzalez & Watling, 2001",Puerto Montt,-41.460,-72.900,10,Stream,De los Ríos-Escalante et al. 2012a,,,,,
Arthropoda,Crustacea,Multicrustacea,Malacostraca,Eumalacostraca,Peracarida,Amphipoda,Senticaudata,Talitrida,Taliridira,Hyaloidea,Hyalellidae,"Hyalella simplex  Schellenberg, 1943",Lago Sargazo,-41.500,-72.600,354,Lagoon,De los Ríos-Escalante et al. 2012b,,,,,
Arthropoda,Crustacea,Multicrustacea,Malacostraca,Eumalacostraca,Peracarida,Amphipoda,Senticaudata,Talitrida,Taliridira,Hyaloidea,Hyalellidae,"Hyalella simplex  Schellenberg, 1943",Mallín cerca de Lago Sargazo,-41.500,-72.610,235,Ephemeral pools,De los Ríos-Escalante et al. 2012b,,,,,
Arthropoda,Crustacea,Multicrustacea,Malacostraca,Eumalacostraca,Peracarida,Amphipoda,Senticaudata,Talitrida,Taliridira,Hyaloidea,Hyalellidae,"Hyalella chiloensis Gonzalez & Watling, 2001",Parque Katalapi 1,-41.510,-72.750,48,Wetland,De los Ríos-Escalante & Rueda 2014,,,,,
Arthropoda,Crustacea,Multicrustacea,Malacostraca,Eumalacostraca,Peracarida,Amphipoda,Senticaudata,Talitrida,Taliridira,Hyaloidea,Hyalellidae,"Hyalella chiloensis Gonzalez & Watling, 2001",Parque Katalapi 2,-41.510,-72.750,55,Wetland,De los Ríos-Escalante & Rueda 2014,,,,,
Arthropoda,Crustacea,Multicrustacea,Malacostraca,Eumalacostraca,Peracarida,Amphipoda,Senticaudata,Talitrida,Taliridira,Hyaloidea,Hyalellidae,"Hyalella simplex  Schellenberg, 1943",Lago Chaiquenes,-41.550,-72.530,538,Lagoon,De los Ríos-Escalante et al. 2012b,,,,,
Arthropoda,Crustacea,Multicrustacea,Malacostraca,Eumalacostraca,Peracarida,Amphipoda,Senticaudata,Talitrida,Taliridira,Hyaloidea,Hyalellidae,"Hyalella chiloensis Gonzalez & Watling, 2001",Notuco,-42.650,-73.810,462,Stream,"Gonzalez, 2003",,,,,
Arthropoda,Crustacea,Multicrustacea,Malacostraca,Eumalacostraca,Peracarida,Amphipoda,Senticaudata,Talitrida,Taliridira,Hyaloidea,Hyalellidae,"Hyalella franciscae González & Watling, 2001",Lago Risopatrón,-44.250,-72.510,144,Lake,"Gonzalez, 2003",,,,,
Arthropoda,Crustacea,Multicrustacea,Malacostraca,Eumalacostraca,Peracarida,Amphipoda,Senticaudata,Talitrida,Taliridira,Hyaloidea,Hyalellidae,"Hyalella chiloensis Gonzalez & Watling, 2001",Río Ñirepan,-45.570,-72.050,NA,River,"Gonzalez, 2003",,,,,
Arthropoda,Crustacea,Multicrustacea,Malacostraca,Eumalacostraca,Peracarida,Amphipoda,Senticaudata,Talitrida,Taliridira,Hyaloidea,Hyalellidae,"Hyalella chiloensis Gonzalez & Watling, 2001",Río Balmaceda 1,-44.880,-71.730,10,River,De los Ríos-Escalante et al. 2012b,,,,,
Arthropoda,Crustacea,Multicrustacea,Malacostraca,Eumalacostraca,Peracarida,Amphipoda,Senticaudata,Talitrida,Taliridira,Hyaloidea,Hyalellidae,"Hyalella patagonica (Cunningham, 1871)",Lago Pólux,-45.710,-71.880,677,Lake,"Gonzalez, 2003",,,,,
Arthropoda,Crustacea,Multicrustacea,Malacostraca,Eumalacostraca,Peracarida,Amphipoda,Senticaudata,Talitrida,Taliridira,Hyaloidea,Hyalellidae,"Hyalella chiloensis Gonzalez & Watling, 2001",Río Balmaceda 5,-45.710,-71.700,502,River,De los Ríos-Escalante et al. 2014,,,,,
Arthropoda,Crustacea,Multicrustacea,Malacostraca,Eumalacostraca,Peracarida,Amphipoda,Senticaudata,Talitrida,Taliridira,Hyaloidea,Hyalellidae,"Hyalella chiloensis Gonzalez & Watling, 2001",Río Balmaceda 6,-45.900,-71.630,498,River,De los Ríos-Escalante et al. 2014,,,,,
Arthropoda,Crustacea,Multicrustacea,Malacostraca,Eumalacostraca,Peracarida,Amphipoda,Senticaudata,Talitrida,Taliridira,Hyaloidea,Hyalellidae,"Hyalella simplex  Schellenberg, 1943",Río Balmaceda 7,-45.900,-71.660,499,River,De los Ríos-Escalante et al. 2014,,,,,
Arthropoda,Crustacea,Multicrustacea,Malacostraca,Eumalacostraca,Peracarida,Amphipoda,Senticaudata,Talitrida,Taliridira,Hyaloidea,Hyalellidae,"Hyalella patagonica (Cunningham, 1871)",Río Balmaceda 4,-45.900,-71.700,523,River,De los Ríos-Escalante et al. 2014,,,,,
Arthropoda,Crustacea,Multicrustacea,Malacostraca,Eumalacostraca,Peracarida,Amphipoda,Senticaudata,Talitrida,Taliridira,Hyaloidea,Hyalellidae,"Hyalella simplex  Schellenberg, 1943",Laguna Chiguay,-45.980,-71.860,961,Lagoon,De los Ríos-Escalante et al. 2014,,,,,
Arthropoda,Crustacea,Multicrustacea,Malacostraca,Eumalacostraca,Peracarida,Amphipoda,Senticaudata,Talitrida,Taliridira,Hyaloidea,Hyalellidae,"Hyalella simplex  Schellenberg, 1943",Laguna Murta 2,-46.030,-72.700,373,Lagoon,De los Ríos-Escalante et al. 2014,,,,,
Arthropoda,Crustacea,Multicrustacea,Malacostraca,Eumalacostraca,Peracarida,Amphipoda,Senticaudata,Talitrida,Taliridira,Hyaloidea,Hyalellidae,"Hyalella simplex  Schellenberg, 1943",Laguna Murta 1,-46.050,-72.700,422,Lagoon,De los Ríos-Escalante et al. 2014,,,,,
Arthropoda,Crustacea,Multicrustacea,Malacostraca,Eumalacostraca,Peracarida,Amphipoda,Senticaudata,Talitrida,Taliridira,Hyaloidea,Hyalellidae,"Hyalella simplex  Schellenberg, 1943",Laguna 1,-46.160,-72.160,540,Lagoon,De los Ríos-Escalante et al. 2014,,,,,
Arthropoda,Crustacea,Multicrustacea,Malacostraca,Eumalacostraca,Peracarida,Amphipoda,Senticaudata,Talitrida,Taliridira,Hyaloidea,Hyalellidae,"Hyalella chiloensis Gonzalez & Watling, 2001",Laguna Chacano,-46.160,-72.180,514,Lagoon,De los Ríos-Escalante et al. 2014,,,,,
Arthropoda,Crustacea,Multicrustacea,Malacostraca,Eumalacostraca,Peracarida,Amphipoda,Senticaudata,Talitrida,Taliridira,Hyaloidea,Hyalellidae,"Hyalella patagonica (Cunningham, 1871)",Laguna Chacano,-46.160,-72.180,514,Lagoon,De los Ríos-Escalante et al. 2014,,,,,
Arthropoda,Crustacea,Multicrustacea,Malacostraca,Eumalacostraca,Peracarida,Amphipoda,Senticaudata,Talitrida,Taliridira,Hyaloidea,Hyalellidae,"Hyalella simplex  Schellenberg, 1943",Laguna 2,-46.160,-72.160,539,Lagoon,De los Ríos-Escalante et al. 2014,,,,,
Arthropoda,Crustacea,Multicrustacea,Malacostraca,Eumalacostraca,Peracarida,Amphipoda,Senticaudata,Talitrida,Taliridira,Hyaloidea,Hyalellidae,"Hyalella chiloensis Gonzalez & Watling, 2001",Lago Tamango,-46.180,-72.130,550,Lagoon,De los Ríos-Escalante et al. 2014,,,,,
Arthropoda,Crustacea,Multicrustacea,Malacostraca,Eumalacostraca,Peracarida,Amphipoda,Senticaudata,Talitrida,Taliridira,Hyaloidea,Hyalellidae,"Hyalella chiloensis Gonzalez & Watling, 2001",Laguna cerca de lag. Tamango,-46.180,-72.110,661,Lagoon,De los Ríos-Escalante et al. 2014,,,,,
Arthropoda,Crustacea,Multicrustacea,Malacostraca,Eumalacostraca,Peracarida,Amphipoda,Senticaudata,Talitrida,Taliridira,Hyaloidea,Hyalellidae,"Hyalella chiloensis Gonzalez & Watling, 2001",Laguna 3,-46.180,-72.150,606,Lagoon,De los Ríos-Escalante et al. 2014,,,,,
Arthropoda,Crustacea,Multicrustacea,Malacostraca,Eumalacostraca,Peracarida,Amphipoda,Senticaudata,Talitrida,Taliridira,Hyaloidea,Hyalellidae,"Hyalella chiloensis Gonzalez & Watling, 2001",Laguna Venus,-46.200,-71.980,476,Lagoon,De los Ríos-Escalante et al. 2014,,,,,
Arthropoda,Crustacea,Multicrustacea,Malacostraca,Eumalacostraca,Peracarida,Amphipoda,Senticaudata,Talitrida,Taliridira,Hyaloidea,Hyalellidae,"Hyalella chiloensis Gonzalez & Watling, 2001",Laguna Laparent,-46.230,-72.230,559,Lake,De los Ríos-Escalante et al. 2014,,,,,
Arthropoda,Crustacea,Multicrustacea,Malacostraca,Eumalacostraca,Peracarida,Amphipoda,Senticaudata,Talitrida,Taliridira,Hyaloidea,Hyalellidae,"Hyalella chiloensis Gonzalez & Watling, 2001",Lago General Carrera,-46.280,-71.930,204,Lake,De los Ríos-Escalante et al. 2014,,,,,
Arthropoda,Crustacea,Multicrustacea,Malacostraca,Eumalacostraca,Peracarida,Amphipoda,Senticaudata,Talitrida,Taliridira,Hyaloidea,Hyalellidae,"Hyalella patagonica (Cunningham, 1871)",Lago General Carrera,-46.280,-71.930,204,Lake,De los Ríos-Escalante et al. 2014,,,,,
Arthropoda,Crustacea,Multicrustacea,Malacostraca,Eumalacostraca,Peracarida,Amphipoda,Senticaudata,Talitrida,Taliridira,Hyaloidea,Hyalellidae,"Hyalella simplex  Schellenberg, 1943",Lago General Carrera,-46.280,-71.930,204,Lake,De los Ríos-Escalante et al. 2014,,,,,
Arthropoda,Crustacea,Multicrustacea,Malacostraca,Eumalacostraca,Peracarida,Amphipoda,Senticaudata,Talitrida,Taliridira,Hyaloidea,Hyalellidae,"Hyalella simplex  Schellenberg, 1943",Laguna Murta 3,-46.360,-72.700,238,Lagoon,De los Ríos-Escalante et al. 2014,,,,,
Arthropoda,Crustacea,Multicrustacea,Malacostraca,Eumalacostraca,Peracarida,Amphipoda,Senticaudata,Talitrida,Taliridira,Hyaloidea,Hyalellidae,"Hyalella chiloensis Gonzalez & Watling, 2001",Laguna Verde,-46.960,-71.860,962,Lagoon,De los Ríos-Escalante et al. 2014,,,,,
Arthropoda,Crustacea,Multicrustacea,Malacostraca,Eumalacostraca,Peracarida,Amphipoda,Senticaudata,Talitrida,Taliridira,Hyaloidea,Hyalellidae,"Hyalella franciscae González & Watling, 2001",Laguna El Paso,-50.480,-72.960,200,Lagoon,De los Ríos-Escalante et al. 2012a,,,,,
Arthropoda,Crustacea,Multicrustacea,Malacostraca,Eumalacostraca,Peracarida,Amphipoda,Senticaudata,Talitrida,Taliridira,Hyaloidea,Hyalellidae,"Hyalella franciscae González & Watling, 2001",Laguna Melliza I,-51.000,-73.000,91,Lagoon,De los Ríos-Escalante et al. 2012a,,,,,
Arthropoda,Crustacea,Multicrustacea,Malacostraca,Eumalacostraca,Peracarida,Amphipoda,Senticaudata,Talitrida,Taliridira,Hyaloidea,Hyalellidae,"Hyalella franciscae González & Watling, 2001",Laguna Redonda,-51.000,-73.000,212,Lagoon,De los Ríos-Escalante et al. 2012a,,,,,
Arthropoda,Crustacea,Multicrustacea,Malacostraca,Eumalacostraca,Peracarida,Amphipoda,Senticaudata,Talitrida,Taliridira,Hyaloidea,Hyalellidae,"Hyalella simplex  Schellenberg, 1943",Laguna Redonda,-51.000,-73.000,212,Lagoon,De los Ríos-Escalante et al. 2012a,,,,,
Arthropoda,Crustacea,Multicrustacea,Malacostraca,Eumalacostraca,Peracarida,Amphipoda,Senticaudata,Talitrida,Taliridira,Hyaloidea,Hyalellidae,"Hyalella franciscae González & Watling, 2001",Laguna Melliza II,-51.050,-72.910,91,Lagoon,De los Ríos-Escalante et al. 2012a,,,,,
Arthropoda,Crustacea,Multicrustacea,Malacostraca,Eumalacostraca,Peracarida,Amphipoda,Senticaudata,Talitrida,Taliridira,Hyaloidea,Hyalellidae,"Hyalella patagonica (Cunningham, 1871)",Lago Sarmiento,-51.060,-72.750,75,Lake,De los Ríos-Escalante et al. 2012a,,,,,
Arthropoda,Crustacea,Multicrustacea,Malacostraca,Eumalacostraca,Peracarida,Amphipoda,Senticaudata,Talitrida,Taliridira,Hyaloidea,Hyalellidae,"Hyalella franciscae González & Watling, 2001",Lago Sarmiento,-51.070,-72.750,75,Lake,De los Ríos-Escalante et al. 2012a,,,,,
Arthropoda,Crustacea,Multicrustacea,Malacostraca,Eumalacostraca,Peracarida,Amphipoda,Senticaudata,Talitrida,Taliridira,Hyaloidea,Hyalellidae,"Hyalella simplex  Schellenberg, 1943",Laguna Monserrat,-51.120,-72.950,334,Lagoon,De los Ríos-Escalante et al. 2012a,,,,,
Arthropoda,Crustacea,Multicrustacea,Malacostraca,Eumalacostraca,Peracarida,Amphipoda,Senticaudata,Talitrida,Taliridira,Hyaloidea,Hyalellidae,"Hyalella simplex  Schellenberg, 1943",Puerto Natales,-51.700,-72.450,58,Ephemeral pools,De los Ríos-Escalante et al. 2012a,,,,,
Arthropoda,Crustacea,Multicrustacea,Malacostraca,Eumalacostraca,Peracarida,Amphipoda,Senticaudata,Talitrida,Taliridira,Hyaloidea,Hyalellidae,"Hyalella patagonica (Cunningham, 1871)",Puerto Natales,-51.970,-72.450,58,Ephemeral pools,De los Ríos-Escalante et al. 2012a,,,,,
Arthropoda,Crustacea,Multicrustacea,Malacostraca,Eumalacostraca,Peracarida,Amphipoda,Senticaudata,Talitrida,Taliridira,Hyaloidea,Hyalellidae,"Hyalella patagonica (Cunningham, 1871)",Arroyo de la Piedra,-52.200,-74.760,NA,Stream,De los Ríos-Escalante et al. 2012a,,,,,
Arthropoda,Crustacea,Multicrustacea,Malacostraca,Eumalacostraca,Peracarida,Amphipoda,Senticaudata,Talitrida,Taliridira,Hyaloidea,Hyalellidae,"Hyalella simplex  Schellenberg, 1943",Punta Delgada,-52.250,-69.750,12,Stream,De los Ríos-Escalante et al. 2012a,,,,,
Arthropoda,Crustacea,Multicrustacea,Malacostraca,Eumalacostraca,Peracarida,Amphipoda,Senticaudata,Talitrida,Taliridira,Hyaloidea,Hyalellidae,"Hyalella patagonica (Cunningham, 1871)",Río Seco,-53.080,-70.860,42,Ephemeral pools,De los Ríos-Escalante et al. 2012a,,,,,
Arthropoda,Crustacea,Multicrustacea,Malacostraca,Eumalacostraca,Peracarida,Amphipoda,Senticaudata,Talitrida,Taliridira,Hyaloidea,Hyalellidae,"Hyalella simplex  Schellenberg, 1943",Río Seco,-53.100,-70.860,42,Ephemeral pools,De los Ríos-Escalante et al. 2012a,,,,,
Arthropoda,Crustacea,Multicrustacea,Malacostraca,Eumalacostraca,Peracarida,Amphipoda,Senticaudata,Talitrida,Taliridira,Hyaloidea,Hyalellidae,"Hyalella franciscae González & Watling, 2001",Humedal de Tres Puentes,-53.100,-70.860,4,Wetland,De los Ríos-Escalante et al. 2012a,,,,,
Arthropoda,Crustacea,Multicrustacea,Malacostraca,Eumalacostraca,Peracarida,Amphipoda,Senticaudata,Talitrida,Taliridira,Hyaloidea,Hyalellidae,"Hyalella patagonica (Cunningham, 1871)",Humedal de Tres Puentes,-53.120,-70.860,4,Wetland,De los Ríos-Escalante et al. 2012a,,,,,
Arthropoda,Crustacea,Multicrustacea,Malacostraca,Eumalacostraca,Peracarida,Amphipoda,Senticaudata,Talitrida,Taliridira,Hyaloidea,Hyalellidae,"Hyalella simplex  Schellenberg, 1943",Humedal de Tres Puentes,-53.120,-70.860,4,Wetland,De los Ríos-Escalante et al. 2012a,,,,,
Arthropoda,Crustacea,Multicrustacea,Malacostraca,Eumalacostraca,Peracarida,Amphipoda,Senticaudata,Talitrida,Taliridira,Hyaloidea,Hyalellidae,"Hyalella patagonica (Cunningham, 1871)",Río De las Minas,-53.150,-70.900,15,River,De los Ríos-Escalante et al. 2012a,,,,,
Arthropoda,Crustacea,Multicrustacea,Malacostraca,Eumalacostraca,Peracarida,Amphipoda,Senticaudata,Talitrida,Taliridira,Hyaloidea,Hyalellidae,"Hyalella patagonica (Cunningham, 1871)",Reserva Nacional Magallanes,-53.150,-70.950,167,Ephemeral pools,De los Ríos-Escalante et al. 2012a,,,,,
Arthropoda,Crustacea,Multicrustacea,Malacostraca,Eumalacostraca,Peracarida,Amphipoda,Senticaudata,Talitrida,Taliridira,Hyaloidea,Hyalellidae,"Hyalella patagonica (Cunningham, 1871)",Reserva Nacional Magallanes,-53.150,-70.950,73,Ephemeral pools,De los Ríos-Escalante et al. 2012a,,,,,
Arthropoda,Crustacea,Multicrustacea,Malacostraca,Eumalacostraca,Peracarida,Amphipoda,Senticaudata,Talitrida,Taliridira,Hyaloidea,Hyalellidae,"Hyalella patagonica (Cunningham, 1871)",Río de los ciervos,-53.170,-70.930,15,River,De los Ríos-Escalante et al. 2012a,,,,,
Arthropoda,Crustacea,Multicrustacea,Malacostraca,Eumalacostraca,Peracarida,Amphipoda,Senticaudata,Talitrida,Taliridira,Hyaloidea,Hyalellidae,"Hyalella simplex  Schellenberg, 1943",Punta Arenas,-53.170,-70.930,15,River,De los Ríos-Escalante et al. 2012a,,,,,
Arthropoda,Crustacea,Multicrustacea,Malacostraca,Eumalacostraca,Peracarida,Amphipoda,Senticaudata,Talitrida,Taliridira,Hyaloidea,Hyalellidae,"Hyalella patagonica (Cunningham, 1871)",Lago de los Ciervos,-53.180,-70.310,15,Lagoon,De los Ríos-Escalante et al. 2012a,,,,,
Arthropoda,Crustacea,Multicrustacea,Malacostraca,Eumalacostraca,Peracarida,Amphipoda,Senticaudata,Talitrida,Taliridira,Hyaloidea,Hyalellidae,"Hyalella curvispina Shoemaker, 1942",Punta Arenas,-53.180,-70.930,15,Lagoon,De los Ríos-Escalante et al. 2012a,,,,,
Arthropoda,Crustacea,Multicrustacea,Malacostraca,Eumalacostraca,Peracarida,Amphipoda,Senticaudata,Talitrida,Taliridira,Hyaloidea,Hyalellidae,"Hyalella franciscae González & Watling, 2001",Porvenir,-53.280,-70.310,39,Ephemeral pools,De los Ríos-Escalante et al. 2012a,,,,,
Arthropoda,Crustacea,Multicrustacea,Malacostraca,Eumalacostraca,Peracarida,Amphipoda,Senticaudata,Talitrida,Taliridira,Hyaloidea,Hyalellidae,"Hyalella simplex  Schellenberg, 1943",Porvenir,-53.280,-70.310,39,Ephemeral pools,De los Ríos-Escalante et al. 2012a,,,,,
Arthropoda,Crustacea,Multicrustacea,Malacostraca,Eumalacostraca,Peracarida,Amphipoda,Senticaudata,Talitrida,Taliridira,Hyaloidea,Hyalellidae,"Hyalella franciscae González & Watling, 2001",Laguna Larga,-53.330,-69.000,67,Lagoon,De los Ríos-Escalante et al. 2012a,,,,,
Arthropoda,Crustacea,Multicrustacea,Malacostraca,Eumalacostraca,Peracarida,Amphipoda,Senticaudata,Talitrida,Taliridira,Hyaloidea,Hyalellidae,"Hyalella simplex  Schellenberg, 1943",Laguna Larga,-53.330,-69.000,67,Lagoon,De los Ríos-Escalante et al. 2012a,,,,,
Arthropoda,Crustacea,Multicrustacea,Malacostraca,Eumalacostraca,Peracarida,Amphipoda,Senticaudata,Talitrida,Taliridira,Hyaloidea,Hyalellidae,"Hyalella simplex  Schellenberg, 1943",Laguna Parrillar,-53.400,-71.250,291,Lagoon,"Gonzalez, 2003",,,,,
Arthropoda,Crustacea,Multicrustacea,Malacostraca,Eumalacostraca,Peracarida,Amphipoda,Senticaudata,Talitrida,Taliridira,Hyaloidea,Hyalellidae,"Hyalella patagonica (Cunningham, 1871)",Península Brunswick,-53.500,-71.410,291,Ephemeral pools,"Gonzalez, 2003",,,,,
Arthropoda,Crustacea,Multicrustacea,Malacostraca,Eumalacostraca,Peracarida,Amphipoda,Senticaudata,Talitrida,Taliridira,Hyaloidea,Hyalellidae,"Hyalella patagonica (Cunningham, 1871)",Lago Deseado,-54.370,-68.660,169,Lake,"Gonzalez, 2003",,,,,
Arthropoda,Crustacea,Multicrustacea,Malacostraca,Eumalacostraca,Peracarida,Amphipoda,Senticaudata,Talitrida,Taliridira,Hyaloidea,Hyalellidae,"Hyalella patagonica (Cunningham, 1871)",Río Azopardo,-54.470,-68.960,30,River,"Gonzalez, 2003",,,,,
Arthropoda,Crustacea,Multicrustacea,Malacostraca,Eumalacostraca,Peracarida,Amphipoda,Senticaudata,Talitrida,Taliridira,Hyaloidea,Hyalellidae,"Hyalella simplex  Schellenberg, 1943",Río Róbalo III,-54.930,-67.550,14,River,"Gonzalez, 2003",,,,,
Arthropoda,Crustacea,Multicrustacea,Malacostraca,Eumalacostraca,Peracarida,Amphipoda,Senticaudata,Talitrida,Taliridira,Hyaloidea,Hyalellidae,"Hyalella patagonica (Cunningham, 1871)",Arroyo casa vieja,-54.930,-67.650,0,Stream,"De los Ríos-Escalante et al., 2011",,,,,
Arthropoda,Crustacea,Multicrustacea,Malacostraca,Eumalacostraca,Peracarida,Amphipoda,Senticaudata,Talitrida,Taliridira,Hyaloidea,Hyalellidae,"Hyalella patagonica (Cunningham, 1871)",Turbera cerca de río Róbalo,-54.930,-67.610,1,Ephemeral pools,"De los Ríos-Escalante et al., 2011",,,,,
Arthropoda,Crustacea,Multicrustacea,Malacostraca,Eumalacostraca,Peracarida,Amphipoda,Senticaudata,Talitrida,Taliridira,Hyaloidea,Hyalellidae,"Hyalella patagonica (Cunningham, 1871)",Turbera 1 ,-54.930,-67.550,22,Ephemeral pools,"De los Ríos-Escalante et al., 2011",,,,,
Arthropoda,Crustacea,Multicrustacea,Malacostraca,Eumalacostraca,Peracarida,Amphipoda,Senticaudata,Talitrida,Taliridira,Hyaloidea,Hyalellidae,"Hyalella patagonica (Cunningham, 1871)",Turbera 2,-54.930,-67.550,22,Ephemeral pools,"De los Ríos-Escalante et al., 2011",,,,,
Arthropoda,Crustacea,Multicrustacea,Malacostraca,Eumalacostraca,Peracarida,Amphipoda,Senticaudata,Talitrida,Taliridira,Hyaloidea,Hyalellidae,"Hyalella franciscae González & Watling, 2001",Estuario cerca de río Róbalo,-54.930,-67.650,5,River,"De los Ríos-Escalante et al., 2011",,,,,
Arthropoda,Crustacea,Multicrustacea,Malacostraca,Eumalacostraca,Peracarida,Amphipoda,Senticaudata,Talitrida,Taliridira,Hyaloidea,Hyalellidae,"Hyalella franciscae González & Watling, 2001",Laguna cercana a río Róbalo,-54.930,-67.650,5,Lagoon,"De los Ríos-Escalante et al., 2011",,,,,
Arthropoda,Crustacea,Multicrustacea,Malacostraca,Eumalacostraca,Peracarida,Amphipoda,Senticaudata,Talitrida,Taliridira,Hyaloidea,Hyalellidae,"Hyalella patagonica (Cunningham, 1871)",Estuario cerca de río Róbalo,-54.930,-67.650,5,River,"De los Ríos-Escalante et al., 2011",,,,,
Arthropoda,Crustacea,Multicrustacea,Malacostraca,Eumalacostraca,Peracarida,Amphipoda,Senticaudata,Talitrida,Taliridira,Hyaloidea,Hyalellidae,"Hyalella patagonica (Cunningham, 1871)",Laguna cercana a río Róbalo,-54.930,-67.650,5,Lagoon,"De los Ríos-Escalante et al., 2011",,,,,
Arthropoda,Crustacea,Multicrustacea,Malacostraca,Eumalacostraca,Peracarida,Amphipoda,Senticaudata,Talitrida,Taliridira,Hyaloidea,Hyalellidae,"Hyalella patagonica (Cunningham, 1871)",Arroyo los Bronces,-54.930,-67.700,0,Stream,"De los Ríos-Escalante et al., 2011",,,,,
Arthropoda,Crustacea,Multicrustacea,Malacostraca,Eumalacostraca,Peracarida,Amphipoda,Senticaudata,Talitrida,Taliridira,Hyaloidea,Hyalellidae,"Hyalella franciscae González & Watling, 2001",Rio Róbalo I,-54.980,-67.550,14,River,"De los Ríos-Escalante et al., 2011",,,,,
Arthropoda,Crustacea,Multicrustacea,Malacostraca,Eumalacostraca,Peracarida,Amphipoda,Senticaudata,Talitrida,Taliridira,Hyaloidea,Hyalellidae,"Hyalella franciscae González & Watling, 2001",Río Róbalo II,-54.980,-67.510,6,River,"De los Ríos-Escalante et al., 2011",,,,,
Arthropoda,Crustacea,Multicrustacea,Malacostraca,Eumalacostraca,Peracarida,Amphipoda,Senticaudata,Talitrida,Taliridira,Hyaloidea,Hyalellidae,"Hyalella patagonica (Cunningham, 1871)",Río Róbalo I,-54.980,-67.700,478,River,"De los Ríos-Escalante et al., 2011",,,,,
Arthropoda,Crustacea,Multicrustacea,Malacostraca,Eumalacostraca,Peracarida,Amphipoda,Senticaudata,Talitrida,Taliridira,Hyaloidea,Hyalellidae,"Hyalella patagonica (Cunningham, 1871)",Río Róbalo II,-54.980,-67.510,471,River,"De los Ríos-Escalante et al., 2011",,,,,
Arthropoda,Crustacea,Multicrustacea,Malacostraca,Eumalacostraca,Peracarida,Amphipoda,Senticaudata,Talitrida,Taliridira,Hyaloidea,Hyalellidae,"Hyalella simplex  Schellenberg, 1943",Rio Róbalo I,-54.980,-67.700,6,River,"De los Ríos-Escalante et al., 2011",,,,,
Arthropoda,Crustacea,Multicrustacea,Malacostraca,Eumalacostraca,Peracarida,Amphipoda,Senticaudata,Talitrida,Taliridira,Hyaloidea,Hyalellidae,"Hyalella simplex  Schellenberg, 1943",Río Róbalo II,-54.980,-67.510,1,River,"De los Ríos-Escalante et al., 2011",,,,,
Arthropoda,Crustacea,Multicrustacea,Malacostraca,Eumalacostraca,Peracarida,Amphipoda,Senticaudata,Talitrida,Taliridira,Hyaloidea,Hyalellidae,"Hyalella patagonica (Cunningham, 1871)",Isla Picton,-55.050,-66.910,1,NA,"Gonzalez, 2003",,,,,
Arthropoda,Crustacea,Multicrustacea,Malacostraca,Eumalacostraca,Peracarida,Isopoda,Asellota,,,Janiroidea,Janiriidae,"Heterias exul (Müller, 1892)",Petrenco,-38.750,-72.550,120,Wetland,"Correa-Araneda et al., 2017",,,,,
Arthropoda,Crustacea,Multicrustacea,Malacostraca,Eumalacostraca,Peracarida,Isopoda,Asellota,,,Janiroidea,Janiriidae,"Heterias exul (Müller, 1892)",Quepe,-38.830,-72.630,90,Wetland,"Correa-Araneda et al., 2017",,,,,
Arthropoda,Crustacea,Multicrustacea,Malacostraca,Eumalacostraca,Peracarida,Isopoda,Asellota,,,Janiroidea,Janiriidae,"Heterias exul (Müller, 1892)",Nohualhue,-38.700,-72.800,150,Wetland,"Correa-Araneda et al., 2017",,,,,
Arthropoda,Crustacea,Multicrustacea,Malacostraca,Eumalacostraca,Peracarida,Isopoda,Asellota,,,Janiroidea,Janiriidae,"Heterias exul (Müller, 1892)",Vergel,-38.740,-72.580,110,Wetland,"Correa-Araneda et al., 2017",,,,,
Arthropoda,Crustacea,Multicrustacea,Malacostraca,Eumalacostraca,Peracarida,Isopoda,Asellota,,,Janiroidea,Janiriidae,"Heterias exul (Müller, 1892)",Pumalal,-38.720,-72.500,130,Wetland,"Correa-Araneda et al., 2017",,,,,
Arthropoda,Crustacea,Multicrustacea,Malacostraca,Eumalacostraca,Peracarida,Isopoda,Asellota,,,Janiroidea,Janiriidae,"Heterias exul (Müller, 1892)",Calafquen lake,-39.500,-72.167,209,Lake,"Bowman et al ., 1987",,,,,
Arthropoda,Crustacea,Multicrustacea,Malacostraca,Eumalacostraca,Peracarida,Isopoda,Asellota,,,Janiroidea,Janiriidae,"Heterias exul (Müller, 1892)",Panguipulli lake,-39.830,-72.250,130,Lake,"Bowman et al ., 1987",,,,,
Arthropoda,Crustacea,Multicrustacea,Malacostraca,Eumalacostraca,Peracarida,Isopoda,Asellota,,,Janiroidea,Janiriidae,"Heterias exul (Müller, 1892)",Riñihue lake,-39.817,-72.317,117,Lake,"Bowman et al ., 1987",,,,,
Arthropoda,Crustacea,Multicrustacea,Malacostraca,Eumalacostraca,Peracarida,Isopoda,Asellota,,,Janiroidea,Janiriidae,"Heterias exul (Müller, 1892)",Ranco lake,-39.500,-72.167,209,Lake,"Bowman et al ., 1987",,,,,
Arthropoda,Crustacea,Multicrustacea,Malacostraca,Eumalacostraca,Peracarida,Isopoda,Asellota,,,Janiroidea,Janiriidae,"Heterias exul (Müller, 1892)",Puyehue lake,-40.650,-72.500,141,Lake,"Bowman et al ., 1987",,,,,
Arthropoda,Crustacea,Multicrustacea,Malacostraca,Eumalacostraca,Peracarida,Isopoda,Asellota,,,Janiroidea,Janiriidae,"Heterias exul (Müller, 1892)",Rupanco lake,-41.117,-72.833,70,Lake,"Bowman et al ., 1987",,,,,
Arthropoda,Crustacea,Multicrustacea,Malacostraca,Eumalacostraca,Peracarida,Isopoda,Asellota,,,Janiroidea,Janiriidae,"Heterias exul (Müller, 1892)",Llanquihue lake,-41.117,-72.833,70,Lake,"Bowman et al ., 1987",,,,,
Arthropoda,Crustacea,Multicrustacea,Malacostraca,Eumalacostraca,Peracarida,Isopoda,Asellota,,,Janiroidea,Janiriidae,"Heterias exul (Müller, 1892)",Todos los Santos lake,-41.100,-72.250,189,Lake,"Bowman et al ., 1987",,,,,
Arthropoda,Crustacea,Multicrustacea,Malacostraca,Eumalacostraca,Eucarida,Decapoda,Pleocyemata,Caridea,,Paleomonoidea,Paleomonidae,"Macrobrachium caementarius (Molina, 1782)",Lluta river,-18.420,-70.120,50,River,"Bahamonde & Vila, 1971",,,,,
Arthropoda,Crustacea,Multicrustacea,Malacostraca,Eumalacostraca,Eucarida,Decapoda,Pleocyemata,Caridea,,Paleomonoidea,Paleomonidae,"Macrobrachium caementarius (Molina, 1782)",Camarones river,-19.020,-69.870,120,River,"Bahamonde & Vila, 1971",,,,,
Arthropoda,Crustacea,Multicrustacea,Malacostraca,Eumalacostraca,Eucarida,Decapoda,Pleocyemata,Caridea,,Paleomonoidea,Paleomonidae,"Macrobrachium caementarius (Molina, 1782)",Loa river -Sloman reservoir,-22.480,-69.620,650,Reservoir,"Bahamonde & Vila, 1971",,,,,
Arthropoda,Crustacea,Multicrustacea,Malacostraca,Eumalacostraca,Eucarida,Decapoda,Pleocyemata,Caridea,,Paleomonoidea,Paleomonidae,"Macrobrachium caementarius (Molina, 1782)",Loa river - Estuary,-21.450,-70.050,5,Estuary,"Bahamonde & Vila, 1971",,,,,
Arthropoda,Crustacea,Multicrustacea,Malacostraca,Eumalacostraca,Eucarida,Decapoda,Pleocyemata,Caridea,,Paleomonoidea,Paleomonidae,"Macrobrachium caementarius (Molina, 1782)",Copiapo river - medium zone,-27.370,-70.330,390,River,"Bahamonde & Vila, 1971",,,,,
Arthropoda,Crustacea,Multicrustacea,Malacostraca,Eumalacostraca,Eucarida,Decapoda,Pleocyemata,Caridea,,Paleomonoidea,Paleomonidae,"Macrobrachium caementarius (Molina, 1782)",Copiapo river - lower zone,-27.300,-70.950,50,River,"Bahamonde & Vila, 1971",,,,,
Arthropoda,Crustacea,Multicrustacea,Malacostraca,Eumalacostraca,Eucarida,Decapoda,Pleocyemata,Caridea,,Paleomonoidea,Paleomonidae,"Macrobrachium caementarius (Molina, 1782)",Huasco river - Vallenar,-28.570,-70.760,470,River,"Bahamonde & Vila, 1971",,,,,
Arthropoda,Crustacea,Multicrustacea,Malacostraca,Eumalacostraca,Eucarida,Decapoda,Pleocyemata,Caridea,,Paleomonoidea,Paleomonidae,"Macrobrachium caementarius (Molina, 1782)",Huasco river - Alto del Carmen,-28.760,-70.480,1200,River,"Bahamonde & Vila, 1971",,,,,
Arthropoda,Crustacea,Multicrustacea,Malacostraca,Eumalacostraca,Eucarida,Decapoda,Pleocyemata,Caridea,,Paleomonoidea,Paleomonidae,"Macrobrachium caementarius (Molina, 1782)",Elqui river,-29.900,-70.750,200,River,"Bahamonde & Vila, 1971",,,,,
Arthropoda,Crustacea,Multicrustacea,Malacostraca,Eumalacostraca,Eucarida,Decapoda,Pleocyemata,Caridea,,Paleomonoidea,Paleomonidae,"Macrobrachium caementarius (Molina, 1782)",La Serena,-29.900,-71.250,30,Wetland,"Bahamonde & Vila, 1971",,,,,
Arthropoda,Crustacea,Multicrustacea,Malacostraca,Eumalacostraca,Eucarida,Decapoda,Pleocyemata,Caridea,,Paleomonoidea,Paleomonidae,"Macrobrachium caementarius (Molina, 1782)",Coquimbo river,-29.950,-71.340,20,River,"Bahamonde & Vila, 1971",,,,,
Arthropoda,Crustacea,Multicrustacea,Malacostraca,Eumalacostraca,Eucarida,Decapoda,Pleocyemata,Caridea,,Paleomonoidea,Paleomonidae,"Macrobrachium caementarius (Molina, 1782)",El Culebron stream,-29.970,-71.320,40,Stream,"Bahamonde & Vila, 1971",,,,,
Arthropoda,Crustacea,Multicrustacea,Malacostraca,Eumalacostraca,Eucarida,Decapoda,Pleocyemata,Caridea,,Paleomonoidea,Paleomonidae,"Macrobrachium caementarius (Molina, 1782)",Limari river - medium zone,-30.700,-71.250,250,River,"Bahamonde & Vila, 1971",,,,,
Arthropoda,Crustacea,Multicrustacea,Malacostraca,Eumalacostraca,Eucarida,Decapoda,Pleocyemata,Caridea,,Paleomonoidea,Paleomonidae,"Macrobrachium caementarius (Molina, 1782)",Limari river - low zone,-30.730,-71.680,30,River,"Bahamonde & Vila, 1971",,,,,
Arthropoda,Crustacea,Multicrustacea,Malacostraca,Eumalacostraca,Eucarida,Decapoda,Pleocyemata,Caridea,,Paleomonoidea,Paleomonidae,"Macrobrachium caementarius (Molina, 1782)",Choapa river - medium zone,-31.630,-70.970,300,River,"Bahamonde & Vila, 1971",,,,,
Arthropoda,Crustacea,Multicrustacea,Malacostraca,Eumalacostraca,Eucarida,Decapoda,Pleocyemata,Caridea,,Paleomonoidea,Paleomonidae,"Macrobrachium caementarius (Molina, 1782)",Choapa river - low zone,-31.610,-71.650,50,River,"Bahamonde & Vila, 1971",,,,,
Arthropoda,Crustacea,Multicrustacea,Malacostraca,Eumalacostraca,Eucarida,Decapoda,Pleocyemata,Caridea,,Paleomonoidea,Paleomonidae,"Macrobrachium caementarius (Molina, 1782)",La ligua river - La ligua,-32.450,-71.230,140,River,"Bahamonde & Vila, 1971",,,,,
Arthropoda,Crustacea,Multicrustacea,Malacostraca,Eumalacostraca,Eucarida,Decapoda,Pleocyemata,Caridea,,Paleomonoidea,Paleomonidae,"Macrobrachium caementarius (Molina, 1782)",La ligua river - Placilla,-32.370,-71.100,80,River,"Bahamonde & Vila, 1971",,,,,
Arthropoda,Crustacea,Multicrustacea,Malacostraca,Eumalacostraca,Eucarida,Decapoda,Pleocyemata,Caridea,,Paleomonoidea,Paleomonidae,"Macrobrachium caementarius (Molina, 1782)",Aconcagua river - Pte Colmo,-32.930,-71.520,20,River,"Bahamonde & Vila, 1971",,,,,
Arthropoda,Crustacea,Multicrustacea,Malacostraca,Eumalacostraca,Eucarida,Decapoda,Pleocyemata,Caridea,,Paleomonoidea,Paleomonidae,"Macrobrachium caementarius (Molina, 1782)",Aconcagua river - Tabolango,-32.880,-71.280,150,River,"Bahamonde & Vila, 1971",,,,,
Arthropoda,Crustacea,Multicrustacea,Malacostraca,Eumalacostraca,Eucarida,Decapoda,Pleocyemata,Anomura,,Aegloidea,Aeglidae,"Aegla abtao Schmitt, 1942a",Alerce (formerly Abtao),-41.630,-72.730,10,River,"Schmitt, 1942a",,,,,
Arthropoda,Crustacea,Multicrustacea,Malacostraca,Eumalacostraca,Eucarida,Decapoda,Pleocyemata,Anomura,,Aegloidea,Aeglidae,"Aegla abtao Schmitt, 1942a",Ranco lake,-40.333,-72.240,209,Lake,Amin et al 2023,,,,,
Arthropoda,Crustacea,Multicrustacea,Malacostraca,Eumalacostraca,Eucarida,Decapoda,Pleocyemata,Anomura,,Aegloidea,Aeglidae,"Aegla abtao Schmitt, 1942a",Collilelfu river,-40.045,-72.097,NA,River,Barria et al 2014,,,,,
Arthropoda,Crustacea,Multicrustacea,Malacostraca,Eumalacostraca,Eucarida,Decapoda,Pleocyemata,Anomura,,Aegloidea,Aeglidae,"Aegla abtao Schmitt, 1942a",Llollelhue river - La Unión,-40.290,-73.080,NA,River,"Bahamonde & Lopez, 1963",,,,,
Arthropoda,Crustacea,Multicrustacea,Malacostraca,Eumalacostraca,Eucarida,Decapoda,Pleocyemata,Anomura,,Aegloidea,Aeglidae,"Aegla abtao Schmitt, 1942a",Cocule lagoon - La Union,-40.320,-73.120,NA,Lake,"Bahamonde & Lopez, 1963",,,,,
Arthropoda,Crustacea,Multicrustacea,Malacostraca,Eumalacostraca,Eucarida,Decapoda,Pleocyemata,Anomura,,Aegloidea,Aeglidae,"Aegla abtao Schmitt, 1942a",Llanquihue lake,-41.117,-72.833,70,Lake,"Schmitt, 1942b",,,,,
Arthropoda,Crustacea,Multicrustacea,Malacostraca,Eumalacostraca,Eucarida,Decapoda,Pleocyemata,Anomura,,Aegloidea,Aeglidae,"Aegla abtao Schmitt, 1942a",Petrohué,-41.130,-72.400,20,River,"Haig, 1954",,,,,
Arthropoda,Crustacea,Multicrustacea,Malacostraca,Eumalacostraca,Eucarida,Decapoda,Pleocyemata,Anomura,,Aegloidea,Aeglidae,"Aegla abtao Schmitt, 1942a",Chepu - Chiloe island,-42.040,-73.990,5,Wetland,"Bahamonde & Lopez, 1963",,,,,
Arthropoda,Crustacea,Multicrustacea,Malacostraca,Eumalacostraca,Eucarida,Decapoda,Pleocyemata,Anomura,,Aegloidea,Aeglidae,"Aegla abtao Schmitt, 1942a",Puntra - Chiloé island,-41.830,-73.850,5,Wetland,"Bahamonde & Lopez, 1963",,,,,
Arthropoda,Crustacea,Multicrustacea,Malacostraca,Eumalacostraca,Eucarida,Decapoda,Pleocyemata,Anomura,,Aegloidea,Aeglidae,"Aegla abtao Schmitt, 1942a",Cucao lake,-42.633,-74.667,10,Lake,"Bahamonde & Lopez, 1963",,,,,
Arthropoda,Crustacea,Multicrustacea,Malacostraca,Eumalacostraca,Eucarida,Decapoda,Pleocyemata,Anomura,,Aegloidea,Aeglidae,"Aegla affinis Schmitt, 1942b",Maule lagoon,-36.030,-70.500,2160,Lagoon,"Bahamonde & Lopez, 1963",,,,,
,,,Malacostraca,Eumalacostraca,Eucarida,Decapoda,Pleocyemata,Anomura,,Aegloidea,Aeglidae,"Aegla affinis Schmitt, 1942b",Maule lagoon,-36.030,-70.500,2160,Lagoon,Barria et al 2014,,,,,
Arthropoda,Crustacea,Multicrustacea,Malacostraca,Eumalacostraca,Eucarida,Decapoda,Pleocyemata,Anomura,,Aegloidea,Aeglidae,"Aegla affinis Schmitt, 1942b",Claro river - Panamerican way,-35.430,-71.670,90,River,"De los Ríos-Escalante et al., 2023",,,,,
Arthropoda,Crustacea,Multicrustacea,Malacostraca,Eumalacostraca,Eucarida,Decapoda,Pleocyemata,Anomura,,Aegloidea,Aeglidae,"Aegla alacalufi Jara & López, 1981",Puerto Henry stream,-50.010,-75.180,5,Stream,"Jara & López, 1981",,,,,
Arthropoda,Crustacea,Multicrustacea,Malacostraca,Eumalacostraca,Eucarida,Decapoda,Pleocyemata,Anomura,,Aegloidea,Aeglidae,"Aegla alacalufi Jara & López, 1981",Cochamo bridge,-41.495,-71.261,9,River,"Oyanadel et al., 2011",,,,,
Arthropoda,Crustacea,Multicrustacea,Malacostraca,Eumalacostraca,Eucarida,Decapoda,Pleocyemata,Anomura,,Aegloidea,Aeglidae,"Aegla alacalufi Jara & López, 1981",Puelo bridge,-41.647,-72.293,8,River,"Oyanadel et al., 2011",,,,,
Arthropoda,Crustacea,Multicrustacea,Malacostraca,Eumalacostraca,Eucarida,Decapoda,Pleocyemata,Anomura,,Aegloidea,Aeglidae,"Aegla alacalufi Jara & López, 1981",Las Huachas,-41.029,-73.880,64,River,"Oyanadel et al., 2011",,,,,
Arthropoda,Crustacea,Multicrustacea,Malacostraca,Eumalacostraca,Eucarida,Decapoda,Pleocyemata,Anomura,,Aegloidea,Aeglidae,"Aegla alacalufi Jara & López, 1981",Carihueico,-42.351,-73.928,461,River,"Oyanadel et al., 2011",,,,,
Arthropoda,Crustacea,Multicrustacea,Malacostraca,Eumalacostraca,Eucarida,Decapoda,Pleocyemata,Anomura,,Aegloidea,Aeglidae,"Aegla alacalufi Jara & López, 1981",Puchagran bridge,-42.383,-73.828,165,River,"Oyanadel et al., 2011",,,,,
Arthropoda,Crustacea,Multicrustacea,Malacostraca,Eumalacostraca,Eucarida,Decapoda,Pleocyemata,Anomura,,Aegloidea,Aeglidae,"Aegla alacalufi Jara & López, 1981",Alcadeo bridge,-42.549,-73.831,137,River,"Oyanadel et al., 2011",,,,,
Arthropoda,Crustacea,Multicrustacea,Malacostraca,Eumalacostraca,Eucarida,Decapoda,Pleocyemata,Anomura,,Aegloidea,Aeglidae,"Aegla alacalufi Jara & López, 1981",Dongo Alto,-42.558,-73.850,91,River,"Oyanadel et al., 2011",,,,,
Arthropoda,Crustacea,Multicrustacea,Malacostraca,Eumalacostraca,Eucarida,Decapoda,Pleocyemata,Anomura,,Aegloidea,Aeglidae,"Aegla alacalufi Jara & López, 1981",Molulca bridge,-42.825,-73.780,93,River,"Oyanadel et al., 2011",,,,,
Arthropoda,Crustacea,Multicrustacea,Malacostraca,Eumalacostraca,Eucarida,Decapoda,Pleocyemata,Anomura,,Aegloidea,Aeglidae,"Aegla alacalufi Jara & López, 1981",Chadmo river,-42.941,-73.669,30,River,"Oyanadel et al., 2011",,,,,
Arthropoda,Crustacea,Multicrustacea,Malacostraca,Eumalacostraca,Eucarida,Decapoda,Pleocyemata,Anomura,,Aegloidea,Aeglidae,"Aegla alacalufi Jara & López, 1981",San Antonio,-42.034,-73.643,30,River,"Oyanadel et al., 2011",,,,,
Arthropoda,Crustacea,Multicrustacea,Malacostraca,Eumalacostraca,Eucarida,Decapoda,Pleocyemata,Anomura,,Aegloidea,Aeglidae,"Aegla alacalufi Jara & López, 1981",Santa Barbara - tributary,-42.852,-72.795,19,River,"Oyanadel et al., 2011",,,,,
Arthropoda,Crustacea,Multicrustacea,Malacostraca,Eumalacostraca,Eucarida,Decapoda,Pleocyemata,Anomura,,Aegloidea,Aeglidae,"Aegla alacalufi Jara & López, 1981",Santa Barbara  - bridge,-42.855,-72.944,18,River,"Oyanadel et al., 2011",,,,,
Arthropoda,Crustacea,Multicrustacea,Malacostraca,Eumalacostraca,Eucarida,Decapoda,Pleocyemata,Anomura,,Aegloidea,Aeglidae,"Aegla alacalufi Jara & López, 1981",Amarillo,-42.997,-72.443,260,River,"Oyanadel et al., 2011",,,,,
Arthropoda,Crustacea,Multicrustacea,Malacostraca,Eumalacostraca,Eucarida,Decapoda,Pleocyemata,Anomura,,Aegloidea,Aeglidae,"Aegla alacalufi Jara & López, 1981",Yelcho river,-43.279,-72.420,157,River,"Oyanadel et al., 2011",,,,,
Arthropoda,Crustacea,Multicrustacea,Malacostraca,Eumalacostraca,Eucarida,Decapoda,Pleocyemata,Anomura,,Aegloidea,Aeglidae,"Aegla alacalufi Jara & López, 1981",Palena river,-43.882,-72.934,31,River,"Oyanadel et al., 2011",,,,,
Arthropoda,Crustacea,Multicrustacea,Malacostraca,Eumalacostraca,Eucarida,Decapoda,Pleocyemata,Anomura,,Aegloidea,Aeglidae,"Aegla alacalufi Jara & López, 1981",Melimoyu river,-43.981,-72.780,71,River,"Oyanadel et al., 2011",,,,,
Arthropoda,Crustacea,Multicrustacea,Malacostraca,Eumalacostraca,Eucarida,Decapoda,Pleocyemata,Anomura,,Aegloidea,Aeglidae,"Aegla alacalufi Jara & López, 1981",Rosselot river,-43.990,-72.320,70,River,"Oyanadel et al., 2011",,,,,
Arthropoda,Crustacea,Multicrustacea,Malacostraca,Eumalacostraca,Eucarida,Decapoda,Pleocyemata,Anomura,,Aegloidea,Aeglidae,"Aegla alacalufi Jara & López, 1981",Quinto river,-43.996,-72.229,154,River,"Oyanadel et al., 2011",,,,,
Arthropoda,Crustacea,Multicrustacea,Malacostraca,Eumalacostraca,Eucarida,Decapoda,Pleocyemata,Anomura,,Aegloidea,Aeglidae,"Aegla alacalufi Jara & López, 1981",Palena tributary,-44.004,-72.672,32,River,"Oyanadel et al., 2011",,,,,
Arthropoda,Crustacea,Multicrustacea,Malacostraca,Eumalacostraca,Eucarida,Decapoda,Pleocyemata,Anomura,,Aegloidea,Aeglidae,"Aegla alacalufi Jara & López, 1981",Figueroa river,-44.079,-72.189,116,River,"Oyanadel et al., 2011",,,,,
Arthropoda,Crustacea,Multicrustacea,Malacostraca,Eumalacostraca,Eucarida,Decapoda,Pleocyemata,Anomura,,Aegloidea,Aeglidae,"Aegla alacalufi Jara & López, 1981",El Salto,-45.443,-72.785,3,River,"Oyanadel et al., 2011",,,,,
Arthropoda,Crustacea,Multicrustacea,Malacostraca,Eumalacostraca,Eucarida,Decapoda,Pleocyemata,Anomura,,Aegloidea,Aeglidae,"Aegla alacalufi Jara & López, 1981",Riesco river,-45.499,-75.093,20,River,"Oyanadel et al., 2011",,,,,
Arthropoda,Crustacea,Multicrustacea,Malacostraca,Eumalacostraca,Eucarida,Decapoda,Pleocyemata,Anomura,,Aegloidea,Aeglidae,"Aegla alacalufi Jara & López, 1981",San Martin river,-44.813,-75.076,15,River,"Oyanadel et al., 2011",,,,,
Arthropoda,Crustacea,Multicrustacea,Malacostraca,Eumalacostraca,Eucarida,Decapoda,Pleocyemata,Anomura,,Aegloidea,Aeglidae,"Aegla alacalufi Jara & López, 1981",Oyanedel river,-44.812,-75.079,48,River,"Oyanadel et al., 2011",,,,,
Arthropoda,Crustacea,Multicrustacea,Malacostraca,Eumalacostraca,Eucarida,Decapoda,Pleocyemata,Anomura,,Aegloidea,Aeglidae,"Aegla alacalufi Jara & López, 1981",Azocar river,-44.837,-75.050,18,River,"Oyanadel et al., 2011",,,,,
Arthropoda,Crustacea,Multicrustacea,Malacostraca,Eumalacostraca,Eucarida,Decapoda,Pleocyemata,Anomura,,Aegloidea,Aeglidae,"Aegla alacalufi Jara & López, 1981",North river - Duke de York island,-50.551,-75.321,12,River,"Oyanadel et al., 2011",,,,,
Arthropoda,Crustacea,Multicrustacea,Malacostraca,Eumalacostraca,Eucarida,Decapoda,Pleocyemata,Anomura,,Aegloidea,Aeglidae,"Aegla alacalufi Jara & López, 1981",South river - Duke de York island,-50.559,-75.321,19,River,"Oyanadel et al., 2011",,,,,
Arthropoda,Crustacea,Multicrustacea,Malacostraca,Eumalacostraca,Eucarida,Decapoda,Pleocyemata,Anomura,,Aegloidea,Aeglidae,"Aegla alacalufi Jara & López, 1981",Pollux river - Duke de York island,-45.601,-71.840,601,River,"Oyanadel et al., 2011",,,,,
Arthropoda,Crustacea,Multicrustacea,Malacostraca,Eumalacostraca,Eucarida,Decapoda,Pleocyemata,Anomura,,Aegloidea,Aeglidae,"Aegla alacalufi Jara & López, 1981",Castor lake outlet 1 - Duke de York island,-45.602,-71.805,708,River,"Oyanadel et al., 2011",,,,,
Arthropoda,Crustacea,Multicrustacea,Malacostraca,Eumalacostraca,Eucarida,Decapoda,Pleocyemata,Anomura,,Aegloidea,Aeglidae,"Aegla alacalufi Jara & López, 1981",Thompson river - Duke de York island,-45.621,-71.808,723,River,"Oyanadel et al., 2011",,,,,
Arthropoda,Crustacea,Multicrustacea,Malacostraca,Eumalacostraca,Eucarida,Decapoda,Pleocyemata,Anomura,,Aegloidea,Aeglidae,"Aegla alacalufi Jara & López, 1981",Pollux river 2 - Duke de York island,-45.633,-71.897,566,River,"Oyanadel et al., 2011",,,,,
Arthropoda,Crustacea,Multicrustacea,Malacostraca,Eumalacostraca,Eucarida,Decapoda,Pleocyemata,Anomura,,Aegloidea,Aeglidae,"Aegla alacalufi Jara & López, 1981",Yelcho lake,-42.201,-72.431,42,Lake,Barria et al 2014,,,,,
Arthropoda,Crustacea,Multicrustacea,Malacostraca,Eumalacostraca,Eucarida,Decapoda,Pleocyemata,Anomura,,Aegloidea,Aeglidae,"Aegla alacalufi Jara & López, 1981",Rosselot lake,-43.999,-72.321,77,Lake,Barria et al 2014,,,,,
Arthropoda,Crustacea,Multicrustacea,Malacostraca,Eumalacostraca,Eucarida,Decapoda,Pleocyemata,Anomura,,Aegloidea,Aeglidae,"Aegla alacalufi Jara & López, 1981",Frio lake outlet - Duke de York island,-45.662,-71.961,517,River,"Oyanadel et al., 2011",,,,,
Arthropoda,Crustacea,Multicrustacea,Malacostraca,Eumalacostraca,Eucarida,Decapoda,Pleocyemata,Anomura,,Aegloidea,Aeglidae,"Aegla alacalufi Jara & López, 1981",Linao,-41.971,-73.550,27,Stream,"Xu et al., 2009",,,,,
Arthropoda,Crustacea,Multicrustacea,Malacostraca,Eumalacostraca,Eucarida,Decapoda,Pleocyemata,Anomura,,Aegloidea,Aeglidae,"Aegla alacalufi Jara & López, 1981",Coinco,-43.044,-73.639,29,Stream,"Xu et al., 2009",,,,,
Arthropoda,Crustacea,Multicrustacea,Malacostraca,Eumalacostraca,Eucarida,Decapoda,Pleocyemata,Anomura,,Aegloidea,Aeglidae,"Aegla alacalufi Jara & López, 1981",Yaldad,-43.101,-73.967,22,Stream,"Xu et al., 2009",,,,,
Arthropoda,Crustacea,Multicrustacea,Malacostraca,Eumalacostraca,Eucarida,Decapoda,Pleocyemata,Anomura,,Aegloidea,Aeglidae,"Aegla alacalufi Jara & López, 1981",Guafo island,-43.592,-74.684,116,Stream,"Xu et al., 2009",,,,,
Arthropoda,Crustacea,Multicrustacea,Malacostraca,Eumalacostraca,Eucarida,Decapoda,Pleocyemata,Anomura,,Aegloidea,Aeglidae,"Aegla alacalufi Jara & López, 1981",Ipun island,-44.606,-74.763,104,Stream,"Xu et al., 2009",,,,,
Arthropoda,Crustacea,Multicrustacea,Malacostraca,Eumalacostraca,Eucarida,Decapoda,Pleocyemata,Anomura,,Aegloidea,Aeglidae,"Aegla alacalufi Jara & López, 1981",Guamblin island,-44.850,-75.083,155,Stream,"Xu et al., 2009",,,,,
Arthropoda,Crustacea,Multicrustacea,Malacostraca,Eumalacostraca,Eucarida,Decapoda,Pleocyemata,Anomura,,Aegloidea,Aeglidae,"Aegla alacalufi Jara & López, 1981",Riesco lake,-45.471,-72.731,32,Lake,"Xu et al., 2009",,,,,
Arthropoda,Crustacea,Multicrustacea,Malacostraca,Eumalacostraca,Eucarida,Decapoda,Pleocyemata,Anomura,,Aegloidea,Aeglidae,"Aegla alacalufi Jara & López, 1981",Rosselot lake,-43.990,-72.036,71,Lake,"Xu et al., 2009",,,,,
Arthropoda,Crustacea,Multicrustacea,Malacostraca,Eumalacostraca,Eucarida,Decapoda,Pleocyemata,Anomura,,Aegloidea,Aeglidae,"Aegla alacalufi Jara & López, 1981",El Amarillo,-42.854,-72.443,264,Stream,"Xu et al., 2009",,,,,
Arthropoda,Crustacea,Multicrustacea,Malacostraca,Eumalacostraca,Eucarida,Decapoda,Pleocyemata,Anomura,,Aegloidea,Aeglidae,"Aegla alacalufi Jara & López, 1981",Santa Barbara,-42.854,-72.967,9,Stream,"Xu et al., 2009",,,,,
Arthropoda,Crustacea,Multicrustacea,Malacostraca,Eumalacostraca,Eucarida,Decapoda,Pleocyemata,Anomura,,Aegloidea,Aeglidae,"Aegla alacalufi Jara & López, 1981",Contao,-41.815,-72.815,0,Stream,"Xu et al., 2009",,,,,
Arthropoda,Crustacea,Multicrustacea,Malacostraca,Eumalacostraca,Eucarida,Decapoda,Pleocyemata,Anomura,,Aegloidea,Aeglidae,"Aegla alacalufi Jara & López, 1981",Chaica,-41.608,-72.671,12,Stream,"Xu et al., 2009",,,,,
Arthropoda,Crustacea,Multicrustacea,Malacostraca,Eumalacostraca,Eucarida,Decapoda,Pleocyemata,Anomura,,Aegloidea,Aeglidae,"Aegla alacalufi Jara & López, 1981",Cochamo,-41.494,-72.261,10,Stream,"Xu et al., 2009",,,,,
Arthropoda,Crustacea,Multicrustacea,Malacostraca,Eumalacostraca,Eucarida,Decapoda,Pleocyemata,Anomura,,Aegloidea,Aeglidae,"Aegla alacalufi Jara & López, 1981",Ralun,-41.382,-72.280,12,Stream,"Xu et al., 2009",,,,,
Arthropoda,Crustacea,Multicrustacea,Malacostraca,Eumalacostraca,Eucarida,Decapoda,Pleocyemata,Anomura,,Aegloidea,Aeglidae,"Aegla araucaniensis Jara, 1980",Vergel,-38.740,-72.580,110,Wetland,"Correa-Araneda et al., 2017",,,,,
Arthropoda,Crustacea,Multicrustacea,Malacostraca,Eumalacostraca,Eucarida,Decapoda,Pleocyemata,Anomura,,Aegloidea,Aeglidae,"Aegla araucaniensis Jara, 1980",Chesque river,-39.368,-72.613,NA,River,"Jara, 1996",,,,,
Arthropoda,Crustacea,Multicrustacea,Malacostraca,Eumalacostraca,Eucarida,Decapoda,Pleocyemata,Anomura,,Aegloidea,Aeglidae,"Aegla araucaniensis Jara, 1980",Huillinco lake,-42.667,-73.898,2,Lake,"Jara, 1996",,,,,
Arthropoda,Crustacea,Multicrustacea,Malacostraca,Eumalacostraca,Eucarida,Decapoda,Pleocyemata,Anomura,,Aegloidea,Aeglidae,"Aegla araucaniensis Jara, 1980",Quinchaco stream,-40.889,-72.939,NA,Stream,"Jara, 1980",,,,,
Arthropoda,Crustacea,Multicrustacea,Malacostraca,Eumalacostraca,Eucarida,Decapoda,Pleocyemata,Anomura,,Aegloidea,Aeglidae,"Aegla bahamondei Jara, 1982",Collilelfu river,-39.810,-73.240,NA,River,Parra et al 2011,,,,,
Arthropoda,Crustacea,Multicrustacea,Malacostraca,Eumalacostraca,Eucarida,Decapoda,Pleocyemata,Anomura,,Aegloidea,Aeglidae,"Aegla bahamondei Jara, 1982",Santo Domingo river,-39.800,-72.230,NA,River,Parra et al 2011,,,,,
Arthropoda,Crustacea,Multicrustacea,Malacostraca,Eumalacostraca,Eucarida,Decapoda,Pleocyemata,Anomura,,Aegloidea,Aeglidae,"Aegla bahamondei Jara, 1982",Santo Domingo river,-39.913,-72.321,NA,River,Barria et al 2014,,,,,
Arthropoda,Crustacea,Multicrustacea,Malacostraca,Eumalacostraca,Eucarida,Decapoda,Pleocyemata,Anomura,,Aegloidea,Aeglidae,"Aegla bahamondei Jara, 1982",Tucapel river,-37.736,-73.381,60,River,"Jara, 1982",,,,,
Arthropoda,Crustacea,Multicrustacea,Malacostraca,Eumalacostraca,Eucarida,Decapoda,Pleocyemata,Anomura,,Aegloidea,Aeglidae,"Aegla bahamondei Jara, 1982",Pollo San Rafael,-36.630,-72.960,10,Wetland,"Jara, 1996",,,,,
Arthropoda,Crustacea,Multicrustacea,Malacostraca,Eumalacostraca,Eucarida,Decapoda,Pleocyemata,Anomura,,Aegloidea,Aeglidae,"Aegla concepcionensis Schmitt, 1942a",Tucapel river,-37.736,-73.381,60,River,"Jara, 1996",,,,,
Arthropoda,Crustacea,Multicrustacea,Malacostraca,Eumalacostraca,Eucarida,Decapoda,Pleocyemata,Anomura,,Aegloidea,Aeglidae,"Aegla concepcionensis Schmitt, 1942a",Quelén river,-37.741,-73.380,NA,River,Barria et al 2014,,,,,
Arthropoda,Crustacea,Multicrustacea,Malacostraca,Eumalacostraca,Eucarida,Decapoda,Pleocyemata,Anomura,,Aegloidea,Aeglidae,"Aegla concepcionensis Schmitt, 1942a",Caramavida river,-37.730,-73.250,150,River,"Jara, 1996",,,,,
Arthropoda,Crustacea,Multicrustacea,Malacostraca,Eumalacostraca,Eucarida,Decapoda,Pleocyemata,Anomura,,Aegloidea,Aeglidae,"Aegla concepcionensis Schmitt, 1942a",Villa Vergara,-36.820,-73.050,20,Stream,"Jara, 1996",,,,,
Arthropoda,Crustacea,Multicrustacea,Malacostraca,Eumalacostraca,Eucarida,Decapoda,Pleocyemata,Anomura,,Aegloidea,Aeglidae,"Aegla concepcionensis Schmitt, 1942a",Andalien river,-36.733,-73.011,NA,River,Cathpole et al. 2021,,,,,
Arthropoda,Crustacea,Multicrustacea,Malacostraca,Eumalacostraca,Eucarida,Decapoda,Pleocyemata,Anomura,,Aegloidea,Aeglidae,"Aegla concepcionensis Schmitt, 1942a",Concepción,-36.830,-73.050,15,Stream,"Jara, 1996",,,,,
Arthropoda,Crustacea,Multicrustacea,Malacostraca,Eumalacostraca,Eucarida,Decapoda,Pleocyemata,Anomura,,Aegloidea,Aeglidae,"Aegla concepcionensis Schmitt, 1942a",Cerro Caracol stream,-36.840,-73.040,50,Stream,"Jara, 1996",,,,,
Arthropoda,Crustacea,Multicrustacea,Malacostraca,Eumalacostraca,Eucarida,Decapoda,Pleocyemata,Anomura,,Aegloidea,Aeglidae,"Aegla concepcionensis Schmitt, 1942a",Nonguén river,-36.870,-73.000,30,River,"Jara, 1996",,,,,
Arthropoda,Crustacea,Multicrustacea,Malacostraca,Eumalacostraca,Eucarida,Decapoda,Pleocyemata,Anomura,,Aegloidea,Aeglidae,"Aegla concepcionensis Schmitt, 1942a",Pineda lagoon,-36.800,-73.060,10,Lagoon,"Jara, 1996",,,,,
Arthropoda,Crustacea,Multicrustacea,Malacostraca,Eumalacostraca,Eucarida,Decapoda,Pleocyemata,Anomura,,Aegloidea,Aeglidae,"Aegla concepcionensis Schmitt, 1942a",Quebrada Manantiales,-36.850,-73.030,60,Stream,"Jara, 2013",,,,,
Arthropoda,Crustacea,Multicrustacea,Malacostraca,Eumalacostraca,Eucarida,Decapoda,Pleocyemata,Anomura,,Aegloidea,Aeglidae,"Aegla chilota Jara, Perez-Lozada & Crandall 2018",Quebrada Estadio Árabe,-36.840,-73.060,40,Stream,"Jara, 2013",,,,,
Arthropoda,Crustacea,Multicrustacea,Malacostraca,Eumalacostraca,Eucarida,Decapoda,Pleocyemata,Anomura,,Aegloidea,Aeglidae,"Aegla cholchol Jara & Palacios, 1999",Caburgua lake,-39.179,-71.810,505,Lake,"Ulloa-Yañez et al., 2023",,,,,
Arthropoda,Crustacea,Multicrustacea,Malacostraca,Eumalacostraca,Eucarida,Decapoda,Pleocyemata,Anomura,,Aegloidea,Aeglidae,"Aegla cholchol Jara & Palacios, 1999",Lumaco river,-39.183,-71.813,NA,Stream,"Ulloa-Yañez et al., 2023",,,,,
Arthropoda,Crustacea,Multicrustacea,Malacostraca,Eumalacostraca,Eucarida,Decapoda,Pleocyemata,Anomura,,Aegloidea,Aeglidae,"Aegla cholchol Jara & Palacios, 1999",Yaldad bay,-43.085,-73.717,37,Stream,"Jara et al., 2018",,,,,
Arthropoda,Crustacea,Multicrustacea,Malacostraca,Eumalacostraca,Eucarida,Decapoda,Pleocyemata,Anomura,,Aegloidea,Aeglidae,"Aegla cholchol Jara & Palacios, 1999",Cholchol river,-38.611,-72.851,NA,River,"Jara & Palacios, 1999",,,,,
Arthropoda,Crustacea,Multicrustacea,Malacostraca,Eumalacostraca,Eucarida,Decapoda,Pleocyemata,Anomura,,Aegloidea,Aeglidae,"Aegla denticulata denticulata Nicolet, 1842",Cholchol river - Lumaco,-39.150,-72.900,120,River,"Jara, 1996",,,,,
Arthropoda,Crustacea,Multicrustacea,Malacostraca,Eumalacostraca,Eucarida,Decapoda,Pleocyemata,Anomura,,Aegloidea,Aeglidae,"Aegla denticulata denticulata Nicolet, 1842",Cholchol river,-38.608,-72.849,NA,River,Barria et al 2014,,,,,
Arthropoda,Crustacea,Multicrustacea,Malacostraca,Eumalacostraca,Eucarida,Decapoda,Pleocyemata,Anomura,,Aegloidea,Aeglidae,"Aegla denticulata denticulata Nicolet, 1842",Quepe river - Boroa,-38.830,-72.850,110,River,"Jara, 1996",,,,,
Arthropoda,Crustacea,Multicrustacea,Malacostraca,Eumalacostraca,Eucarida,Decapoda,Pleocyemata,Anomura,,Aegloidea,Aeglidae,"Aegla denticulata lacustris Jara, 1989",Vergara river,-37.800,-72.720,140,River,"Jara, 1996",,,,,
Arthropoda,Crustacea,Multicrustacea,Malacostraca,Eumalacostraca,Eucarida,Decapoda,Pleocyemata,Anomura,,Aegloidea,Aeglidae,"Aegla denticulata lacustris Jara, 1989",Collilelfu river,-40.046,-72.907,NA,River,Barria et al 2014,,,,,
Arthropoda,Crustacea,Multicrustacea,Malacostraca,Eumalacostraca,Eucarida,Decapoda,Pleocyemata,Anomura,,Aegloidea,Aeglidae,"Aegla expansa Jara, 1992",Huicha river,-37.800,-72.720,135,River,"Jara, 1996",,,,,
Arthropoda,Crustacea,Multicrustacea,Malacostraca,Eumalacostraca,Eucarida,Decapoda,Pleocyemata,Anomura,,Aegloidea,Aeglidae,"Aegla expansa Jara, 1992",Rupanco lake - Huillín bay,-40.817,-72.467,70,Lake,"Jara, 1989",,,,,
Arthropoda,Crustacea,Multicrustacea,Malacostraca,Eumalacostraca,Eucarida,Decapoda,Pleocyemata,Anomura,,Aegloidea,Aeglidae,"Aegla expansa Jara, 1992",Rupanco lake,-40.784,-72.575,70.000,Lake,Barria et al 2014,,,,,
Arthropoda,Crustacea,Multicrustacea,Malacostraca,Eumalacostraca,Eucarida,Decapoda,Pleocyemata,Anomura,,Aegloidea,Aeglidae,"Aegla expansa Jara, 1992",Hualqui river,-36.967,-72.933,NA,River,"Jara, 1992",,,,,
Arthropoda,Crustacea,Multicrustacea,Malacostraca,Eumalacostraca,Eucarida,Decapoda,Pleocyemata,Anomura,,Aegloidea,Aeglidae,"Aegla expansa Jara, 1992",La Araucana stream - Hualqui,-36.969,-72.944,NA,Stream,"Muñoz-Pedreros et al., 2026",,,,,
Arthropoda,Crustacea,Multicrustacea,Malacostraca,Eumalacostraca,Eucarida,Decapoda,Pleocyemata,Anomura,,Aegloidea,Aeglidae,"Aegla expansa Jara, 1992",La Araucana stream - La Leonera,-36.943,-72.298,NA,Stream,"Muñoz-Pedreros et al., 2026",,,,,
Arthropoda,Crustacea,Multicrustacea,Malacostraca,Eumalacostraca,Eucarida,Decapoda,Pleocyemata,Anomura,,Aegloidea,Aeglidae,"Aegla expansa Jara, 1992",Agua corta stream,-36.979,-72.885,NA,Stream,"Muñoz-Pedreros et al., 2026",,,,,
Arthropoda,Crustacea,Multicrustacea,Malacostraca,Eumalacostraca,Eucarida,Decapoda,Pleocyemata,Anomura,,Aegloidea,Aeglidae,"Aegla expansa Jara, 1992",Lircay stream - Millahue,-36.993,-72.867,NA,Stream,"Muñoz-Pedreros et al., 2026",,,,,
Arthropoda,Crustacea,Multicrustacea,Malacostraca,Eumalacostraca,Eucarida,Decapoda,Pleocyemata,Anomura,,Aegloidea,Aeglidae,"Aegla expansa Jara, 1992",Ainahue stream - Agua Larga,-36.977,-72.878,NA,Stream,"Muñoz-Pedreros et al., 2026",,,,,
Arthropoda,Crustacea,Multicrustacea,Malacostraca,Eumalacostraca,Eucarida,Decapoda,Pleocyemata,Anomura,,Aegloidea,Aeglidae,"Aegla expansa Jara, 1992",San Onofre stream,-37.007,-72.910,NA,Stream,"Muñoz-Pedreros et al., 2026",,,,,
Arthropoda,Crustacea,Multicrustacea,Malacostraca,Eumalacostraca,Eucarida,Decapoda,Pleocyemata,Anomura,,Aegloidea,Aeglidae,"Aegla expansa Jara, 1992",Fundo El Relajo stream,-37.016,-72.910,NA,Stream,"Muñoz-Pedreros et al., 2026",,,,,
Arthropoda,Crustacea,Multicrustacea,Malacostraca,Eumalacostraca,Eucarida,Decapoda,Pleocyemata,Anomura,,Aegloidea,Aeglidae,"Aegla expansa Jara, 1992",Chillancito stream,-37.064,-72.910,NA,Stream,"Muñoz-Pedreros et al., 2026",,,,,
Arthropoda,Crustacea,Multicrustacea,Malacostraca,Eumalacostraca,Eucarida,Decapoda,Pleocyemata,Anomura,,Aegloidea,Aeglidae,"Aegla hueicollensis Jara & Palacios, 1999",Quilacoya stream - Vegas de Diuca,-37.051,-72.880,NA,Stream,"Muñoz-Pedreros et al., 2026",,,,,
Arthropoda,Crustacea,Multicrustacea,Malacostraca,Eumalacostraca,Eucarida,Decapoda,Pleocyemata,Anomura,,Aegloidea,Aeglidae,"Aegla hueicollensis Jara & Palacios, 1999",Quilacoya river mouth,-37.051,-72.963,NA,Stream,"Muñoz-Pedreros et al., 2026",,,,,
Arthropoda,Crustacea,Multicrustacea,Malacostraca,Eumalacostraca,Eucarida,Decapoda,Pleocyemata,Anomura,,Aegloidea,Aeglidae,"Aegla laevis laevis (Latreille, 1818)",Bio Bio river - Quilacoya,-37.050,-72.963,NA,Stream,"Muñoz-Pedreros et al., 2026",,,,,
Arthropoda,Crustacea,Multicrustacea,Malacostraca,Eumalacostraca,Eucarida,Decapoda,Pleocyemata,Anomura,,Aegloidea,Aeglidae,"Aegla laevis laevis (Latreille, 1818)",Pichihueicolla river,-40.167,-73.667,NA,River,"Jara & Palacios, 1999",,,,,
Arthropoda,Crustacea,Multicrustacea,Malacostraca,Eumalacostraca,Eucarida,Decapoda,Pleocyemata,Anomura,,Aegloidea,Aeglidae,"Aegla laevis laevis (Latreille, 1818)",Hueicolla river,-40.152,-73.640,NA,River,Barria et al 2014,,,,,
Arthropoda,Crustacea,Multicrustacea,Malacostraca,Eumalacostraca,Eucarida,Decapoda,Pleocyemata,Anomura,,Aegloidea,Aeglidae,"Aegla laevis laevis (Latreille, 1818)",Maipo river basin - Talagante 1,-33.750,-70.750,340,River,"Vila & Veliz, 2014",,,,,
Arthropoda,Crustacea,Multicrustacea,Malacostraca,Eumalacostraca,Eucarida,Decapoda,Pleocyemata,Anomura,,Aegloidea,Aeglidae,"Aegla laevis laevis (Latreille, 1818)",Maipo river basin - Talagante 2,-33.670,-70.930,340,River,"Bahamonde & Lopez, 1963",,,,,
Arthropoda,Crustacea,Multicrustacea,Malacostraca,Eumalacostraca,Eucarida,Decapoda,Pleocyemata,Anomura,,Aegloidea,Aeglidae,"Aegla laevis laevis (Latreille, 1818)",Maipo river basin - Melipilla,-33.690,-71.210,170,River,"Bahamonde & Lopez, 1963",,,,,
Arthropoda,Crustacea,Multicrustacea,Malacostraca,Eumalacostraca,Eucarida,Decapoda,Pleocyemata,Anomura,,Aegloidea,Aeglidae,"Aegla laevis laevis (Latreille, 1818)",Maipo river basin - San Juan,-33.600,-70.900,400,River,"Bahamonde & Lopez, 1963",,,,,
Arthropoda,Crustacea,Multicrustacea,Malacostraca,Eumalacostraca,Eucarida,Decapoda,Pleocyemata,Anomura,,Aegloidea,Aeglidae,"Aegla laevis laevis (Latreille, 1818)",Maipo river basin - Tejas Verdes,-33.580,-71.630,10,River,"Bahamonde & Lopez, 1963",,,,,
Arthropoda,Crustacea,Multicrustacea,Malacostraca,Eumalacostraca,Eucarida,Decapoda,Pleocyemata,Anomura,,Aegloidea,Aeglidae,"Aegla laevis laevis (Latreille, 1818)",Maipo river basin - Puangue,-33.650,-71.050,300,River,"Bahamonde & Lopez, 1963",,,,,
Arthropoda,Crustacea,Multicrustacea,Malacostraca,Eumalacostraca,Eucarida,Decapoda,Pleocyemata,Anomura,,Aegloidea,Aeglidae,"Aegla laevis laevis (Latreille, 1818)",Maipo river basin - Cuncumén,-33.800,-70.900,500,River,"Bahamonde & Lopez, 1963",,,,,
Arthropoda,Crustacea,Multicrustacea,Malacostraca,Eumalacostraca,Eucarida,Decapoda,Pleocyemata,Anomura,,Aegloidea,Aeglidae,"Aegla laevis laevis (Latreille, 1818)",Maipo river basin - Maldivia,-33.750,-71.100,250,River,"Bahamonde & Lopez, 1963",,,,,
Arthropoda,Crustacea,Multicrustacea,Malacostraca,Eumalacostraca,Eucarida,Decapoda,Pleocyemata,Anomura,,Aegloidea,Aeglidae,"Aegla laevis laevis (Latreille, 1818)",Maipo river basin - Popetá,-33.830,-71.150,220,River,"Bahamonde & Lopez, 1963",,,,,
Arthropoda,Crustacea,Multicrustacea,Malacostraca,Eumalacostraca,Eucarida,Decapoda,Pleocyemata,Anomura,,Aegloidea,Aeglidae,"Aegla laevis laevis (Latreille, 1818)",Puente los Patos close to Colina,-33.200,-70.650,900,River,"Bahamonde & Lopez, 1963",,,,,
Arthropoda,Crustacea,Multicrustacea,Malacostraca,Eumalacostraca,Eucarida,Decapoda,Pleocyemata,Anomura,,Aegloidea,Aeglidae,"Aegla laevis laevis (Latreille, 1818)",Angostura,-33.800,-70.900,450,River,"Bahamonde & Lopez, 1963",,,,,
Arthropoda,Crustacea,Multicrustacea,Malacostraca,Eumalacostraca,Eucarida,Decapoda,Pleocyemata,Anomura,,Aegloidea,Aeglidae,"Aegla laevis talcahuano Schmitt, 1942b",Mallarauco,-33.600,-71.300,200,River,"Jara, 1996",,,,,
Arthropoda,Crustacea,Multicrustacea,Malacostraca,Eumalacostraca,Eucarida,Decapoda,Pleocyemata,Anomura,,Aegloidea,Aeglidae,"Aegla laevis talcahuano Schmitt, 1942b",Maipo river,-33.700,-71.400,50,River,"Jara, 1996",,,,,
Arthropoda,Crustacea,Multicrustacea,Malacostraca,Eumalacostraca,Eucarida,Decapoda,Pleocyemata,Anomura,,Aegloidea,Aeglidae,"Aegla laevis talcahuano Schmitt, 1942b",Claro river,-34.395,-70.911,NA,River,Barria et al 2014,,,,,
Arthropoda,Crustacea,Multicrustacea,Malacostraca,Eumalacostraca,Eucarida,Decapoda,Pleocyemata,Anomura,,Aegloidea,Aeglidae,"Aegla laevis talcahuano Schmitt, 1942b",Talcahuano,-36.720,-73.120,10,Stream,"Schmitt, 1942b",,,,,
Arthropoda,Crustacea,Multicrustacea,Malacostraca,Eumalacostraca,Eucarida,Decapoda,Pleocyemata,Anomura,,Aegloidea,Aeglidae,"Aegla laevis talcahuano Schmitt, 1942b",Chimbarongo river,-34.563,-71.376,NA,River,Barria et al 2014,,,,,
Arthropoda,Crustacea,Multicrustacea,Malacostraca,Eumalacostraca,Eucarida,Decapoda,Pleocyemata,Anomura,,Aegloidea,Aeglidae,"Aegla laevis talcahuano Schmitt, 1942b",Zambrano river - Requegua,-34.300,-71.100,200,River,"Bahamonde & Lopez, 1963",,,,,
Arthropoda,Crustacea,Multicrustacea,Malacostraca,Eumalacostraca,Eucarida,Decapoda,Pleocyemata,Anomura,,Aegloidea,Aeglidae,"Aegla laevis talcahuano Schmitt, 1942b",Guiribilo stream - Santa Cruz,-34.630,-71.350,180,Stream,"Bahamonde & Lopez, 1963",,,,,
Arthropoda,Crustacea,Multicrustacea,Malacostraca,Eumalacostraca,Eucarida,Decapoda,Pleocyemata,Anomura,,Aegloidea,Aeglidae,"Aegla laevis talcahuano Schmitt, 1942b",Quinahue - Santa Cruz,-34.680,-71.200,220,Stream,"Bahamonde & Lopez, 1963",,,,,
Arthropoda,Crustacea,Multicrustacea,Malacostraca,Eumalacostraca,Eucarida,Decapoda,Pleocyemata,Anomura,,Aegloidea,Aeglidae,"Aegla laevis talcahuano Schmitt, 1942b",Constitucion,-35.330,-72.420,15,Stream,"Bahamonde & Lopez, 1963",,,,,
Arthropoda,Crustacea,Multicrustacea,Malacostraca,Eumalacostraca,Eucarida,Decapoda,Pleocyemata,Anomura,,Aegloidea,Aeglidae,"Aegla laevis talcahuano Schmitt, 1942b",Guaraculén - San Carlos,-36.430,-71.950,150,Stream,"Bahamonde & Lopez, 1963",,,,,
Arthropoda,Crustacea,Multicrustacea,Malacostraca,Eumalacostraca,Eucarida,Decapoda,Pleocyemata,Anomura,,Aegloidea,Aeglidae,"Aegla laevis talcahuano Schmitt, 1942b",Itahue - Curicó,-35.020,-71.250,230,Stream,"Bahamonde & Lopez, 1963",,,,,
Arthropoda,Crustacea,Multicrustacea,Malacostraca,Eumalacostraca,Eucarida,Decapoda,Pleocyemata,Anomura,,Aegloidea,Aeglidae,"Aegla laevis talcahuano Schmitt, 1942b",Ñuble river - Chillan,-36.610,-72.100,80,River,"Bahamonde & Lopez, 1963",,,,,
Arthropoda,Crustacea,Multicrustacea,Malacostraca,Eumalacostraca,Eucarida,Decapoda,Pleocyemata,Anomura,,Aegloidea,Aeglidae,"Aegla laevis talcahuano Schmitt, 1942b",Antivero river - Panamerican way,-34.980,-71.200,200,River,"Jara, 1996",,,,,
Arthropoda,Crustacea,Multicrustacea,Malacostraca,Eumalacostraca,Eucarida,Decapoda,Pleocyemata,Anomura,,Aegloidea,Aeglidae,"Aegla laevis talcahuano Schmitt, 1942b",Chimbarongo river - Panamerican way,-34.710,-71.050,180,River,"Jara, 1996",,,,,
Arthropoda,Crustacea,Multicrustacea,Malacostraca,Eumalacostraca,Eucarida,Decapoda,Pleocyemata,Anomura,,Aegloidea,Aeglidae,"Aegla laevis talcahuano Schmitt, 1942b",Maule river - Panamerican way,-35.430,-71.670,70,River,"Jara, 1996",,,,,
Arthropoda,Crustacea,Multicrustacea,Malacostraca,Eumalacostraca,Eucarida,Decapoda,Pleocyemata,Anomura,,Aegloidea,Aeglidae,"Aegla laevis talcahuano Schmitt, 1942b",Claro river - Panamerican way,-35.430,-71.670,90,River,"Jara, 1996",,,,,
Arthropoda,Crustacea,Multicrustacea,Malacostraca,Eumalacostraca,Eucarida,Decapoda,Pleocyemata,Anomura,,Aegloidea,Aeglidae,"Aegla laevis talcahuano Schmitt, 1942b",Lircay river - Panamerican way,-35.430,-71.600,100,River,"Jara, 1996",,,,,
Arthropoda,Crustacea,Multicrustacea,Malacostraca,Eumalacostraca,Eucarida,Decapoda,Pleocyemata,Anomura,,Aegloidea,Aeglidae,"Aegla manni Jara, 1980",Cachapirin river - Panamerican way,-34.300,-70.900,250,River,"Jara, 1996",,,,,
Arthropoda,Crustacea,Multicrustacea,Malacostraca,Eumalacostraca,Eucarida,Decapoda,Pleocyemata,Anomura,,Aegloidea,Aeglidae,"Aegla manni Jara, 1980",Liguay river - Panamerican way,-35.400,-71.600,120,River,"Jara, 1996",,,,,
Arthropoda,Crustacea,Multicrustacea,Malacostraca,Eumalacostraca,Eucarida,Decapoda,Pleocyemata,Anomura,,Aegloidea,Aeglidae,"Aegla manni Jara, 1980",Cato river - Panamerican way,-36.580,-72.000,100,River,"Jara, 1996",,,,,
Arthropoda,Crustacea,Multicrustacea,Malacostraca,Eumalacostraca,Eucarida,Decapoda,Pleocyemata,Anomura,,Aegloidea,Aeglidae,"Aegla manni Jara, 1980",Rucamanque,-38.650,-72.583,NA,Stream,De los Ríos-Escalante et al 2021,,,,,
Arthropoda,Crustacea,Multicrustacea,Malacostraca,Eumalacostraca,Eucarida,Decapoda,Pleocyemata,Anomura,,Aegloidea,Aeglidae,"Aegla manni Jara, 1980",Buenaventura stream - Huellelhue,-39.639,-73.164,70,Stream,"Jara, 1980",,,,,
Arthropoda,Crustacea,Multicrustacea,Malacostraca,Eumalacostraca,Eucarida,Decapoda,Pleocyemata,Anomura,,Aegloidea,Aeglidae,"Aegla neuquensis Schmitt, 1942b",Huiro stream,-39.958,-73.589,NA,Stream,Barria et al 2014,,,,,
Arthropoda,Crustacea,Multicrustacea,Malacostraca,Eumalacostraca,Eucarida,Decapoda,Pleocyemata,Anomura,,Aegloidea,Aeglidae,"Aegla neuquensis Schmitt, 1942b",Mehuin river,-39.429,-73.214,48,River,"Jara, 1996",,,,,
Arthropoda,Crustacea,Multicrustacea,Malacostraca,Eumalacostraca,Eucarida,Decapoda,Pleocyemata,Anomura,,Aegloidea,Aeglidae,"Aegla neuquensis Schmitt, 1942b",Moicolpue river,-40.605,-73.744,10,River,"Jara, 1996",,,,,
Arthropoda,Crustacea,Multicrustacea,Malacostraca,Eumalacostraca,Eucarida,Decapoda,Pleocyemata,Anomura,,Aegloidea,Aeglidae,"Aegla neuquensis Schmitt, 1942b",Mañihuales river,-45.300,-72.300,265,River,"Jara, 1996",,,,,
Arthropoda,Crustacea,Multicrustacea,Malacostraca,Eumalacostraca,Eucarida,Decapoda,Pleocyemata,Anomura,,Aegloidea,Aeglidae,"Aegla neuquensis Schmitt, 1942b",Simpson river - Coyhaique,-45.406,-72.498,210,River,"Jara, 1996",,,,,
Arthropoda,Crustacea,Multicrustacea,Malacostraca,Eumalacostraca,Eucarida,Decapoda,Pleocyemata,Anomura,,Aegloidea,Aeglidae,"Aegla neuquensis Schmitt, 1942b",Tejas Verdes stream,-45.540,-72.070,NA,Stream,"Jara, 1996",,,,,
Arthropoda,Crustacea,Multicrustacea,Malacostraca,Eumalacostraca,Eucarida,Decapoda,Pleocyemata,Anomura,,Aegloidea,Aeglidae,"Aegla neuquensis Schmitt, 1942b",Polux tributary,-45.668,-72.051,541,River,"Oyanadel et al., 2011",,,,,
Arthropoda,Crustacea,Multicrustacea,Malacostraca,Eumalacostraca,Eucarida,Decapoda,Pleocyemata,Anomura,,Aegloidea,Aeglidae,"Aegla neuquensis Schmitt, 1942b",El Salto river,-45.678,-72.043,488,River,"Oyanadel et al., 2011",,,,,
Arthropoda,Crustacea,Multicrustacea,Malacostraca,Eumalacostraca,Eucarida,Decapoda,Pleocyemata,Anomura,,Aegloidea,Aeglidae,"Aegla neuquensis Schmitt, 1942b",Pollux river 1,-42.716,-72.047,399,River,"Oyanadel et al., 2011",,,,,
Arthropoda,Crustacea,Multicrustacea,Malacostraca,Eumalacostraca,Eucarida,Decapoda,Pleocyemata,Anomura,,Aegloidea,Aeglidae,"Aegla neuquensis Schmitt, 1942b",Pollux river 2,-45.717,-72.044,409,River,"Oyanadel et al., 2011",,,,,
Arthropoda,Crustacea,Multicrustacea,Malacostraca,Eumalacostraca,Eucarida,Decapoda,Pleocyemata,Anomura,,Aegloidea,Aeglidae,"Aegla occidentalis Jara, Pérez-Losada & Crandall, 2003",Negro river 1,-45.783,-71.919,456,River,"Oyanadel et al., 2011",,,,,
Arthropoda,Crustacea,Multicrustacea,Malacostraca,Eumalacostraca,Eucarida,Decapoda,Pleocyemata,Anomura,,Aegloidea,Aeglidae,"Aegla occidentalis Jara, Pérez-Losada & Crandall, 2003",Negro river 2,-45.083,-71.917,425,River,"Oyanadel et al., 2011",,,,,
Arthropoda,Crustacea,Multicrustacea,Malacostraca,Eumalacostraca,Eucarida,Decapoda,Pleocyemata,Anomura,,Aegloidea,Aeglidae,"Aegla occidentalis Jara, Pérez-Losada & Crandall, 2003",Huemules river,-45.086,-71.912,421,River,"Oyanadel et al., 2011",,,,,
Arthropoda,Crustacea,Multicrustacea,Malacostraca,Eumalacostraca,Eucarida,Decapoda,Pleocyemata,Anomura,,Aegloidea,Aeglidae,"Aegla occidentalis Jara, Pérez-Losada & Crandall, 2003",Tucapel river - Quelén,-37.736,-73.430,40,River,"Jara et al., 2003",,,,,
Arthropoda,Crustacea,Multicrustacea,Malacostraca,Eumalacostraca,Eucarida,Decapoda,Pleocyemata,Anomura,,Aegloidea,Aeglidae,"Aegla occidentalis Jara, Pérez-Losada & Crandall, 2003",Tucapel river,-37.736,-73.381,60,River,"Jara et al., 2003",,,,,
Arthropoda,Crustacea,Multicrustacea,Malacostraca,Eumalacostraca,Eucarida,Decapoda,Pleocyemata,Anomura,,Aegloidea,Aeglidae,"Aegla occidentalis Jara, Pérez-Losada & Crandall, 2003",Caramavida river,-37.688,-73.358,NA,River,"Jara et al., 2003",,,,,
Arthropoda,Crustacea,Multicrustacea,Malacostraca,Eumalacostraca,Eucarida,Decapoda,Pleocyemata,Anomura,,Aegloidea,Aeglidae,"Aegla occidentalis Jara, Pérez-Losada & Crandall, 2003",Lanalhue lake,-37.917,-73.317,8,Lake,"Jara et al., 2003",,,,,
Arthropoda,Crustacea,Multicrustacea,Malacostraca,Eumalacostraca,Eucarida,Decapoda,Pleocyemata,Anomura,,Aegloidea,Aeglidae,"Aegla papudo Schmitt, 1942b",Pocuno river,-38.035,-73.394,NA,River,Barria et al 2014,,,,,
Arthropoda,Crustacea,Multicrustacea,Malacostraca,Eumalacostraca,Eucarida,Decapoda,Pleocyemata,Anomura,,Aegloidea,Aeglidae,"Aegla papudo Schmitt, 1942b",Lleulleu lake (Puerto Choque),-38.195,-73.356,12,River,"Jara et al., 2003",,,,,
Arthropoda,Crustacea,Multicrustacea,Malacostraca,Eumalacostraca,Eucarida,Decapoda,Pleocyemata,Anomura,,Aegloidea,Aeglidae,"Aegla papudo Schmitt, 1942b",Pucono river,-38.035,-73.394,NA,River,"Jara et al., 2003",,,,,
Arthropoda,Crustacea,Multicrustacea,Malacostraca,Eumalacostraca,Eucarida,Decapoda,Pleocyemata,Anomura,,Aegloidea,Aeglidae,"Aegla papudo Schmitt, 1942b",Choapa river - Huentelauquen,-31.583,-71.533,22,River,"Jara et al., 1995",,,,,
Arthropoda,Crustacea,Multicrustacea,Malacostraca,Eumalacostraca,Eucarida,Decapoda,Pleocyemata,Anomura,,Aegloidea,Aeglidae,"Aegla papudo Schmitt, 1942b",Choapa river - Illapel,-31.633,-71.167,333,River,"Jara et al., 1995",,,,,
Arthropoda,Crustacea,Multicrustacea,Malacostraca,Eumalacostraca,Eucarida,Decapoda,Pleocyemata,Anomura,,Aegloidea,Aeglidae,"Aegla papudo Schmitt, 1942b",Choapa river - Salamanca,-31.783,-71.967,510,River,"Jara et al., 1995",,,,,
Arthropoda,Crustacea,Multicrustacea,Malacostraca,Eumalacostraca,Eucarida,Decapoda,Pleocyemata,Anomura,,Aegloidea,Aeglidae,"Aegla papudo Schmitt, 1942b",Sobrante river,-32.275,-70.943,NA,River,Barria et al 2014,,,,,
Arthropoda,Crustacea,Multicrustacea,Malacostraca,Eumalacostraca,Eucarida,Decapoda,Pleocyemata,Anomura,,Aegloidea,Aeglidae,"Aegla papudo Schmitt, 1942b",Petorca,-32.250,-70.933,1248,River,"Jara et al., 1995",,,,,
Arthropoda,Crustacea,Multicrustacea,Malacostraca,Eumalacostraca,Eucarida,Decapoda,Pleocyemata,Anomura,,Aegloidea,Aeglidae,"Aegla papudo Schmitt, 1942b",La Ligua river - La Patagua,-32.483,-71.183,321,River,"Jara et al., 1995",,,,,
Arthropoda,Crustacea,Multicrustacea,Malacostraca,Eumalacostraca,Eucarida,Decapoda,Pleocyemata,Anomura,,Aegloidea,Aeglidae,"Aegla papudo Schmitt, 1942b",Los Coiles stream,-32.633,-71.150,435,Stream,Chavez-Villavicencio et al 2022,,,,,
Arthropoda,Crustacea,Multicrustacea,Malacostraca,Eumalacostraca,Eucarida,Decapoda,Pleocyemata,Anomura,,Aegloidea,Aeglidae,"Aegla papudo Schmitt, 1942b",El Gallo stream,-32.633,-71.117,680,Stream,Chavez-Villavicencio et al 2022,,,,,
Arthropoda,Crustacea,Multicrustacea,Malacostraca,Eumalacostraca,Eucarida,Decapoda,Pleocyemata,Anomura,,Aegloidea,Aeglidae,"Aegla papudo Schmitt, 1942b",Papudo,-32.517,-71.470,NA,Stream,"Schmitt, 1942b",,,,,
Arthropoda,Crustacea,Multicrustacea,Malacostraca,Eumalacostraca,Eucarida,Decapoda,Pleocyemata,Anomura,,Aegloidea,Aeglidae,"Aegla papudo Schmitt, 1942b",Catapilco river - San Alfonso,-32.567,-31.317,121,River,"Jara et al., 1995",,,,,
Arthropoda,Crustacea,Multicrustacea,Malacostraca,Eumalacostraca,Eucarida,Decapoda,Pleocyemata,Anomura,,Aegloidea,Aeglidae,"Aegla papudo Schmitt, 1942b",Aconcagua river - Putaendo,-32.633,-70.733,550,River,"Jara et al., 1995",,,,,
Arthropoda,Crustacea,Multicrustacea,Malacostraca,Eumalacostraca,Eucarida,Decapoda,Pleocyemata,Anomura,,Aegloidea,Aeglidae,"Aegla papudo Schmitt, 1942b",Rabuco river,-32.845,-71.126,NA,River,Barria et al 2014,,,,,
Arthropoda,Crustacea,Multicrustacea,Malacostraca,Eumalacostraca,Eucarida,Decapoda,Pleocyemata,Anomura,,Aegloidea,Aeglidae,"Aegla papudo Schmitt, 1942b",Aconcagua river - Llay Llay,-32.850,-70.967,350,River,"Jara et al., 1995",,,,,
Arthropoda,Crustacea,Multicrustacea,Malacostraca,Eumalacostraca,Eucarida,Decapoda,Pleocyemata,Anomura,,Aegloidea,Aeglidae,"Aegla papudo Schmitt, 1942b",Aconcagua river - Palmar de Ocoa,-32.900,-71.083,150,River,"Jara et al., 1995",,,,,
Arthropoda,Crustacea,Multicrustacea,Malacostraca,Eumalacostraca,Eucarida,Decapoda,Pleocyemata,Anomura,,Aegloidea,Aeglidae,"Aegla papudo Schmitt, 1942b",Aconcagua river - Olmue,-33.000,-71.200,526,River,"Jara et al., 1995",,,,,
Arthropoda,Crustacea,Multicrustacea,Malacostraca,Eumalacostraca,Eucarida,Decapoda,Pleocyemata,Anomura,,Aegloidea,Aeglidae,"Aegla papudo Schmitt, 1942b",Parque Vergara - Viña del Mar,-33.017,-71.533,NA,Lagoon,"Jara et al., 1995",,,,,
Arthropoda,Crustacea,Multicrustacea,Malacostraca,Eumalacostraca,Eucarida,Decapoda,Pleocyemata,Anomura,,Aegloidea,Aeglidae,"Aegla papudo Schmitt, 1942b",Valparaíso,-33.033,-71.633,NA,River,"Jara et al., 1995",,,,,
Arthropoda,Crustacea,Multicrustacea,Malacostraca,Eumalacostraca,Eucarida,Decapoda,Pleocyemata,Anomura,,Aegloidea,Aeglidae,"Aegla papudo Schmitt, 1942b",Retiro reservoir - Marga Marga stream,-33.050,-71.467,300,River,"Jara et al., 1995",,,,,
Arthropoda,Crustacea,Multicrustacea,Malacostraca,Eumalacostraca,Eucarida,Decapoda,Pleocyemata,Anomura,,Aegloidea,Aeglidae,"Aegla papudo Schmitt, 1942b",Verde lagoon ,-33.100,-71.650,NA,Lagoon,"Jara et al., 1995",,,,,
Arthropoda,Crustacea,Multicrustacea,Malacostraca,Eumalacostraca,Eucarida,Decapoda,Pleocyemata,Anomura,,Aegloidea,Aeglidae,"Aegla pewenchae Jara, 1994",Quintay stream,-33.183,-71.700,NA,Stream,"Jara et al., 1995",,,,,
Arthropoda,Crustacea,Multicrustacea,Malacostraca,Eumalacostraca,Eucarida,Decapoda,Pleocyemata,Anomura,,Aegloidea,Aeglidae,"Aegla pewenchae Jara, 1994",Puangue river - Curacaví,-33.400,-71.150,581,River,"Jara et al., 1995",,,,,
Arthropoda,Crustacea,Multicrustacea,Malacostraca,Eumalacostraca,Eucarida,Decapoda,Pleocyemata,Anomura,,Aegloidea,Aeglidae,"Aegla pewenchae Jara, 1994",Mapocho river - Talagante,-33.667,-70.933,350,River,"Jara et al., 1995",,,,,
Arthropoda,Crustacea,Multicrustacea,Malacostraca,Eumalacostraca,Eucarida,Decapoda,Pleocyemata,Anomura,,Aegloidea,Aeglidae,"Aegla pewenchae Jara, 1994",Biobio river - Los Angeles,-37.763,-72.275,NA,River,"Jara, 1994",,,,,
Arthropoda,Crustacea,Multicrustacea,Malacostraca,Eumalacostraca,Eucarida,Decapoda,Pleocyemata,Anomura,,Aegloidea,Aeglidae,"Aegla pewenchae Jara, 1994",Chimbarongo river,-34.767,-71.133,NA,River,"Jara, 1994",,,,,
Arthropoda,Crustacea,Multicrustacea,Malacostraca,Eumalacostraca,Eucarida,Decapoda,Pleocyemata,Anomura,,Aegloidea,Aeglidae,"Aegla pewenchae Jara, 1994",Claro river 1,-35.183,-71.400,NA,River,"Jara, 1994",,,,,
Arthropoda,Crustacea,Multicrustacea,Malacostraca,Eumalacostraca,Eucarida,Decapoda,Pleocyemata,Anomura,,Aegloidea,Aeglidae,"Aegla pewenchae Jara, 1994",Claro river 2,-35.417,-71.583,NA,River,"Jara, 1994",,,,,
Arthropoda,Crustacea,Multicrustacea,Malacostraca,Eumalacostraca,Eucarida,Decapoda,Pleocyemata,Anomura,,Aegloidea,Aeglidae,"Aegla pewenchae Jara, 1994",Lircay river,-35.417,-71.567,NA,River,"Jara, 1994",,,,,
Arthropoda,Crustacea,Multicrustacea,Malacostraca,Eumalacostraca,Eucarida,Decapoda,Pleocyemata,Anomura,,Aegloidea,Aeglidae,"Aegla pewenchae Jara, 1994",Maule river,-35.467,-71.950,NA,River,"Jara, 1994",,,,,
Arthropoda,Crustacea,Multicrustacea,Malacostraca,Eumalacostraca,Eucarida,Decapoda,Pleocyemata,Anomura,,Aegloidea,Aeglidae,"Aegla pewenchae Jara, 1994",Longavi river 1,-35.617,-71.767,NA,River,"Jara, 1994",,,,,
Arthropoda,Crustacea,Multicrustacea,Malacostraca,Eumalacostraca,Eucarida,Decapoda,Pleocyemata,Anomura,,Aegloidea,Aeglidae,"Aegla pewenchae Jara, 1994",Longavi river 2,-36.000,-71.717,NA,River,"Jara, 1994",,,,,
Arthropoda,Crustacea,Multicrustacea,Malacostraca,Eumalacostraca,Eucarida,Decapoda,Pleocyemata,Anomura,,Aegloidea,Aeglidae,"Aegla pewenchae Jara, 1994",Longavi river 3,-36.233,-71.500,NA,River,"Jara, 1994",,,,,
Arthropoda,Crustacea,Multicrustacea,Malacostraca,Eumalacostraca,Eucarida,Decapoda,Pleocyemata,Anomura,,Aegloidea,Aeglidae,"Aegla pewenchae Jara, 1994",Putagan river,-35.767,-71.667,NA,River,"Jara, 1994",,,,,
Arthropoda,Crustacea,Multicrustacea,Malacostraca,Eumalacostraca,Eucarida,Decapoda,Pleocyemata,Anomura,,Aegloidea,Aeglidae,"Aegla pewenchae Jara, 1994",Ancoa river,-35.900,-71.500,NA,River,"Jara, 1994",,,,,
Arthropoda,Crustacea,Multicrustacea,Malacostraca,Eumalacostraca,Eucarida,Decapoda,Pleocyemata,Anomura,,Aegloidea,Aeglidae,"Aegla pewenchae Jara, 1994",Liguay river,-35.950,-71.683,NA,River,"Jara, 1994",,,,,
Arthropoda,Crustacea,Multicrustacea,Malacostraca,Eumalacostraca,Eucarida,Decapoda,Pleocyemata,Anomura,,Aegloidea,Aeglidae,"Aegla pewenchae Jara, 1994",Cato river 1,-36.250,-71.683,NA,River,"Jara, 1994",,,,,
Arthropoda,Crustacea,Multicrustacea,Malacostraca,Eumalacostraca,Eucarida,Decapoda,Pleocyemata,Anomura,,Aegloidea,Aeglidae,"Aegla pewenchae Jara, 1994",Cato river 2,-36.283,-71.667,NA,River,"Jara, 1994",,,,,
Arthropoda,Crustacea,Multicrustacea,Malacostraca,Eumalacostraca,Eucarida,Decapoda,Pleocyemata,Anomura,,Aegloidea,Aeglidae,"Aegla pewenchae Jara, 1994",Ñuble river,-36.483,-71.750,NA,River,"Jara, 1994",,,,,
Arthropoda,Crustacea,Multicrustacea,Malacostraca,Eumalacostraca,Eucarida,Decapoda,Pleocyemata,Anomura,,Aegloidea,Aeglidae,"Aegla pewenchae Jara, 1994",Bustamante river,-36.567,-71.750,NA,River,"Jara, 1994",,,,,
Arthropoda,Crustacea,Multicrustacea,Malacostraca,Eumalacostraca,Eucarida,Decapoda,Pleocyemata,Anomura,,Aegloidea,Aeglidae,"Aegla pewenchae Jara, 1994",Chillan river,-36.683,-71.900,NA,River,"Jara, 1994",,,,,
Arthropoda,Crustacea,Multicrustacea,Malacostraca,Eumalacostraca,Eucarida,Decapoda,Pleocyemata,Anomura,,Aegloidea,Aeglidae,"Aegla pewenchae Jara, 1994",Diguillin river,-36.900,-72.083,NA,River,"Jara, 1994",,,,,
Arthropoda,Crustacea,Multicrustacea,Malacostraca,Eumalacostraca,Eucarida,Decapoda,Pleocyemata,Anomura,,Aegloidea,Aeglidae,"Aegla pewenchae Jara, 1994",Dañicalqui river,-37.033,-72.017,NA,River,"Jara, 1994",,,,,
Arthropoda,Crustacea,Multicrustacea,Malacostraca,Eumalacostraca,Eucarida,Decapoda,Pleocyemata,Anomura,,Aegloidea,Aeglidae,"Aegla pewenchae Jara, 1994",Cholguan river,-37.183,-71.983,NA,River,"Jara, 1994",,,,,
Arthropoda,Crustacea,Multicrustacea,Malacostraca,Eumalacostraca,Eucarida,Decapoda,Pleocyemata,Anomura,,Aegloidea,Aeglidae,"Aegla pewenchae Jara, 1994",Huepil river,-37.217,-71.950,NA,River,"Jara, 1994",,,,,
Arthropoda,Crustacea,Multicrustacea,Malacostraca,Eumalacostraca,Eucarida,Decapoda,Pleocyemata,Anomura,,Aegloidea,Aeglidae,"Aegla pewenchae Jara, 1994",Bio Bio river 1,-37.283,-72.717,NA,River,"Jara, 1994",,,,,
Arthropoda,Crustacea,Multicrustacea,Malacostraca,Eumalacostraca,Eucarida,Decapoda,Pleocyemata,Anomura,,Aegloidea,Aeglidae,"Aegla pewenchae Jara, 1994",Bio Bio river 2,-38.633,-71.100,NA,River,"Jara, 1994",,,,,
Arthropoda,Crustacea,Multicrustacea,Malacostraca,Eumalacostraca,Eucarida,Decapoda,Pleocyemata,Anomura,,Aegloidea,Aeglidae,"Aegla pewenchae Jara, 1994",Bio Bio river 3,-38.717,-71.150,NA,River,"Jara, 1994",,,,,
Arthropoda,Crustacea,Multicrustacea,Malacostraca,Eumalacostraca,Eucarida,Decapoda,Pleocyemata,Anomura,,Aegloidea,Aeglidae,"Aegla pewenchae Jara, 1994",Bio Bio river 4,-38.767,-71.233,NA,River,"Jara, 1994",,,,,
Arthropoda,Crustacea,Multicrustacea,Malacostraca,Eumalacostraca,Eucarida,Decapoda,Pleocyemata,Anomura,,Aegloidea,Aeglidae,"Aegla pewenchae Jara, 1994",Bio Bio river 5,-38.804,-71.158,NA,River,Barria et al 2014,,,,,
Arthropoda,Crustacea,Multicrustacea,Malacostraca,Eumalacostraca,Eucarida,Decapoda,Pleocyemata,Anomura,,Aegloidea,Aeglidae,"Aegla pewenchae Jara, 1994",Laja river ,-37.300,-71.967,NA,River,"Jara, 1994",,,,,
Arthropoda,Crustacea,Multicrustacea,Malacostraca,Eumalacostraca,Eucarida,Decapoda,Pleocyemata,Anomura,,Aegloidea,Aeglidae,"Aegla pewenchae Jara, 1994",Cholguahue river,-37.483,-72.217,NA,River,"Jara, 1994",,,,,
Arthropoda,Crustacea,Multicrustacea,Malacostraca,Eumalacostraca,Eucarida,Decapoda,Pleocyemata,Anomura,,Aegloidea,Aeglidae,"Aegla pewenchae Jara, 1994",Quilleco river,-37.500,-71.983,NA,River,"Jara, 1994",,,,,
Arthropoda,Crustacea,Multicrustacea,Malacostraca,Eumalacostraca,Eucarida,Decapoda,Pleocyemata,Anomura,,Aegloidea,Aeglidae,"Aegla pewenchae Jara, 1994",Duqueco river,-37.917,-72.150,NA,River,"Jara, 1994",,,,,
Arthropoda,Crustacea,Multicrustacea,Malacostraca,Eumalacostraca,Eucarida,Decapoda,Pleocyemata,Anomura,,Aegloidea,Aeglidae,"Aegla pewenchae Jara, 1994",Huequecura river,-37.683,-71.767,NA,River,"Jara, 1994",,,,,
Arthropoda,Crustacea,Multicrustacea,Malacostraca,Eumalacostraca,Eucarida,Decapoda,Pleocyemata,Anomura,,Aegloidea,Aeglidae,"Aegla pewenchae Jara, 1994",Mulchen river,-37.717,-72.250,NA,River,"Jara, 1994",,,,,
Arthropoda,Crustacea,Multicrustacea,Malacostraca,Eumalacostraca,Eucarida,Decapoda,Pleocyemata,Anomura,,Aegloidea,Aeglidae,"Aegla pewenchae Jara, 1994",Malleco river,-37.783,-72.683,NA,River,"Jara, 1994",,,,,
Arthropoda,Crustacea,Multicrustacea,Malacostraca,Eumalacostraca,Eucarida,Decapoda,Pleocyemata,Anomura,,Aegloidea,Aeglidae,"Aegla pewenchae Jara, 1994",Queuco river,-37.850,-71.633,NA,River,"Jara, 1994",,,,,
Arthropoda,Crustacea,Multicrustacea,Malacostraca,Eumalacostraca,Eucarida,Decapoda,Pleocyemata,Anomura,,Aegloidea,Aeglidae,"Aegla pewenchae Jara, 1994",Renaico river,-37.850,-72.383,NA,River,"Jara, 1994",,,,,
Arthropoda,Crustacea,Multicrustacea,Malacostraca,Eumalacostraca,Eucarida,Decapoda,Pleocyemata,Anomura,,Aegloidea,Aeglidae,"Aegla pewenchae Jara, 1994",Malleco river ,-37.783,-72.683,NA,River,"Jara, 1994",,,,,
Arthropoda,Crustacea,Multicrustacea,Malacostraca,Eumalacostraca,Eucarida,Decapoda,Pleocyemata,Anomura,,Aegloidea,Aeglidae,"Aegla pewenchae Jara, 1994",Traiguen river,-38.233,-72.317,NA,River,"Jara, 1994",,,,,
Arthropoda,Crustacea,Multicrustacea,Malacostraca,Eumalacostraca,Eucarida,Decapoda,Pleocyemata,Anomura,,Aegloidea,Aeglidae,"Aegla pewenchae Jara, 1994",Quino river,-38.300,-72.417,NA,River,"Jara, 1994",,,,,
Arthropoda,Crustacea,Multicrustacea,Malacostraca,Eumalacostraca,Eucarida,Decapoda,Pleocyemata,Anomura,,Aegloidea,Aeglidae,"Aegla pewenchae Jara, 1994",Colpi river,-38.317,-72.783,NA,River,"Jara, 1994",,,,,
Arthropoda,Crustacea,Multicrustacea,Malacostraca,Eumalacostraca,Eucarida,Decapoda,Pleocyemata,Anomura,,Aegloidea,Aeglidae,"Aegla pewenchae Jara, 1994",Quillén river 1,-38.400,-72.783,NA,River,"Jara, 1994",,,,,
Arthropoda,Crustacea,Multicrustacea,Malacostraca,Eumalacostraca,Eucarida,Decapoda,Pleocyemata,Anomura,,Aegloidea,Aeglidae,"Aegla pewenchae Jara, 1994",Quillén river 2,-38.417,-72.933,NA,River,"Jara, 1994",,,,,
Arthropoda,Crustacea,Multicrustacea,Malacostraca,Eumalacostraca,Eucarida,Decapoda,Pleocyemata,Anomura,,Aegloidea,Aeglidae,"Aegla pewenchae Jara, 1994",Galletué lake,-38.667,-71.317,1160,Lake,"Jara, 1994",,,,,
Arthropoda,Crustacea,Multicrustacea,Malacostraca,Eumalacostraca,Eucarida,Decapoda,Pleocyemata,Astacidea,,Parastacoidea,Parastacidae,"Aegla rostrata Jara, 1977",Gibbs channel - Gabriela Mistral av.,-38.762,-72.738,NA,Stream,"Correa-Araneda et al., 2010",,,,,
Arthropoda,Crustacea,Multicrustacea,Malacostraca,Eumalacostraca,Eucarida,Decapoda,Pleocyemata,Astacidea,,Parastacoidea,Parastacidae,"Aegla rostrata Jara, 1977",Gibbs channel - Labranza,-38.768,-72.761,NA,Stream,"Correa-Araneda et al., 2010",,,,,
Arthropoda,Crustacea,Multicrustacea,Malacostraca,Eumalacostraca,Eucarida,Decapoda,Pleocyemata,Anomura,,Aegloidea,Aeglidae,"Aegla rostrata Jara, 1977",Icalma lake,-38.800,-71.283,1150,Lake,"Jara, 1994",,,,,
Arthropoda,Crustacea,Multicrustacea,Malacostraca,Eumalacostraca,Eucarida,Decapoda,Pleocyemata,Anomura,,Aegloidea,Aeglidae,"Aegla rostrata Jara, 1977",Quepe river - Boroa,-38.850,-72.617,NA,River,"Jara, 1994",,,,,
Arthropoda,Crustacea,Multicrustacea,Malacostraca,Eumalacostraca,Eucarida,Decapoda,Pleocyemata,Anomura,,Aegloidea,Aeglidae,"Aegla rostrata Jara, 1977",Donguil river,-39.100,-72.683,NA,River,"Jara, 1994",,,,,
Arthropoda,Crustacea,Multicrustacea,Malacostraca,Eumalacostraca,Eucarida,Decapoda,Pleocyemata,Anomura,,Aegloidea,Aeglidae,"Aegla rostrata Jara, 1977",NW Riñihue lake,-39.775,-72.442,NA,Lake,"Jara, 1977",,,,,
Arthropoda,Crustacea,Multicrustacea,Malacostraca,Eumalacostraca,Eucarida,Decapoda,Pleocyemata,Anomura,,Aegloidea,Aeglidae,"Aegla rostrata Jara, 1977",Caburgua lake,-39.117,-71.783,505,Lake,"Jara, 1996",,,,,
Arthropoda,Crustacea,Multicrustacea,Malacostraca,Eumalacostraca,Eucarida,Decapoda,Pleocyemata,Anomura,,Aegloidea,Aeglidae,"Aegla rostrata Jara, 1977",Huanuhe river,-39.559,-72.331,233,Lake,"Jara, 1996",,,,,
Arthropoda,Crustacea,Multicrustacea,Malacostraca,Eumalacostraca,Eucarida,Decapoda,Pleocyemata,Anomura,,Aegloidea,Aeglidae,"Aegla rostrata Jara, 1977",Villarrica lake,-39.267,-72.283,220,Lake,"Jara, 1996",,,,,
Arthropoda,Crustacea,Multicrustacea,Malacostraca,Eumalacostraca,Eucarida,Decapoda,Pleocyemata,Anomura,,Aegloidea,Aeglidae,"Aegla rostrata Jara, 1977",Calafquen lake,-39.500,-72.167,209,Lake,"Jara, 1996",,,,,
Arthropoda,Crustacea,Multicrustacea,Malacostraca,Eumalacostraca,Eucarida,Decapoda,Pleocyemata,Anomura,,Aegloidea,Aeglidae,"Aegla spectabilis Jara, 1986",Panguipulli lake,-39.683,-72.250,130,Lake,"Jara, 1996",,,,,
Arthropoda,Crustacea,Multicrustacea,Malacostraca,Eumalacostraca,Eucarida,Decapoda,Pleocyemata,Anomura,,Aegloidea,Aeglidae,"Aegla spectabilis Jara, 1986",Pullinque lake,-39.570,-72.136,200,Lake,"De los Ríos et al., 2019b",,,,,
Arthropoda,Crustacea,Multicrustacea,Malacostraca,Eumalacostraca,Eucarida,Decapoda,Pleocyemata,Astacidea,,Parastacoidea,Parastacidae,"Parastacus nicoleti (Philippi, 1882)",Riñihue lake,-39.817,-72.317,117,Lake,"Jara, 1996",,,,,
Arthropoda,Crustacea,Multicrustacea,Malacostraca,Eumalacostraca,Eucarida,Decapoda,Pleocyemata,Astacidea,,Parastacoidea,Parastacidae,"Parastacus nicoleti (Philippi, 1882)",Cholchol river,-38.600,-72.850,NA,River,"Jara, 1986",,,,,
Arthropoda,Crustacea,Multicrustacea,Malacostraca,Eumalacostraca,Eucarida,Decapoda,Pleocyemata,Astacidea,,Parastacoidea,Parastacidae,"Parastacus nicoleti (Philippi, 1882)",Perquenco river - Galvarino,-38.417,-72.783,NA,River,"Jara, 1986",,,,,
Arthropoda,Crustacea,Multicrustacea,Malacostraca,Eumalacostraca,Eucarida,Decapoda,Pleocyemata,Astacidea,,Parastacoidea,Parastacidae,"Parastacus nicoleti (Philippi, 1882)",Reumen,-39.983,-72.833,175,Flooding plains,"Rudolph, 1995",,,,,
Arthropoda,Crustacea,Multicrustacea,Malacostraca,Eumalacostraca,Eucarida,Decapoda,Pleocyemata,Astacidea,,Parastacoidea,Parastacidae,"Parastacus nicoleti (Philippi, 1882)",San José de la Mariquina,-39.550,-73.050,NA,Flooding plains,"Rudolph, 1995",,,,,
Arthropoda,Crustacea,Multicrustacea,Malacostraca,Eumalacostraca,Eucarida,Decapoda,Pleocyemata,Astacidea,,Parastacoidea,Parastacidae,"Parastacus nicoleti (Philippi, 1882)",Maicolpué,-40.600,-73.733,10,Flooding plains,"Rudolph, 1995",,,,,
Arthropoda,Crustacea,Multicrustacea,Malacostraca,Eumalacostraca,Eucarida,Decapoda,Pleocyemata,Astacidea,,Parastacoidea,Parastacidae,"Parastacus nicoleti (Philippi, 1882)",Gorbea,-39.083,-72.633,110,River,"Rudolph, 2010",,,,,
Arthropoda,Crustacea,Multicrustacea,Malacostraca,Eumalacostraca,Eucarida,Decapoda,Pleocyemata,Astacidea,,Parastacoidea,Parastacidae,"Parastacus nicoleti (Philippi, 1882)",Cahuicura,-39.550,-73.050,NA,Flooding plains,"Rudolph, 1997",,,,,
Arthropoda,Crustacea,Multicrustacea,Malacostraca,Eumalacostraca,Eucarida,Decapoda,Pleocyemata,Astacidea,,Parastacoidea,Parastacidae,"Parastacus nicoleti (Philippi, 1882)",Mehuin,-39.400,-73.200,98,Flooding plains,"Rudolph, 2010",,,,,
Arthropoda,Crustacea,Multicrustacea,Malacostraca,Eumalacostraca,Eucarida,Decapoda,Pleocyemata,Astacidea,,Parastacoidea,Parastacidae,"Parastacus nicoleti (Philippi, 1882)",Chaihuin,-39.950,-73.583,10,Flooding plains,"Rudolph, 2010",,,,,
Arthropoda,Crustacea,Multicrustacea,Malacostraca,Eumalacostraca,Eucarida,Decapoda,Pleocyemata,Astacidea,,Parastacoidea,Parastacidae,"Parastacus nicoleti (Philippi, 1882)",Cumelelfu,-40.083,-73.583,175,Flooding plains,"Rudolph, 2010",,,,,
Arthropoda,Crustacea,Multicrustacea,Malacostraca,Eumalacostraca,Eucarida,Decapoda,Pleocyemata,Astacidea,,Parastacoidea,Parastacidae,"Parastacus nicoleti (Philippi, 1882)",Pichirropulli,-40.133,-73.083,45,Flooding plains,"Rudolph, 2010",,,,,
Arthropoda,Crustacea,Multicrustacea,Malacostraca,Eumalacostraca,Eucarida,Decapoda,Pleocyemata,Astacidea,,Parastacoidea,Parastacidae,"Parastacus nicoleti (Philippi, 1882)",Cofalmo,-40.333,-73.083,NA,Flooding plains,"Rudolph, 2010",,,,,
Arthropoda,Crustacea,Multicrustacea,Malacostraca,Eumalacostraca,Eucarida,Decapoda,Pleocyemata,Astacidea,,Parastacoidea,Parastacidae,"Parastacus nicoleti (Philippi, 1882)",Punotro,-40.550,-73.550,NA,Flooding plains,"Rudolph, 2010",,,,,
Arthropoda,Crustacea,Multicrustacea,Malacostraca,Eumalacostraca,Eucarida,Decapoda,Pleocyemata,Astacidea,,Parastacoidea,Parastacidae,"Parastacus nicoleti (Philippi, 1882)",Curaco,-40.567,-73.200,NA,Flooding plains,"Rudolph, 1995",,,,,
Arthropoda,Crustacea,Multicrustacea,Malacostraca,Eumalacostraca,Eucarida,Decapoda,Pleocyemata,Astacidea,,Parastacoidea,Parastacidae,"Parastacus nicoleti (Philippi, 1882)",Bahía Mansa,-40.583,-73.733,65,Flooding plains,"Rudolph, 2010",,,,,
Arthropoda,Crustacea,Multicrustacea,Malacostraca,Eumalacostraca,Eucarida,Decapoda,Pleocyemata,Astacidea,,Parastacoidea,Parastacidae,"Parastacus nicoleti (Philippi, 1882)",Rucapihuel,-40.583,-73.567,25,Flooding plains,"Rudolph, 2010",,,,,
Arthropoda,Crustacea,Multicrustacea,Malacostraca,Eumalacostraca,Eucarida,Decapoda,Pleocyemata,Astacidea,,Parastacoidea,Parastacidae,"Parastacus nicoleti (Philippi, 1882)",Tril-Tril,-40.600,-73.750,NA,Flooding plains,"Rudolph, 2010",,,,,
Arthropoda,Crustacea,Multicrustacea,Malacostraca,Eumalacostraca,Eucarida,Decapoda,Pleocyemata,Astacidea,,Parastacoidea,Parastacidae,"Parastacus nicoleti (Philippi, 1882)",Liucura,-40.633,-73.750,NA,Flooding plains,"Rudolph, 2010",,,,,
Arthropoda,Crustacea,Multicrustacea,Malacostraca,Eumalacostraca,Eucarida,Decapoda,Pleocyemata,Astacidea,,Parastacoidea,Parastacidae,"Parastacus nicoleti (Philippi, 1882)",Lumaco,-40.633,-73.317,NA,Flooding plains,"Rudolph, 2010",,,,,
Arthropoda,Crustacea,Multicrustacea,Malacostraca,Eumalacostraca,Eucarida,Decapoda,Pleocyemata,Astacidea,,Parastacoidea,Parastacidae,"Parastacus nicoleti (Philippi, 1882)",Cuinco,-40.650,-73.450,NA,Flooding plains,"Rudolph, 2010",,,,,
Arthropoda,Crustacea,Multicrustacea,Malacostraca,Eumalacostraca,Eucarida,Decapoda,Pleocyemata,Astacidea,,Parastacoidea,Parastacidae,"Parastacus nicoleti (Philippi, 1882)",Huilma,-40.667,-73.333,NA,Flooding plains,"Rudolph, 2010",,,,,
Arthropoda,Crustacea,Multicrustacea,Malacostraca,Eumalacostraca,Eucarida,Decapoda,Pleocyemata,Astacidea,,Parastacoidea,Parastacidae,"Parastacus nicoleti (Philippi, 1882)",Monte Verde,-40.717,-73.400,NA,Flooding plains,"Rudolph, 2010",,,,,
Arthropoda,Crustacea,Multicrustacea,Malacostraca,Eumalacostraca,Eucarida,Decapoda,Pleocyemata,Astacidea,,Parastacoidea,Parastacidae,"Parastacus nicoleti (Philippi, 1882)",Tres Esteros ,-40.750,-73.283,NA,Flooding plains,"Rudolph, 2010",,,,,
Arthropoda,Crustacea,Multicrustacea,Malacostraca,Eumalacostraca,Eucarida,Decapoda,Pleocyemata,Astacidea,,Parastacoidea,Parastacidae,"Parastacus nicoleti (Philippi, 1882)",Hueyusca,-40.933,-73.550,NA,Flooding plains,"Rudolph, 2010",,,,,
Arthropoda,Crustacea,Multicrustacea,Malacostraca,Eumalacostraca,Eucarida,Decapoda,Pleocyemata,Astacidea,,Parastacoidea,Parastacidae,"Parastacus nicoleti (Philippi, 1882)",San Pedro Bay,-40.967,-73.783,NA,Flooding plains,"Rudolph, 2010",,,,,
Arthropoda,Crustacea,Multicrustacea,Malacostraca,Eumalacostraca,Eucarida,Decapoda,Pleocyemata,Astacidea,,Parastacoidea,Parastacidae,"Parastacus nicoleti (Philippi, 1882)",Fundo Palos Altos,-39.750,-73.050,NA,Flooding plains,"Bahamonde, 1958",,,,,
Arthropoda,Crustacea,Multicrustacea,Malacostraca,Eumalacostraca,Eucarida,Decapoda,Pleocyemata,Astacidea,,Parastacoidea,Parastacidae,"Parastacus nicoleti (Philippi, 1882)",Fundo Palos Altos,-39.750,-73.050,NA,Flooding plains,"Manning & Hobbs, 1977",,,,,
Arthropoda,Crustacea,Multicrustacea,Malacostraca,Eumalacostraca,Eucarida,Decapoda,Pleocyemata,Astacidea,,Parastacoidea,Parastacidae,"Parastacus nicoleti (Philippi, 1882)",Mafil,-39.671,-72.938,114,Flooding plains,Crandall et al 2000,,,,,
Arthropoda,Crustacea,Multicrustacea,Malacostraca,Eumalacostraca,Eucarida,Decapoda,Pleocyemata,Astacidea,,Parastacoidea,Parastacidae,"Parastacus nicoleti (Philippi, 1882)",Catripulli (Valdivia),-39.780,-73.056,20,Flooding plains,"Bahamonde & Lopez, 1963",,,,,
Arthropoda,Crustacea,Multicrustacea,Malacostraca,Eumalacostraca,Eucarida,Decapoda,Pleocyemata,Astacidea,,Parastacoidea,Parastacidae,"Parastacus nicoleti (Philippi, 1882)",Isla Teja,-39.802,-73.263,15,Flooding plains,Crandall et al 2000,,,,,
Arthropoda,Crustacea,Multicrustacea,Malacostraca,Eumalacostraca,Eucarida,Decapoda,Pleocyemata,Astacidea,,Parastacoidea,Parastacidae,"Parastacus nicoleti (Philippi, 1882)",Valdivia,-39.817,-73.250,10,Flooding plains,"Philippi, 1882",,,,,
Arthropoda,Crustacea,Multicrustacea,Malacostraca,Eumalacostraca,Eucarida,Decapoda,Pleocyemata,Astacidea,,Parastacoidea,Parastacidae,"Parastacus nicoleti (Philippi, 1882)",Valdivia,-39.817,-73.250,10,Flooding plains,"Bahamonde, 1958",,,,,
Arthropoda,Crustacea,Multicrustacea,Malacostraca,Eumalacostraca,Eucarida,Decapoda,Pleocyemata,Astacidea,,Parastacoidea,Parastacidae,"Parastacus nicoleti (Philippi, 1882)",Valdivia,-39.817,-73.250,10,Flooding plains,"Kilian, 1959",,,,,
Arthropoda,Crustacea,Multicrustacea,Malacostraca,Eumalacostraca,Eucarida,Decapoda,Pleocyemata,Astacidea,,Parastacoidea,Parastacidae,"Parastacus nicoleti (Philippi, 1882)",Valdivia,-39.817,-73.250,10,Flooding plains,"Riek, 1971",,,,,
Arthropoda,Crustacea,Multicrustacea,Malacostraca,Eumalacostraca,Eucarida,Decapoda,Pleocyemata,Astacidea,,Parastacoidea,Parastacidae,"Parastacus nicoleti (Philippi, 1882)",Valdivia,-39.817,-73.250,10,Flooding plains,"Manning & Hobbs, 1977",,,,,
Arthropoda,Crustacea,Multicrustacea,Malacostraca,Eumalacostraca,Eucarida,Decapoda,Pleocyemata,Astacidea,,Parastacoidea,Parastacidae,"Parastacus nicoleti (Philippi, 1882)",Valdivia,-39.817,-73.250,10,Flooding plains,Hobbs. 1989,,,,,
Arthropoda,Crustacea,Multicrustacea,Malacostraca,Eumalacostraca,Eucarida,Decapoda,Pleocyemata,Astacidea,,Parastacoidea,Parastacidae,"Parastacus pugnax (Poeppig, 1835)",Fundo Bellavista,-40.066,-72.832,NA,Flooding plains,"Bahamonde & Lopez, 1963",,,,,
Arthropoda,Crustacea,Multicrustacea,Malacostraca,Eumalacostraca,Eucarida,Decapoda,Pleocyemata,Astacidea,,Parastacoidea,Parastacidae,"Parastacus pugnax (Poeppig, 1835)",Fundo Bellavista,-40.066,-72.832,NA,Flooding plains,"Manning & Hobbs, 1977",,,,,
Arthropoda,Crustacea,Multicrustacea,Malacostraca,Eumalacostraca,Eucarida,Decapoda,Pleocyemata,Astacidea,,Parastacoidea,Parastacidae,"Parastacus pugnax (Poeppig, 1835)",Chaquihua river,-41.433,-73.100,NA,River,"Bahamonde, 1958",,,,,
Arthropoda,Crustacea,Multicrustacea,Malacostraca,Eumalacostraca,Eucarida,Decapoda,Pleocyemata,Astacidea,,Parastacoidea,Parastacidae,"Parastacus pugnax (Poeppig, 1835)",Choapa river - confluence with Illapel river,-31.672,-71.284,206,River,Velasquez et al 2022,,,,,
Arthropoda,Crustacea,Multicrustacea,Malacostraca,Eumalacostraca,Eucarida,Decapoda,Pleocyemata,Astacidea,,Parastacoidea,Parastacidae,"Parastacus pugnax (Poeppig, 1835)",Choapa river - confluence with Camisa stream,-31.850,-70.970,460,River,Velasquez et al 2022,,,,,
Arthropoda,Crustacea,Multicrustacea,Malacostraca,Eumalacostraca,Eucarida,Decapoda,Pleocyemata,Astacidea,,Parastacoidea,Parastacidae,"Parastacus pugnax (Poeppig, 1835)",Valparaíso,-33.033,-71.633,NA,Wetland,"Riek, 1971",,,,,
Arthropoda,Crustacea,Multicrustacea,Malacostraca,Eumalacostraca,Eucarida,Decapoda,Pleocyemata,Astacidea,,Parastacoidea,Parastacidae,"Parastacus pugnax (Poeppig, 1835)",Aconcagua river,-32.917,-71.300,NA,River,"Bahamonde & Lopez, 1963",,,,,
Arthropoda,Crustacea,Multicrustacea,Malacostraca,Eumalacostraca,Eucarida,Decapoda,Pleocyemata,Astacidea,,Parastacoidea,Parastacidae,"Parastacus pugnax (Poeppig, 1835)",Quebrada de Córdova,-73.450,-71.633,NA,Stream,"Bahamonde & Lopez, 1963",,,,,
Arthropoda,Crustacea,Multicrustacea,Malacostraca,Eumalacostraca,Eucarida,Decapoda,Pleocyemata,Astacidea,,Parastacoidea,Parastacidae,"Parastacus pugnax (Poeppig, 1835)",El Tabo,-33.483,-71.617,50,Flooding plains,"Bahamonde & Lopez, 1963",,,,,
Arthropoda,Crustacea,Multicrustacea,Malacostraca,Eumalacostraca,Eucarida,Decapoda,Pleocyemata,Astacidea,,Parastacoidea,Parastacidae,"Parastacus pugnax (Poeppig, 1835)",El Monte,-33.683,-71.000,435,Flooding plains,"Bahamonde & Lopez, 1963",,,,,
Arthropoda,Crustacea,Multicrustacea,Malacostraca,Eumalacostraca,Eucarida,Decapoda,Pleocyemata,Astacidea,,Parastacoidea,Parastacidae,"Parastacus pugnax (Poeppig, 1835)",Bucalemu,-34.633,-72.067,49,Flooding plains,"Bahamonde & Lopez, 1963",,,,,
Arthropoda,Crustacea,Multicrustacea,Malacostraca,Eumalacostraca,Eucarida,Decapoda,Pleocyemata,Astacidea,,Parastacoidea,Parastacidae,"Parastacus pugnax (Poeppig, 1835)",Hacienda Torina ,-34.350,-71.333,NA,Flooding plains,"Bahamonde & Lopez, 1963",,,,,
Arthropoda,Crustacea,Multicrustacea,Malacostraca,Eumalacostraca,Eucarida,Decapoda,Pleocyemata,Astacidea,,Parastacoidea,Parastacidae,"Parastacus pugnax (Poeppig, 1835)",Quinahue,-34.683,-71.200,160,Flooding plains,"Bahamonde & Lopez, 1963",,,,,
Arthropoda,Crustacea,Multicrustacea,Malacostraca,Eumalacostraca,Eucarida,Decapoda,Pleocyemata,Astacidea,,Parastacoidea,Parastacidae,"Parastacus pugnax (Poeppig, 1835)",Talca,-35.433,-71.833,138,Flooding plains,"Bahamonde & Lopez, 1963",,,,,
Arthropoda,Crustacea,Multicrustacea,Malacostraca,Eumalacostraca,Eucarida,Decapoda,Pleocyemata,Astacidea,,Parastacoidea,Parastacidae,"Parastacus pugnax (Poeppig, 1835)",Villa Alegre,-35.700,-71.700,123,Flooding plains,"Bahamonde & Lopez, 1963",,,,,
Arthropoda,Crustacea,Multicrustacea,Malacostraca,Eumalacostraca,Eucarida,Decapoda,Pleocyemata,Astacidea,,Parastacoidea,Parastacidae,"Parastacus pugnax (Poeppig, 1835)",Pelluhue,-35.783,-72.583,15,Flooding plains,"Bahamonde, 1961",,,,,
Arthropoda,Crustacea,Multicrustacea,Malacostraca,Eumalacostraca,Eucarida,Decapoda,Pleocyemata,Astacidea,,Parastacoidea,Parastacidae,"Parastacus pugnax (Poeppig, 1835)",Parral,-36.150,-71.833,321,Flooding plains,"Bahamonde & Lopez, 1963",,,,,
Arthropoda,Crustacea,Multicrustacea,Malacostraca,Eumalacostraca,Eucarida,Decapoda,Pleocyemata,Astacidea,,Parastacoidea,Parastacidae,"Parastacus pugnax (Poeppig, 1835)",Parral,-36.150,-71.833,321,Flooding plains,Crandall et al 2000,,,,,
Arthropoda,Crustacea,Multicrustacea,Malacostraca,Eumalacostraca,Eucarida,Decapoda,Pleocyemata,Astacidea,,Parastacoidea,Parastacidae,"Parastacus pugnax (Poeppig, 1835)",Huaraculen stream,-36.400,-71.983,65,Flooding plains,"Bahamonde & Lopez, 1963",,,,,
Arthropoda,Crustacea,Multicrustacea,Malacostraca,Eumalacostraca,Eucarida,Decapoda,Pleocyemata,Astacidea,,Parastacoidea,Parastacidae,"Parastacus pugnax (Poeppig, 1835)",Chillán,-36.600,-72.100,132,Flooding plains,"Porter, 1904",,,,,
Arthropoda,Crustacea,Multicrustacea,Malacostraca,Eumalacostraca,Eucarida,Decapoda,Pleocyemata,Astacidea,,Parastacoidea,Parastacidae,"Parastacus pugnax (Poeppig, 1835)",Chillán,-36.600,-72.100,132,Flooding plains,"Bahamonde & Lopez, 1963",,,,,
Arthropoda,Crustacea,Multicrustacea,Malacostraca,Eumalacostraca,Eucarida,Decapoda,Pleocyemata,Astacidea,,Parastacoidea,Parastacidae,"Parastacus pugnax (Poeppig, 1835)",Tumbes,-36.667,-73.117,51,Flooding plains,"Ortman, 1902",,,,,
Arthropoda,Crustacea,Multicrustacea,Malacostraca,Eumalacostraca,Eucarida,Decapoda,Pleocyemata,Astacidea,,Parastacoidea,Parastacidae,"Parastacus pugnax (Poeppig, 1835)",Tumbes,-36.667,-73.117,51,Flooding plains,"Lenz, 1902",,,,,
Arthropoda,Crustacea,Multicrustacea,Malacostraca,Eumalacostraca,Eucarida,Decapoda,Pleocyemata,Astacidea,,Parastacoidea,Parastacidae,"Parastacus pugnax (Poeppig, 1835)",Penco,-36.733,-72.983,115,Flooding plains,"Llanos et al., 1990",,,,,
Arthropoda,Crustacea,Multicrustacea,Malacostraca,Eumalacostraca,Eucarida,Decapoda,Pleocyemata,Astacidea,,Parastacoidea,Parastacidae,"Parastacus pugnax (Poeppig, 1835)",Penco,-36.733,-72.983,115,Flooding plains,"Martinez et al., 1994",,,,,
Arthropoda,Crustacea,Multicrustacea,Malacostraca,Eumalacostraca,Eucarida,Decapoda,Pleocyemata,Astacidea,,Parastacoidea,Parastacidae,"Parastacus pugnax (Poeppig, 1835)",Talcahuano,-36.720,-73.120,10,Flooding plains,"Poeppig, 1835",,,,,
Arthropoda,Crustacea,Multicrustacea,Malacostraca,Eumalacostraca,Eucarida,Decapoda,Pleocyemata,Astacidea,,Parastacoidea,Parastacidae,"Parastacus pugnax (Poeppig, 1835)",Talcahuano,-36.720,-73.120,10,Flooding plains,"Faxon, 1898",,,,,
Arthropoda,Crustacea,Multicrustacea,Malacostraca,Eumalacostraca,Eucarida,Decapoda,Pleocyemata,Astacidea,,Parastacoidea,Parastacidae,"Parastacus pugnax (Poeppig, 1835)",Talcahuano,-36.720,-73.120,10,Flooding plains,"Lönnberg, 1898",,,,,
Arthropoda,Crustacea,Multicrustacea,Malacostraca,Eumalacostraca,Eucarida,Decapoda,Pleocyemata,Astacidea,,Parastacoidea,Parastacidae,"Parastacus pugnax (Poeppig, 1835)",Talcahuano,-36.720,-73.120,10,Flooding plains,"Ortman, 1902",,,,,
Arthropoda,Crustacea,Multicrustacea,Malacostraca,Eumalacostraca,Eucarida,Decapoda,Pleocyemata,Astacidea,,Parastacoidea,Parastacidae,"Parastacus pugnax (Poeppig, 1835)",Talcahuano,-36.720,-73.120,10,Flooding plains,"Porter, 1904",,,,,
Arthropoda,Crustacea,Multicrustacea,Malacostraca,Eumalacostraca,Eucarida,Decapoda,Pleocyemata,Astacidea,,Parastacoidea,Parastacidae,"Parastacus pugnax (Poeppig, 1835)",Talcahuano,-36.720,-73.120,10,Flooding plains,"Riek, 1971",,,,,
Arthropoda,Crustacea,Multicrustacea,Malacostraca,Eumalacostraca,Eucarida,Decapoda,Pleocyemata,Astacidea,,Parastacoidea,Parastacidae,"Parastacus pugnax (Poeppig, 1835)",San Pedro - Concepción,-36.833,-73.100,NA,Flooding plains,"Bahamonde & Lopez, 1963",,,,,
Arthropoda,Crustacea,Multicrustacea,Malacostraca,Eumalacostraca,Eucarida,Decapoda,Pleocyemata,Astacidea,,Parastacoidea,Parastacidae,"Parastacus pugnax (Poeppig, 1835)",Ramadillas,-37.300,-73.260,NA,Flooding plains,"Rudolph et al., 1991",,,,,
Arthropoda,Crustacea,Multicrustacea,Malacostraca,Eumalacostraca,Eucarida,Decapoda,Pleocyemata,Astacidea,,Parastacoidea,Parastacidae,"Parastacus pugnax (Poeppig, 1835)",Angol,-37.799,-72.709,331,Flooding plains,"Rudolph & Ríos, 1987",,,,,
Arthropoda,Crustacea,Multicrustacea,Malacostraca,Eumalacostraca,Eucarida,Decapoda,Pleocyemata,Astacidea,,Parastacoidea,Parastacidae,"Parastacus pugnax (Poeppig, 1835)",Carahue,-38.717,-73.317,118,Flooding plains,"Bahamonde & Lopez, 1963",,,,,
Arthropoda,Crustacea,Multicrustacea,Malacostraca,Eumalacostraca,Eucarida,Decapoda,Pleocyemata,Astacidea,,Parastacoidea,Parastacidae,"Parastacus pugnax (Poeppig, 1835)",Cholchol,-38.600,-72.850,22,Flooding plains,Crandall et al 2000,,,,,
Arthropoda,Crustacea,Multicrustacea,Malacostraca,Eumalacostraca,Eucarida,Decapoda,Pleocyemata,Astacidea,,Parastacoidea,Parastacidae,"Parastacus pugnax (Poeppig, 1835)",Nehuentué,-38.625,-73.375,9,Flooding plains,"Rudolph, 1997",,,,,
Arthropoda,Crustacea,Multicrustacea,Malacostraca,Eumalacostraca,Peracarida,Isopoda,Asellota,Astacidea,,Janiroidea,Janiriidae,"Parastacus pugnax (Poeppig, 1835)",Petrenco,-38.750,-72.550,120,Wetland,"Correa-Araneda et al., 2017",,,,,
Arthropoda,Crustacea,Multicrustacea,Malacostraca,Eumalacostraca,Peracarida,Isopoda,Asellota,Astacidea,,Janiroidea,Janiriidae,"Parastacus pugnax (Poeppig, 1835)",Quepe,-38.830,-72.630,90,Wetland,"Correa-Araneda et al., 2017",,,,,
Arthropoda,Crustacea,Multicrustacea,Malacostraca,Eumalacostraca,Peracarida,Isopoda,Asellota,Astacidea,,Janiroidea,Janiriidae,"Parastacus pugnax (Poeppig, 1835)",Nohualhue,-38.700,-72.800,150,Wetland,"Correa-Araneda et al., 2017",,,,,
Arthropoda,Crustacea,Multicrustacea,Malacostraca,Eumalacostraca,Peracarida,Isopoda,Asellota,Astacidea,,Janiroidea,Janiriidae,"Parastacus pugnax (Poeppig, 1835)",Vergel,-38.740,-72.580,110,Wetland,"Correa-Araneda et al., 2017",,,,,
Arthropoda,Crustacea,Multicrustacea,Malacostraca,Eumalacostraca,Peracarida,Isopoda,Asellota,Astacidea,,Janiroidea,Janiriidae,"Parastacus pugnax (Poeppig, 1835)",Pumalal,-38.720,-72.500,130,Wetland,"Correa-Araneda et al., 2017",,,,,
Arthropoda,Crustacea,Multicrustacea,Malacostraca,Eumalacostraca,Eucarida,Decapoda,Pleocyemata,Astacidea,,Parastacoidea,Parastacidae,"Parastacus pugnax (Poeppig, 1835)",Nehuentué,-38.625,-73.375,9,Flooding plains,"Rudolph, 1997",,,,,
Arthropoda,Crustacea,Multicrustacea,Malacostraca,Eumalacostraca,Eucarida,Decapoda,Pleocyemata,Astacidea,,Parastacoidea,Parastacidae,"Parastacus pugnax (Poeppig, 1835)",Codegua,-34.033,-70.667,536,Flooding plains,"Silva & Spoerer, 2006",,,,,
Arthropoda,Crustacea,Multicrustacea,Malacostraca,Eumalacostraca,Eucarida,Decapoda,Pleocyemata,Astacidea,,Parastacoidea,Parastacidae,"Parastacus pugnax (Poeppig, 1835)",Graneros,-34.065,-70.727,113,Flooding plains,"Silva & Spoerer, 2006",,,,,
Arthropoda,Crustacea,Multicrustacea,Malacostraca,Eumalacostraca,Eucarida,Decapoda,Pleocyemata,Astacidea,,Parastacoidea,Parastacidae,"Parastacus pugnax (Poeppig, 1835)",San Javier,-35.593,-71.735,112,Flooding plains,"Silva & Spoerer, 2006",,,,,
Arthropoda,Crustacea,Multicrustacea,Malacostraca,Eumalacostraca,Eucarida,Decapoda,Pleocyemata,Astacidea,,Parastacoidea,Parastacidae,"Parastacus pugnax (Poeppig, 1835)",Pahuil,-35.590,-72.586,NA,Flooding plains,"Silva & Spoerer, 2006",,,,,
Arthropoda,Crustacea,Multicrustacea,Malacostraca,Eumalacostraca,Eucarida,Decapoda,Pleocyemata,Astacidea,,Parastacoidea,Parastacidae,"Parastacus pugnax (Poeppig, 1835)",Longaví,-36.234,-71.143,NA,Flooding plains,"Silva & Spoerer, 2006",,,,,
Arthropoda,Crustacea,Multicrustacea,Malacostraca,Eumalacostraca,Eucarida,Decapoda,Pleocyemata,Astacidea,,Parastacoidea,Parastacidae,"Parastacus pugnax (Poeppig, 1835)",Buchupureo,-35.917,-72.170,90,Flooding plains,"Silva & Spoerer, 2006",,,,,
Arthropoda,Crustacea,Multicrustacea,Malacostraca,Eumalacostraca,Eucarida,Decapoda,Pleocyemata,Astacidea,,Parastacoidea,Parastacidae,"Parastacus pugnax (Poeppig, 1835)",Cobquecura,-36.117,-72.783,124,Flooding plains,"Silva & Spoerer, 2006",,,,,
Arthropoda,Crustacea,Multicrustacea,Malacostraca,Eumalacostraca,Eucarida,Decapoda,Pleocyemata,Astacidea,,Parastacoidea,Parastacidae,"Parastacus pugnax (Poeppig, 1835)",Quirihue,-36.267,-72.533,231,Flooding plains,"Silva & Spoerer, 2006",,,,,
Arthropoda,Crustacea,Multicrustacea,Malacostraca,Eumalacostraca,Eucarida,Decapoda,Pleocyemata,Astacidea,,Parastacoidea,Parastacidae,"Parastacus pugnax (Poeppig, 1835)",San Gregorio,-36.283,-71.883,170,Flooding plains,"Silva & Spoerer, 2006",,,,,
Arthropoda,Crustacea,Multicrustacea,Malacostraca,Eumalacostraca,Eucarida,Decapoda,Pleocyemata,Astacidea,,Parastacoidea,Parastacidae,"Parastacus pugnax (Poeppig, 1835)",Mela,-36.350,-72.850,350,Flooding plains,"Silva & Spoerer, 2006",,,,,
Arthropoda,Crustacea,Multicrustacea,Malacostraca,Eumalacostraca,Eucarida,Decapoda,Pleocyemata,Astacidea,,Parastacoidea,Parastacidae,"Parastacus pugnax (Poeppig, 1835)",Vegas del Itata,-36.667,-72.850,NA,Flooding plains,"Silva & Spoerer, 2006",,,,,
Arthropoda,Crustacea,Multicrustacea,Malacostraca,Eumalacostraca,Eucarida,Decapoda,Pleocyemata,Astacidea,,Parastacoidea,Parastacidae,"Parastacus pugnax (Poeppig, 1835)",Boca del Itata,-36.383,-72.867,NA,Flooding plains,"Silva & Spoerer, 2006",,,,,
Arthropoda,Crustacea,Multicrustacea,Malacostraca,Eumalacostraca,Eucarida,Decapoda,Pleocyemata,Astacidea,,Parastacoidea,Parastacidae,"Parastacus pugnax (Poeppig, 1835)",Ninhue,-36.400,-72.383,86,Flooding plains,"Silva & Spoerer, 2006",,,,,
Arthropoda,Crustacea,Multicrustacea,Malacostraca,Eumalacostraca,Eucarida,Decapoda,Pleocyemata,Astacidea,,Parastacoidea,Parastacidae,"Parastacus pugnax (Poeppig, 1835)",Perales,-36.417,-72.867,NA,Flooding plains,"Silva & Spoerer, 2006",,,,,
Arthropoda,Crustacea,Multicrustacea,Malacostraca,Eumalacostraca,Eucarida,Decapoda,Pleocyemata,Astacidea,,Parastacoidea,Parastacidae,"Parastacus pugnax (Poeppig, 1835)",San Carlos,-36.417,-71.950,200,Flooding plains,"Silva & Spoerer, 2006",,,,,
Arthropoda,Crustacea,Multicrustacea,Malacostraca,Eumalacostraca,Eucarida,Decapoda,Pleocyemata,Astacidea,,Parastacoidea,Parastacidae,"Parastacus pugnax (Poeppig, 1835)",Purema,-36.433,-72.833,NA,Flooding plains,"Silva & Spoerer, 2006",,,,,
Arthropoda,Crustacea,Multicrustacea,Malacostraca,Eumalacostraca,Eucarida,Decapoda,Pleocyemata,Astacidea,,Parastacoidea,Parastacidae,"Parastacus pugnax (Poeppig, 1835)",Coelemu,-36.483,-72.683,33,Flooding plains,"Silva & Spoerer, 2006",,,,,
Arthropoda,Crustacea,Multicrustacea,Malacostraca,Eumalacostraca,Eucarida,Decapoda,Pleocyemata,Astacidea,,Parastacoidea,Parastacidae,"Parastacus pugnax (Poeppig, 1835)",San Nicolás,-36.500,-72.200,96,Flooding plains,"Silva & Spoerer, 2006",,,,,
Arthropoda,Crustacea,Multicrustacea,Malacostraca,Eumalacostraca,Eucarida,Decapoda,Pleocyemata,Astacidea,,Parastacoidea,Parastacidae,"Parastacus pugnax (Poeppig, 1835)",San Fabián,-36.550,-72.200,472,Flooding plains,"Silva & Spoerer, 2006",,,,,
Arthropoda,Crustacea,Multicrustacea,Malacostraca,Eumalacostraca,Eucarida,Decapoda,Pleocyemata,Astacidea,,Parastacoidea,Parastacidae,"Parastacus pugnax (Poeppig, 1835)",Ñuble river ,-36.550,-72.167,NA,Flooding plains,"Silva & Spoerer, 2006",,,,,
Arthropoda,Crustacea,Multicrustacea,Malacostraca,Eumalacostraca,Eucarida,Decapoda,Pleocyemata,Astacidea,,Parastacoidea,Parastacidae,"Parastacus pugnax (Poeppig, 1835)",Chillán,-36.600,-72.100,132,Flooding plains,"Silva & Spoerer, 2006",,,,,
Arthropoda,Crustacea,Multicrustacea,Malacostraca,Eumalacostraca,Eucarida,Decapoda,Pleocyemata,Astacidea,,Parastacoidea,Parastacidae,"Parastacus pugnax (Poeppig, 1835)",Quilmo,-36.617,-72.150,155,Flooding plains,"Silva & Spoerer, 2006",,,,,
Arthropoda,Crustacea,Multicrustacea,Malacostraca,Eumalacostraca,Eucarida,Decapoda,Pleocyemata,Astacidea,,Parastacoidea,Parastacidae,"Parastacus pugnax (Poeppig, 1835)",Tomé,-36.617,-72.933,12,Flooding plains,"Silva & Spoerer, 2006",,,,,
Arthropoda,Crustacea,Multicrustacea,Malacostraca,Eumalacostraca,Eucarida,Decapoda,Pleocyemata,Astacidea,,Parastacoidea,Parastacidae,"Parastacus pugnax (Poeppig, 1835)",Ranquil,-36.633,-72.583,41,Flooding plains,"Silva & Spoerer, 2006",,,,,
Arthropoda,Crustacea,Multicrustacea,Malacostraca,Eumalacostraca,Eucarida,Decapoda,Pleocyemata,Astacidea,,Parastacoidea,Parastacidae,"Parastacus pugnax (Poeppig, 1835)",Viejo river,-36.633,-72.267,NA,Flooding plains,"Silva & Spoerer, 2006",,,,,
Arthropoda,Crustacea,Multicrustacea,Malacostraca,Eumalacostraca,Eucarida,Decapoda,Pleocyemata,Astacidea,,Parastacoidea,Parastacidae,"Parastacus pugnax (Poeppig, 1835)",road to Pinto,-36.650,-71.950,NA,Flooding plains,"Silva & Spoerer, 2006",,,,,
Arthropoda,Crustacea,Multicrustacea,Malacostraca,Eumalacostraca,Eucarida,Decapoda,Pleocyemata,Astacidea,,Parastacoidea,Parastacidae,"Parastacus pugnax (Poeppig, 1835)",Quillón,-36.733,-72.467,140,Flooding plains,"Silva & Spoerer, 2006",,,,,
Arthropoda,Crustacea,Multicrustacea,Malacostraca,Eumalacostraca,Eucarida,Decapoda,Pleocyemata,Astacidea,,Parastacoidea,Parastacidae,"Parastacus pugnax (Poeppig, 1835)",road to Penco,-36.750,-73.017,NA,Flooding plains,"Silva & Spoerer, 2006",,,,,
Arthropoda,Crustacea,Multicrustacea,Malacostraca,Eumalacostraca,Eucarida,Decapoda,Pleocyemata,Astacidea,,Parastacoidea,Parastacidae,"Parastacus pugnax (Poeppig, 1835)",Montenegro,-36.800,-72.050,573,Flooding plains,"Silva & Spoerer, 2006",,,,,
Arthropoda,Crustacea,Multicrustacea,Malacostraca,Eumalacostraca,Eucarida,Decapoda,Pleocyemata,Astacidea,,Parastacoidea,Parastacidae,"Parastacus pugnax (Poeppig, 1835)",Florida,-36.800,-72.390,249,Flooding plains,"Silva & Spoerer, 2006",,,,,
Arthropoda,Crustacea,Multicrustacea,Malacostraca,Eumalacostraca,Eucarida,Decapoda,Pleocyemata,Astacidea,,Parastacoidea,Parastacidae,"Parastacus pugnax (Poeppig, 1835)",San Pedro,-36.867,-73.100,74,Flooding plains,"Silva & Spoerer, 2006",,,,,
Arthropoda,Crustacea,Multicrustacea,Malacostraca,Eumalacostraca,Eucarida,Decapoda,Pleocyemata,Astacidea,,Parastacoidea,Parastacidae,"Parastacus pugnax (Poeppig, 1835)",Maipo,-36.900,-72.033,350,Flooding plains,"Silva & Spoerer, 2006",,,,,
Arthropoda,Crustacea,Multicrustacea,Malacostraca,Eumalacostraca,Eucarida,Decapoda,Pleocyemata,Astacidea,,Parastacoidea,Parastacidae,"Parastacus pugnax (Poeppig, 1835)",Hualqui,-36.983,-72.917,39,Flooding plains,"Silva & Spoerer, 2006",,,,,
Arthropoda,Crustacea,Multicrustacea,Malacostraca,Eumalacostraca,Eucarida,Decapoda,Pleocyemata,Astacidea,,Parastacoidea,Parastacidae,"Parastacus pugnax (Poeppig, 1835)",Yungay,-37.100,-72.017,278,Flooding plains,"Silva & Spoerer, 2006",,,,,
Arthropoda,Crustacea,Multicrustacea,Malacostraca,Eumalacostraca,Eucarida,Decapoda,Pleocyemata,Astacidea,,Parastacoidea,Parastacidae,"Parastacus pugnax (Poeppig, 1835)",Santa Juana,-37.183,-72.933,NA,Flooding plains,"Silva & Spoerer, 2006",,,,,
Arthropoda,Crustacea,Multicrustacea,Malacostraca,Eumalacostraca,Eucarida,Decapoda,Pleocyemata,Astacidea,,Parastacoidea,Parastacidae,"Parastacus pugnax (Poeppig, 1835)",San Rosendo,-37.250,-72.717,68,Flooding plains,"Silva & Spoerer, 2006",,,,,
Arthropoda,Crustacea,Multicrustacea,Malacostraca,Eumalacostraca,Eucarida,Decapoda,Pleocyemata,Astacidea,,Parastacoidea,Parastacidae,"Parastacus pugnax (Poeppig, 1835)",Carampangue,-37.250,-72.717,15,Flooding plains,"Silva & Spoerer, 2006",,,,,
Arthropoda,Crustacea,Multicrustacea,Malacostraca,Eumalacostraca,Eucarida,Decapoda,Pleocyemata,Astacidea,,Parastacoidea,Parastacidae,"Parastacus pugnax (Poeppig, 1835)",Arauco,-37.250,-73.250,15,Flooding plains,"Silva & Spoerer, 2006",,,,,
Arthropoda,Crustacea,Multicrustacea,Malacostraca,Eumalacostraca,Eucarida,Decapoda,Pleocyemata,Astacidea,,Parastacoidea,Parastacidae,"Parastacus pugnax (Poeppig, 1835)",Ramadillas,-37.300,-73.267,NA,Flooding plains,"Silva & Spoerer, 2006",,,,,
Arthropoda,Crustacea,Multicrustacea,Malacostraca,Eumalacostraca,Eucarida,Decapoda,Pleocyemata,Astacidea,,Parastacoidea,Parastacidae,"Parastacus pugnax (Poeppig, 1835)",Cancha Rayada,-37.483,-72.283,573,Flooding plains,"Silva & Spoerer, 2006",,,,,
Arthropoda,Crustacea,Multicrustacea,Malacostraca,Eumalacostraca,Eucarida,Decapoda,Pleocyemata,Astacidea,,Parastacoidea,Parastacidae,"Parastacus pugnax (Poeppig, 1835)",La Suerte,-37.550,-72.550,110,Flooding plains,"Silva & Spoerer, 2006",,,,,
Arthropoda,Crustacea,Multicrustacea,Malacostraca,Eumalacostraca,Eucarida,Decapoda,Pleocyemata,Astacidea,,Parastacoidea,Parastacidae,"Parastacus pugnax (Poeppig, 1835)",Gibbs channel - Alcantara,-38.786,-72.640,NA,Stream,"Correa-Araneda et al., 2010",,,,,
Arthropoda,Crustacea,Multicrustacea,Malacostraca,Eumalacostraca,Eucarida,Decapoda,Pleocyemata,Astacidea,,Parastacoidea,Parastacidae,"Parastacus pugnax (Poeppig, 1835)",Gibbs channel - Gabriela Mistral av.,-38.762,-72.738,NA,Stream,"Correa-Araneda et al., 2010",,,,,
Arthropoda,Crustacea,Multicrustacea,Malacostraca,Eumalacostraca,Eucarida,Decapoda,Pleocyemata,Astacidea,,Parastacoidea,Parastacidae,"Parastacus pugnax (Poeppig, 1835)",Gibbs channel - Labranza,-38.768,-72.761,NA,Stream,"Correa-Araneda et al., 2010",,,,,
Arthropoda,Crustacea,Multicrustacea,Malacostraca,Eumalacostraca,Eucarida,Decapoda,Pleocyemata,Astacidea,,Parastacoidea,Parastacidae,"Samastacus spinifrons (Philippi, 1882)",Carahue ,-38.717,-73.317,118,Flooding plains,"Silva & Spoerer, 2006",,,,,
Arthropoda,Crustacea,Multicrustacea,Malacostraca,Eumalacostraca,Eucarida,Decapoda,Pleocyemata,Astacidea,,Parastacoidea,Parastacidae,"Samastacus spinifrons (Philippi, 1882)",Nehuentué,-38.625,-73.375,9,Flooding plains,"Silva & Spoerer, 2006",,,,,
Arthropoda,Crustacea,Multicrustacea,Malacostraca,Eumalacostraca,Eucarida,Decapoda,Pleocyemata,Astacidea,,Parastacoidea,Parastacidae,"Samastacus spinifrons (Philippi, 1882)",Imperialito,-38.800,-73.067,NA,Flooding plains,"De los Ríos-Escalante et al., 2022",,,,,
Arthropoda,Crustacea,Multicrustacea,Malacostraca,Eumalacostraca,Eucarida,Decapoda,Pleocyemata,Astacidea,,Parastacoidea,Parastacidae,"Samastacus spinifrons (Philippi, 1882)",Valparaíso,-33.033,-71.633,NA,Flooding plains,"Faxon, 1914",,,,,
Arthropoda,Crustacea,Multicrustacea,Malacostraca,Eumalacostraca,Eucarida,Decapoda,Pleocyemata,Astacidea,,Parastacoidea,Parastacidae,"Samastacus spinifrons (Philippi, 1882)",Llico,-34.824,-72.046,69,Flooding plains,"Philippi, 1882",,,,,
Arthropoda,Crustacea,Multicrustacea,Malacostraca,Eumalacostraca,Eucarida,Decapoda,Pleocyemata,Astacidea,,Parastacoidea,Parastacidae,"Samastacus spinifrons (Philippi, 1882)",Guaiquillo river - Curicó,-34.983,-71.250,225,River,"Rudolph et al., 1991",,,,,
Arthropoda,Crustacea,Multicrustacea,Malacostraca,Eumalacostraca,Eucarida,Decapoda,Pleocyemata,Astacidea,,Parastacoidea,Parastacidae,"Samastacus spinifrons (Philippi, 1882)",Talca,-35.433,-71.833,138,Flooding plains,"Bahamonde & Lopez, 1963",,,,,
Arthropoda,Crustacea,Multicrustacea,Malacostraca,Eumalacostraca,Eucarida,Decapoda,Pleocyemata,Astacidea,,Parastacoidea,Parastacidae,"Samastacus spinifrons (Philippi, 1882)",Villa Alegre,-35.700,-71.700,123,Flooding plains,"Bahamonde & Lopez, 1963",,,,,
Arthropoda,Crustacea,Multicrustacea,Malacostraca,Eumalacostraca,Eucarida,Decapoda,Pleocyemata,Astacidea,,Parastacoidea,Parastacidae,"Samastacus spinifrons (Philippi, 1882)",Cobquecura (Piedra Iglesia),-36.094,-72.814,40,Flooding plains,"Bahamonde & Lopez, 1963",,,,,
Arthropoda,Crustacea,Multicrustacea,Malacostraca,Eumalacostraca,Eucarida,Decapoda,Pleocyemata,Astacidea,,Parastacoidea,Parastacidae,"Samastacus spinifrons (Philippi, 1882)",Huaraculen stream,-36.400,-71.983,65,Stream,"Bahamonde & Lopez, 1963",,,,,
Arthropoda,Crustacea,Multicrustacea,Malacostraca,Eumalacostraca,Eucarida,Decapoda,Pleocyemata,Astacidea,,Parastacoidea,Parastacidae,"Samastacus spinifrons (Philippi, 1882)",Ñuble stream close to Chillán,-36.550,-72.050,NA,Flooding plains,"Bahamonde & Lopez, 1963",,,,,
Arthropoda,Crustacea,Multicrustacea,Malacostraca,Eumalacostraca,Eucarida,Decapoda,Pleocyemata,Astacidea,,Parastacoidea,Parastacidae,"Samastacus spinifrons (Philippi, 1882)",Chillán,-36.600,-72.100,132,Flooding plains,"Porter, 1904",,,,,
Arthropoda,Crustacea,Multicrustacea,Malacostraca,Eumalacostraca,Eucarida,Decapoda,Pleocyemata,Astacidea,,Parastacoidea,Parastacidae,"Samastacus spinifrons (Philippi, 1882)",Tumbes,-36.667,-73.117,51,Flooding plains,"Lenz, 1902",,,,,
Arthropoda,Crustacea,Multicrustacea,Malacostraca,Eumalacostraca,Eucarida,Decapoda,Pleocyemata,Astacidea,,Parastacoidea,Parastacidae,"Samastacus spinifrons (Philippi, 1882)",Tumbes,-36.667,-73.117,51,Flooding plains,"Ortman, 1902",,,,,
Arthropoda,Crustacea,Multicrustacea,Malacostraca,Eumalacostraca,Eucarida,Decapoda,Pleocyemata,Astacidea,,Parastacoidea,Parastacidae,"Samastacus spinifrons (Philippi, 1882)",Talcahuano,-36.720,-73.120,10,Flooding plains,"Faxon, 1898",,,,,
Arthropoda,Crustacea,Multicrustacea,Malacostraca,Eumalacostraca,Eucarida,Decapoda,Pleocyemata,Astacidea,,Parastacoidea,Parastacidae,"Samastacus spinifrons (Philippi, 1882)",Talcahuano,-36.720,-73.120,10,Flooding plains,"Ortman, 1902",,,,,
Arthropoda,Crustacea,Multicrustacea,Malacostraca,Eumalacostraca,Eucarida,Decapoda,Pleocyemata,Astacidea,,Parastacoidea,Parastacidae,"Samastacus spinifrons (Philippi, 1882)",Lanalhue lake (Contulmo),-38.033,-73.217,602,Lake,"Porter, 1904",,,,,
Arthropoda,Crustacea,Multicrustacea,Malacostraca,Eumalacostraca,Eucarida,Decapoda,Pleocyemata,Astacidea,,Parastacoidea,Parastacidae,"Samastacus spinifrons (Philippi, 1882)",Mulpun river close to Carahue,-38.717,-73.100,NA,River,"Bahamonde, 1951",,,,,
Arthropoda,Crustacea,Multicrustacea,Malacostraca,Eumalacostraca,Eucarida,Decapoda,Pleocyemata,Astacidea,,Parastacoidea,Parastacidae,"Samastacus spinifrons (Philippi, 1882)",Imperial river,-38.183,-72.000,NA,River,"Rudolph, 2002a",,,,,
Arthropoda,Crustacea,Multicrustacea,Malacostraca,Eumalacostraca,Eucarida,Decapoda,Pleocyemata,Astacidea,,Parastacoidea,Parastacidae,"Samastacus spinifrons (Philippi, 1882)",Tolten river,-39.167,-73.217,NA,River,"Rudolph, 2002a",,,,,
Arthropoda,Crustacea,Multicrustacea,Malacostraca,Eumalacostraca,Eucarida,Decapoda,Pleocyemata,Astacidea,,Parastacoidea,Parastacidae,"Samastacus spinifrons (Philippi, 1882)",Cruces river - Lanco,-39.450,-72.800,166,River,"Bahamonde & Lopez, 1963",,,,,
Arthropoda,Crustacea,Multicrustacea,Malacostraca,Eumalacostraca,Eucarida,Decapoda,Pleocyemata,Astacidea,,Parastacoidea,Parastacidae,"Samastacus spinifrons (Philippi, 1882)",Cruces river - Lanco,-39.450,-72.800,166,River,Crandall et al 2000,,,,,
Arthropoda,Crustacea,Multicrustacea,Malacostraca,Eumalacostraca,Eucarida,Decapoda,Pleocyemata,Astacidea,,Parastacoidea,Parastacidae,"Samastacus spinifrons (Philippi, 1882)",Valdivia,-39.817,-73.250,10,Flooding plains,"Philippi, 1882",,,,,
Arthropoda,Crustacea,Multicrustacea,Malacostraca,Eumalacostraca,Eucarida,Decapoda,Pleocyemata,Astacidea,,Parastacoidea,Parastacidae,"Samastacus spinifrons (Philippi, 1882)",Llollelhue river - La Unión,-40.290,-73.080,NA,River,"Bahamonde & Lopez, 1963",,,,,
Arthropoda,Crustacea,Multicrustacea,Malacostraca,Eumalacostraca,Eucarida,Decapoda,Pleocyemata,Astacidea,,Parastacoidea,Parastacidae,"Samastacus spinifrons (Philippi, 1882)",Cocule lagoon - La Union,-40.320,-73.120,NA,Flooding plains,"Bahamonde & Lopez, 1963",,,,,
Arthropoda,Crustacea,Multicrustacea,Malacostraca,Eumalacostraca,Eucarida,Decapoda,Pleocyemata,Astacidea,,Parastacoidea,Parastacidae,"Samastacus spinifrons (Philippi, 1882)",Quilen river,-40.383,-73.033,NA,River,"Rudolph, 1999",,,,,
Arthropoda,Crustacea,Multicrustacea,Malacostraca,Eumalacostraca,Eucarida,Decapoda,Pleocyemata,Astacidea,,Parastacoidea,Parastacidae,"Samastacus spinifrons (Philippi, 1882)",Puyehue lake,-40.650,-72.500,141,Lake,"Bahamonde & Lopez, 1963",,,,,
Arthropoda,Crustacea,Multicrustacea,Malacostraca,Eumalacostraca,Eucarida,Decapoda,Pleocyemata,Astacidea,,Parastacoidea,Parastacidae,"Samastacus spinifrons (Philippi, 1882)",Contaco river,-40.583,-73.500,NA,River,"Rudolph, 2002b",,,,,
Arthropoda,Crustacea,Multicrustacea,Malacostraca,Eumalacostraca,Eucarida,Decapoda,Pleocyemata,Astacidea,,Parastacoidea,Parastacidae,"Samastacus spinifrons (Philippi, 1882)",Gol Gol river,-40.600,-72.100,NA,River,"Rudolph, 2002b",,,,,
Arthropoda,Crustacea,Multicrustacea,Malacostraca,Eumalacostraca,Eucarida,Decapoda,Pleocyemata,Astacidea,,Parastacoidea,Parastacidae,"Samastacus spinifrons (Philippi, 1882)",Rahue river,-40.733,-72.983,NA,River,"Rudolph, 2002b",,,,,
Arthropoda,Crustacea,Multicrustacea,Malacostraca,Eumalacostraca,Eucarida,Decapoda,Pleocyemata,Astacidea,,Parastacoidea,Parastacidae,"Samastacus spinifrons (Philippi, 1882)",Forrahue river,-40.800,-73.200,NA,River,"Bocic et al., 1988",,,,,
Arthropoda,Crustacea,Multicrustacea,Malacostraca,Eumalacostraca,Eucarida,Decapoda,Pleocyemata,Astacidea,,Parastacoidea,Parastacidae,"Samastacus spinifrons (Philippi, 1882)",Forrahue river,-40.800,-73.200,NA,River,"Rudolph, 2002b",,,,,
Arthropoda,Crustacea,Multicrustacea,Malacostraca,Eumalacostraca,Eucarida,Decapoda,Pleocyemata,Astacidea,,Parastacoidea,Parastacidae,"Samastacus spinifrons (Philippi, 1882)",Loloco river,-40.933,-73.267,NA,River,"Rudolph, 1999",,,,,
Arthropoda,Crustacea,Multicrustacea,Malacostraca,Eumalacostraca,Eucarida,Decapoda,Pleocyemata,Astacidea,,Parastacoidea,Parastacidae,"Samastacus spinifrons (Philippi, 1882)",Chico river,-41.000,-73.617,NA,River,"Rudolph, 1999",,,,,
Arthropoda,Crustacea,Multicrustacea,Malacostraca,Eumalacostraca,Eucarida,Decapoda,Pleocyemata,Astacidea,,Parastacoidea,Parastacidae,"Samastacus spinifrons (Philippi, 1882)",Chico river,-41.000,-73.617,NA,River,"Rudolph, 2002b",,,,,
Arthropoda,Crustacea,Multicrustacea,Malacostraca,Eumalacostraca,Eucarida,Decapoda,Pleocyemata,Astacidea,,Parastacoidea,Parastacidae,"Samastacus spinifrons (Philippi, 1882)",Llanquihue lake,-41.117,-72.833,70,Lake,"Doflein, 1899",,,,,
Arthropoda,Crustacea,Multicrustacea,Malacostraca,Eumalacostraca,Eucarida,Decapoda,Pleocyemata,Astacidea,,Parastacoidea,Parastacidae,"Samastacus spinifrons (Philippi, 1882)",Llanquihue lake,-41.117,-72.833,70,Lake,"Lenz, 1902",,,,,
Arthropoda,Crustacea,Multicrustacea,Malacostraca,Eumalacostraca,Eucarida,Decapoda,Pleocyemata,Astacidea,,Parastacoidea,Parastacidae,"Samastacus spinifrons (Philippi, 1882)",Llanquihue lake,-41.117,-72.833,70,Lake,"Ortman, 1902",,,,,
Arthropoda,Crustacea,Multicrustacea,Malacostraca,Eumalacostraca,Eucarida,Decapoda,Pleocyemata,Astacidea,,Parastacoidea,Parastacidae,"Samastacus spinifrons (Philippi, 1882)",Llanquihue lake,-41.117,-72.833,70,Lake,"Porter, 1904",,,,,
Arthropoda,Crustacea,Multicrustacea,Malacostraca,Eumalacostraca,Eucarida,Decapoda,Pleocyemata,Astacidea,,Parastacoidea,Parastacidae,"Samastacus spinifrons (Philippi, 1882)",Petrohue river,-41.333,-72.417,NA,River,"Holthuis, 1952",,,,,
Arthropoda,Crustacea,Multicrustacea,Malacostraca,Eumalacostraca,Eucarida,Decapoda,Pleocyemata,Astacidea,,Parastacoidea,Parastacidae,"Samastacus spinifrons (Philippi, 1882)",Puerto Montt,-41.460,-72.900,10,Flooding plains,"Doflein, 1899",,,,,
Arthropoda,Crustacea,Multicrustacea,Malacostraca,Eumalacostraca,Eucarida,Decapoda,Pleocyemata,Astacidea,,Parastacoidea,Parastacidae,"Samastacus spinifrons (Philippi, 1882)",Puerto Montt,-41.460,-72.900,10,Flooding plains,"Ringuelet, 1949",,,,,
Arthropoda,Crustacea,Multicrustacea,Malacostraca,Eumalacostraca,Eucarida,Decapoda,Pleocyemata,Astacidea,,Parastacoidea,Parastacidae,"Samastacus spinifrons (Philippi, 1882)",Tengo island,-41.500,-72.967,NA,Flooding plains,"Ringuelet, 1949",,,,,
Arthropoda,Crustacea,Multicrustacea,Malacostraca,Eumalacostraca,Eucarida,Decapoda,Pleocyemata,Astacidea,,Parastacoidea,Parastacidae,"Samastacus spinifrons (Philippi, 1882)",Gomez river,-41.550,-72.283,NA,River,"Rudolph, 2002b",,,,,
Arthropoda,Crustacea,Multicrustacea,Malacostraca,Eumalacostraca,Eucarida,Decapoda,Pleocyemata,Astacidea,,Parastacoidea,Parastacidae,"Samastacus spinifrons (Philippi, 1882)",Ancud,-41.833,-73.867,NA,River,"Bahamonde, 1951",,,,,
Arthropoda,Crustacea,Multicrustacea,Malacostraca,Eumalacostraca,Eucarida,Decapoda,Pleocyemata,Astacidea,,Parastacoidea,Parastacidae,"Samastacus spinifrons (Philippi, 1882)",La Toma river close to Ancud,-41.867,-73.817,NA,River,"Holthuis, 1952",,,,,
Arthropoda,Crustacea,Multicrustacea,Malacostraca,Eumalacostraca,Eucarida,Decapoda,Pleocyemata,Astacidea,,Parastacoidea,Parastacidae,"Samastacus spinifrons (Philippi, 1882)",Lechagua river close to Ancud,-41.867,-73.900,NA,River,"Holthuis, 1952",,,,,
Arthropoda,Crustacea,Multicrustacea,Malacostraca,Eumalacostraca,Eucarida,Decapoda,Pleocyemata,Astacidea,,Parastacoidea,Parastacidae,"Samastacus spinifrons (Philippi, 1882)",La Toma river close to Ancud,-41.867,-73.817,NA,River,"Bahamonde & Lopez, 1963",,,,,
Arthropoda,Crustacea,Multicrustacea,Malacostraca,Eumalacostraca,Eucarida,Decapoda,Pleocyemata,Astacidea,,Parastacoidea,Parastacidae,"Samastacus spinifrons (Philippi, 1882)",Lechagua river close to Ancud,-41.867,-73.900,NA,River,"Bahamonde & Lopez, 1963",,,,,
Arthropoda,Crustacea,Multicrustacea,Malacostraca,Eumalacostraca,Eucarida,Decapoda,Pleocyemata,Astacidea,,Parastacoidea,Parastacidae,"Samastacus spinifrons (Philippi, 1882)",Dalcahue,-42.383,-73.633,5,River,"Bahamonde & Lopez, 1963",,,,,
Arthropoda,Crustacea,Multicrustacea,Malacostraca,Eumalacostraca,Eucarida,Decapoda,Pleocyemata,Astacidea,,Parastacoidea,Parastacidae,"Virilastacus araucanius (Faxon, 1914)",Cucao lake,-42.633,-74.667,10,Lake,"Bahamonde & Lopez, 1963",,,,,
Arthropoda,Crustacea,Multicrustacea,Malacostraca,Eumalacostraca,Eucarida,Decapoda,Pleocyemata,Astacidea,,Parastacoidea,Parastacidae,"Virilastacus araucanius (Faxon, 1914)",Huillinco lake,-42.667,-73.950,13,Lake,"Bahamonde & Lopez, 1963",,,,,
Arthropoda,Crustacea,Multicrustacea,Malacostraca,Eumalacostraca,Eucarida,Decapoda,Pleocyemata,Astacidea,,Parastacoidea,Parastacidae,"Virilastacus araucanius (Faxon, 1914)",Taitao peninsula,-46.500,-74.500,NA,River,"Porter, 1917",,,,,
Arthropoda,Crustacea,Multicrustacea,Malacostraca,Eumalacostraca,Eucarida,Decapoda,Pleocyemata,Astacidea,,Parastacoidea,Parastacidae,"Virilastacus araucanius (Faxon, 1914)",Cosmito - Penco,-36.767,-73.017,15,Flooding plains,"Bahamonde et al., 1998",,,,,
Arthropoda,Crustacea,Multicrustacea,Malacostraca,Eumalacostraca,Eucarida,Decapoda,Pleocyemata,Astacidea,,Parastacoidea,Parastacidae,"Virilastacus araucanius (Faxon, 1914)",Hualqui,-36.983,-72.917,39,Flooding plains,"Rudolph & Rivas, 1988",,,,,
Arthropoda,Crustacea,Multicrustacea,Malacostraca,Eumalacostraca,Eucarida,Decapoda,Pleocyemata,Astacidea,,Parastacoidea,Parastacidae,"Virilastacus araucanius (Faxon, 1914)",Hualqui,-36.983,-72.917,39,Flooding plains,"Bahamonde et al., 1998",,,,,
Arthropoda,Crustacea,Multicrustacea,Malacostraca,Eumalacostraca,Eucarida,Decapoda,Pleocyemata,Astacidea,,Parastacoidea,Parastacidae,"Virilastacus araucanius (Faxon, 1914)",Queule,-39.317,-73.200,NA,Flooding plains,"Rudolph, 2010",,,,,
Arthropoda,Crustacea,Multicrustacea,Malacostraca,Eumalacostraca,Eucarida,Decapoda,Pleocyemata,Astacidea,,Parastacoidea,Parastacidae,"Virilastacus araucanius (Faxon, 1914)",Mafil,-39.671,-72.938,114,Flooding plains,"Rudolph, 2010",,,,,
Arthropoda,Crustacea,Multicrustacea,Malacostraca,Eumalacostraca,Eucarida,Decapoda,Pleocyemata,Astacidea,,Parastacoidea,Parastacidae,"Virilastacus araucanius (Faxon, 1914)",Isla Teja,-39.802,-73.263,15,Flooding plains,"Jara, 1982",,,,,
Arthropoda,Crustacea,Multicrustacea,Malacostraca,Eumalacostraca,Eucarida,Decapoda,Pleocyemata,Astacidea,,Parastacoidea,Parastacidae,"Virilastacus araucanius (Faxon, 1914)",Isla Teja,-39.802,-73.263,15,Flooding plains,"Hobbs, 1991",,,,,
Arthropoda,Crustacea,Multicrustacea,Malacostraca,Eumalacostraca,Eucarida,Decapoda,Pleocyemata,Astacidea,,Parastacoidea,Parastacidae,"Virilastacus araucanius (Faxon, 1914)",Isla Teja,-39.802,-73.263,15,Flooding plains,"Bahamonde et al., 1998",,,,,
Arthropoda,Crustacea,Multicrustacea,Malacostraca,Eumalacostraca,Eucarida,Decapoda,Pleocyemata,Astacidea,,Parastacoidea,Parastacidae,"Virilastacus araucanius (Faxon, 1914)",Isla Teja,-39.802,-73.263,15,Flooding plains,Crandall et al 2000,,,,,
Arthropoda,Crustacea,Multicrustacea,Malacostraca,Eumalacostraca,Eucarida,Decapoda,Pleocyemata,Astacidea,,Parastacoidea,Parastacidae,"Virilastacus araucanius (Faxon, 1914)",Valdivia,-39.817,-73.250,10,Flooding plains,"Holthuis, 1952",,,,,
Arthropoda,Crustacea,Multicrustacea,Malacostraca,Eumalacostraca,Eucarida,Decapoda,Pleocyemata,Astacidea,,Parastacoidea,Parastacidae,"Virilastacus araucanius (Faxon, 1914)",Valdivia,-39.817,-73.250,10,Flooding plains,"Hobbs, 1989",,,,,
Arthropoda,Crustacea,Multicrustacea,Malacostraca,Eumalacostraca,Eucarida,Decapoda,Pleocyemata,Astacidea,,Parastacoidea,Parastacidae,"Virilastacus araucanius (Faxon, 1914)",Corral,-39.867,-74.433,232,Flooding plains,"Faxon, 1914",,,,,
Arthropoda,Crustacea,Multicrustacea,Malacostraca,Eumalacostraca,Eucarida,Decapoda,Pleocyemata,Astacidea,,Parastacoidea,Parastacidae,"Virilastacus araucanius (Faxon, 1914)",Corral,-39.867,-74.433,232,Flooding plains,"Bahamonde & Lopez, 1963",,,,,
Arthropoda,Crustacea,Multicrustacea,Malacostraca,Eumalacostraca,Eucarida,Decapoda,Pleocyemata,Astacidea,,Parastacoidea,Parastacidae,"Virilastacus araucanius (Faxon, 1914)",Corral,-39.867,-74.433,232,Flooding plains,"Riek, 1971",,,,,
Arthropoda,Crustacea,Multicrustacea,Malacostraca,Eumalacostraca,Eucarida,Decapoda,Pleocyemata,Astacidea,,Parastacoidea,Parastacidae,"Virilastacus araucanius (Faxon, 1914)",Corral,-39.867,-74.433,232,Flooding plains,"Manning & Hobbs, 1977",,,,,
Arthropoda,Crustacea,Multicrustacea,Malacostraca,Eumalacostraca,Eucarida,Decapoda,Pleocyemata,Astacidea,,Parastacoidea,Parastacidae,"Virilastacus araucanius (Faxon, 1914)",Corral,-39.867,-74.433,232,Flooding plains,Hobbs. 1989,,,,,
Arthropoda,Crustacea,Multicrustacea,Malacostraca,Eumalacostraca,Eucarida,Decapoda,Pleocyemata,Astacidea,,Parastacoidea,Parastacidae,"Virilastacus rucapihuelensis Rudolph & Crandall, 2005",Corral,-39.867,-74.433,232,Flooding plains,"Valenzuela, 2011",,,,,
Arthropoda,Crustacea,Multicrustacea,Malacostraca,Eumalacostraca,Eucarida,Decapoda,Pleocyemata,Astacidea,,Parastacoidea,Parastacidae,"Virilastacus rucapihuelensis Rudolph & Crandall, 2005",Chaihuin,-39.950,-73.583,10,Flooding plains,"Rudolph, 2010",,,,,
Arthropoda,Crustacea,Multicrustacea,Malacostraca,Eumalacostraca,Eucarida,Decapoda,Pleocyemata,Astacidea,,Parastacoidea,Parastacidae,"Virilastacus rucapihuelensis Rudolph & Crandall, 2005",Maicolpué,-40.600,-73.733,10,Flooding plains,"Bahamonde et al., 1998",,,,,
Arthropoda,Crustacea,Multicrustacea,Malacostraca,Eumalacostraca,Eucarida,Decapoda,Pleocyemata,Astacidea,,Parastacoidea,Parastacidae,"Virilastacus rucapihuelensis Rudolph & Crandall, 2005",Rucapihuel,-40.583,-73.567,25,Flooding plains,"Rudolph & Crandall, 2005",,,,,
Arthropoda,Crustacea,Multicrustacea,Malacostraca,Eumalacostraca,Eucarida,Decapoda,Pleocyemata,Astacidea,,Parastacoidea,Parastacidae,"Virilastacus rucapihuelensis Rudolph & Crandall, 2005",Rucapihuel,-40.583,-73.567,25,Flooding plains,"Grosso & Peralta, 2009",,,,,
Arthropoda,Crustacea,Multicrustacea,Malacostraca,Eumalacostraca,Eucarida,Decapoda,Pleocyemata,Astacidea,,Parastacoidea,Parastacidae,"Virilastacus rucapihuelensis Rudolph & Crandall, 2005",Coigueria,-40.583,-73.567,NA,Flooding plains,"Grosso & Peralta, 2009",,,,,
Arthropoda,Crustacea,Multicrustacea,Malacostraca,Eumalacostraca,Eucarida,Decapoda,Pleocyemata,Astacidea,,Parastacoidea,Parastacidae,"Virilastacus retamali Rudolph & Crandall, 2007",Carrico,-40.567,-73.533,NA,Flooding plains,"Grosso & Peralta, 2009",,,,,
Arthropoda,Crustacea,Multicrustacea,Malacostraca,Eumalacostraca,Eucarida,Decapoda,Pleocyemata,Astacidea,,Parastacoidea,Parastacidae,"Virilastacus retamali Rudolph & Crandall, 2007",Contaco river,-40.600,-73.517,NA,River,"Grosso & Peralta, 2009",,,,,
Arthropoda,Crustacea,Multicrustacea,Malacostraca,Eumalacostraca,Eucarida,Decapoda,Pleocyemata,Astacidea,,Parastacoidea,Parastacidae,"Virilastacus jarai Rudolph & Crandall, 2012",Loma de Piedra,-40.667,-73.734,NA,Flooding plains,"Grosso & Peralta, 2009",,,,,
Arthropoda,Crustacea,Multicrustacea,Malacostraca,Eumalacostraca,Eucarida,Decapoda,Pleocyemata,Astacidea,,Parastacoidea,Parastacidae,"Virilastacus jarai Rudolph & Crandall, 2012",Rucapihuel,-40.583,-73.567,25,Flooding plains,"Rudolph & Crandall, 2007",,,,,
Arthropoda,Crustacea,Multicrustacea,Malacostraca,Eumalacostraca,Eucarida,Decapoda,Pleocyemata,Astacidea,,Parastacoidea,Parastacidae,"Virilastacus jarai Rudolph & Crandall, 2012",Estaquilla,-41.417,-73.667,NA,Flooding plains,"Rudolph & Crandall, 2007",,,,,
Arthropoda,Crustacea,Multicrustacea,Malacostraca,Eumalacostraca,Eucarida,Decapoda,Pleocyemata,Astacidea,,Parastacoidea,Parastacidae,"Virilastacus jarai Rudolph & Crandall, 2012",Quinta El Porvenir - Los Angeles,-37.267,-72.467,NA,Flooding plains,"Rudolph & Crandall, 2012",,,,,
