scientific_name,month,river_seg,lat,long,elevation,mean_annual_ppt,ratio_valleywidth_to_valleyfloorwidth,ord_str,qd_sd
Aplochiton marinus,4,6187,-35,-72,34.48484848,70.86666718,4.428001112,7,5570.866652
Aplochiton marinus,4,6187,-35,-72,34.48484848,70.86666718,4.428001112,7,5570.866652
Aplochiton marinus,4,6187,-35,-72,34.48484848,70.86666718,4.428001112,7,5570.866652
Aplochiton marinus,4,6187,-35,-72,34.48484848,70.86666718,4.428001112,7,5570.866652
Aplochiton marinus,4,6187,-35,-72,34.48484848,70.86666718,4.428001112,7,5570.866652
Aplochiton marinus,2,5717,-36,-72,89.8125,73.93333588,3.637341519,6,3290.497922
Aplochiton marinus,4,6187,-35,-72,34.48484848,70.86666718,4.428001112,7,5570.866652
Aplochiton marinus,4,6187,-35,-72,34.48484848,70.86666718,4.428001112,7,5570.866652
Aplochiton marinus,4,6187,-35,-72,34.48484848,70.86666718,4.428001112,7,5570.866652
Aplochiton marinus,4,6187,-35,-72,34.48484848,70.86666718,4.428001112,7,5570.866652
Aplochiton marinus,4,6187,-35,-72,34.48484848,70.86666718,4.428001112,7,5570.866652
Aplochiton taeniatus,2,6775,-39,-73,91.29090909,139.761904,7.73398954,4,195.4099444
Australoheros facetus,12,6185,-35,-72,42.15384615,70.0416654,2.680632787,7,5570.866652
Australoheros facetus,12,6185,-35,-72,42.15384615,70.0416654,2.680632787,7,5570.866652
Australoheros facetus,12,6185,-35,-72,42.15384615,70.0416654,2.680632787,7,5570.866652
Australoheros facetus,12,6185,-35,-72,42.15384615,70.0416654,2.680632787,7,5570.866652
Australoheros facetus,12,6185,-35,-72,42.15384615,70.0416654,2.680632787,7,5570.866652
Australoheros facetus,12,6185,-35,-72,42.15384615,70.0416654,2.680632787,7,5570.866652
Australoheros facetus,12,6185,-35,-72,42.15384615,70.0416654,2.680632787,7,5570.866652
Australoheros facetus,12,6185,-35,-72,42.15384615,70.0416654,2.680632787,7,5570.866652
Australoheros facetus,12,6185,-35,-72,42.15384615,70.0416654,2.680632787,7,5570.866652
Australoheros facetus,12,6185,-35,-72,42.15384615,70.0416654,2.680632787,7,5570.866652
Australoheros facetus,4,6187,-35,-72,34.48484848,70.86666718,4.428001112,7,5570.866652
Australoheros facetus,4,6187,-35,-72,34.48484848,70.86666718,4.428001112,7,5570.866652
Australoheros facetus,3,5372,-35,-72,28.65137615,69.65,4.354146694,7,5570.866652
Australoheros facetus,4,6187,-35,-72,34.48484848,70.86666718,4.428001112,7,5570.866652
Australoheros facetus,4,6187,-35,-72,34.48484848,70.86666718,4.428001112,7,5570.866652
Australoheros facetus,4,6187,-35,-72,34.48484848,70.86666718,4.428001112,7,5570.866652
Australoheros facetus,4,6187,-35,-72,34.48484848,70.86666718,4.428001112,7,5570.866652
Australoheros facetus,4,6187,-35,-72,34.48484848,70.86666718,4.428001112,7,5570.866652
Australoheros facetus,3,5372,-35,-72,28.65137615,69.65,4.354146694,7,5570.866652
Australoheros facetus,12,6185,-35,-72,42.15384615,70.0416654,2.680632787,7,5570.866652
Australoheros facetus,12,6185,-35,-72,42.15384615,70.0416654,2.680632787,7,5570.866652
Australoheros facetus,12,6185,-35,-72,42.15384615,70.0416654,2.680632787,7,5570.866652
Australoheros facetus,3,5372,-35,-72,28.65137615,69.65,4.354146694,7,5570.866652
Australoheros facetus,3,5372,-35,-72,28.65137615,69.65,4.354146694,7,5570.866652
Australoheros facetus,3,5372,-35,-72,28.65137615,69.65,4.354146694,7,5570.866652
Australoheros facetus,3,5372,-35,-72,28.65137615,69.65,4.354146694,7,5570.866652
Australoheros facetus,3,5372,-35,-72,28.65137615,69.65,4.354146694,7,5570.866652
Australoheros facetus,3,5372,-35,-72,28.65137615,69.65,4.354146694,7,5570.866652
Australoheros facetus,3,5372,-35,-72,28.65137615,69.65,4.354146694,7,5570.866652
Australoheros facetus,3,5372,-35,-72,28.65137615,69.65,4.354146694,7,5570.866652
Australoheros facetus,3,5372,-35,-72,28.65137615,69.65,4.354146694,7,5570.866652
Australoheros facetus,3,5372,-35,-72,28.65137615,69.65,4.354146694,7,5570.866652
Australoheros facetus,2,5764,-36,-72,81.12037037,71.27777863,4.391394707,6,3290.497922
Australoheros facetus,2,5764,-36,-72,81.12037037,71.27777863,4.391394707,6,3290.497922
Australoheros facetus,4,6187,-35,-72,34.48484848,70.86666718,4.428001112,7,5570.866652
Australoheros facetus,1,6150,-35,-72,54.2,70.59523664,6.287205955,5,1275.259419
Australoheros facetus,1,6150,-35,-72,54.2,70.59523664,6.287205955,5,1275.259419
Australoheros facetus,1,6150,-35,-72,54.2,70.59523664,6.287205955,5,1275.259419
Australoheros facetus,1,6150,-35,-72,54.2,70.59523664,6.287205955,5,1275.259419
Australoheros facetus,1,6150,-35,-72,54.2,70.59523664,6.287205955,5,1275.259419
Australoheros facetus,1,6150,-35,-72,54.2,70.59523664,6.287205955,5,1275.259419
Australoheros facetus,1,6150,-35,-72,54.2,70.59523664,6.287205955,5,1275.259419
Australoheros facetus,1,6150,-35,-72,54.2,70.59523664,6.287205955,5,1275.259419
Australoheros facetus,1,6150,-35,-72,54.2,70.59523664,6.287205955,5,1275.259419
Australoheros facetus,1,6150,-35,-72,54.2,70.59523664,6.287205955,5,1275.259419
Australoheros facetus,1,6150,-35,-72,54.2,70.59523664,6.287205955,5,1275.259419
Australoheros facetus,1,6150,-35,-72,54.2,70.59523664,6.287205955,5,1275.259419
Australoheros facetus,1,6150,-35,-72,54.2,70.59523664,6.287205955,5,1275.259419
Australoheros facetus,1,6150,-35,-72,54.2,70.59523664,6.287205955,5,1275.259419
Australoheros facetus,1,6150,-35,-72,54.2,70.59523664,6.287205955,5,1275.259419
Basilichthys microlepidotus,1,1760,-38,-73,79.125,103.338334,1.344648499,6,6261.697266
Basilichthys microlepidotus,1,1760,-38,-73,79.125,103.338334,1.344648499,6,6261.697266
Basilichthys microlepidotus,2,5993,-36,-72,99.35238095,70.95833333,2.351056413,6,1160.414781
Basilichthys microlepidotus,4,1524,-37,-73,74.05737705,102.6450002,1.207989798,6,3526.717392
Basilichthys microlepidotus,12,1918,-37,-72,338.9216418,111.7864594,2.509841725,5,967.7092813
Basilichthys microlepidotus,12,1918,-37,-72,338.9216418,111.7864594,2.509841725,5,967.7092813
Basilichthys microlepidotus,12,1918,-37,-72,338.9216418,111.7864594,2.509841725,5,967.7092813
Basilichthys microlepidotus,1,1524,-37,-73,74.05737705,102.6450002,1.207989798,6,3526.717392
Basilichthys microlepidotus,2,3610,-34,-71,162.90625,43.16341121,5.718709548,2,1750.389286
Basilichthys microlepidotus,12,1918,-37,-72,338.9216418,111.7864594,2.509841725,5,967.7092813
Basilichthys microlepidotus,2,5993,-36,-72,99.35238095,70.95833333,2.351056413,6,1160.414781
Basilichthys microlepidotus,1,1525,-37,-73,75.06299213,103.4748428,1.291669373,6,3526.717392
Basilichthys microlepidotus,12,1918,-37,-72,338.9216418,111.7864594,2.509841725,5,967.7092813
Basilichthys microlepidotus,1,1760,-38,-73,79.125,103.338334,1.344648499,6,6261.697266
Basilichthys microlepidotus,4,1524,-37,-73,74.05737705,102.6450002,1.207989798,6,3526.717392
Basilichthys microlepidotus,4,1524,-37,-73,74.05737705,102.6450002,1.207989798,6,3526.717392
Basilichthys microlepidotus,12,1918,-37,-72,338.9216418,111.7864594,2.509841725,5,967.7092813
Basilichthys microlepidotus,12,1918,-37,-72,338.9216418,111.7864594,2.509841725,5,967.7092813
Basilichthys microlepidotus,12,1918,-37,-72,338.9216418,111.7864594,2.509841725,5,967.7092813
Basilichthys microlepidotus,2,5993,-36,-72,99.35238095,70.95833333,2.351056413,6,1160.414781
Basilichthys microlepidotus,2,5993,-36,-72,99.35238095,70.95833333,2.351056413,6,1160.414781
Basilichthys microlepidotus,2,8536,-40,-73,50.04424779,189.2916641,13.57040073,3,971.5374943
Basilichthys microlepidotus,1,8532,-40,-73,86.31818182,192.6666667,18.40214676,3,971.5374943
Basilichthys microlepidotus,2,5993,-36,-72,99.35238095,70.95833333,2.351056413,6,1160.414781
Basilichthys microlepidotus,3,8532,-40,-73,86.31818182,192.6666667,18.40214676,3,971.5374943
Basilichthys microlepidotus,3,8532,-40,-73,86.31818182,192.6666667,18.40214676,3,971.5374943
Basilichthys microlepidotus,1,8532,-40,-73,86.31818182,192.6666667,18.40214676,3,971.5374943
Basilichthys microlepidotus,2,5717,-36,-72,89.8125,73.93333588,3.637341519,6,3290.497922
Basilichthys microlepidotus,1,1173,-38,-72,241.6390977,120.9665176,2.296090808,6,3526.717392
Basilichthys microlepidotus,1,1525,-37,-73,75.06299213,103.4748428,1.291669373,6,3526.717392
Basilichthys microlepidotus,1,1525,-37,-73,75.06299213,103.4748428,1.291669373,6,3526.717392
Basilichthys microlepidotus,12,1918,-37,-72,338.9216418,111.7864594,2.509841725,5,967.7092813
Basilichthys microlepidotus,2,5993,-36,-72,99.35238095,70.95833333,2.351056413,6,1160.414781
Basilichthys microlepidotus,1,8532,-40,-73,86.31818182,192.6666667,18.40214676,3,971.5374943
Basilichthys microlepidotus,1,1525,-37,-73,75.06299213,103.4748428,1.291669373,6,3526.717392
Basilichthys microlepidotus,1,1525,-37,-73,75.06299213,103.4748428,1.291669373,6,3526.717392
Basilichthys microlepidotus,1,1525,-37,-73,75.06299213,103.4748428,1.291669373,6,3526.717392
Basilichthys microlepidotus,1,1525,-37,-73,75.06299213,103.4748428,1.291669373,6,3526.717392
Basilichthys microlepidotus,1,1525,-37,-73,75.06299213,103.4748428,1.291669373,6,3526.717392
Basilichthys microlepidotus,1,1525,-37,-73,75.06299213,103.4748428,1.291669373,6,3526.717392
Basilichthys microlepidotus,1,1525,-37,-73,75.06299213,103.4748428,1.291669373,6,3526.717392
Basilichthys microlepidotus,1,1525,-37,-73,75.06299213,103.4748428,1.291669373,6,3526.717392
Basilichthys microlepidotus,1,1525,-37,-73,75.06299213,103.4748428,1.291669373,6,3526.717392
Basilichthys microlepidotus,4,4535,-39,-73,70.40178571,98.70238277,3.160259271,5,1745.722088
Basilichthys microlepidotus,3,8532,-40,-73,86.31818182,192.6666667,18.40214676,3,971.5374943
Basilichthys microlepidotus,3,8532,-40,-73,86.31818182,192.6666667,18.40214676,3,971.5374943
Basilichthys microlepidotus,3,8532,-40,-73,86.31818182,192.6666667,18.40214676,3,971.5374943
Basilichthys microlepidotus,3,8532,-40,-73,86.31818182,192.6666667,18.40214676,3,971.5374943
Basilichthys microlepidotus,3,8532,-40,-73,86.31818182,192.6666667,18.40214676,3,971.5374943
Basilichthys microlepidotus,2,3610,-34,-71,162.90625,43.16341121,5.718709548,2,1750.389286
Basilichthys microlepidotus,1,1760,-38,-73,79.125,103.338334,1.344648499,6,6261.697266
Basilichthys microlepidotus,1,1525,-37,-73,75.06299213,103.4748428,1.291669373,6,3526.717392
Basilichthys microlepidotus,3,818,-37,-72,163.8802083,91.6588527,3.600447729,5,955.1016828
Basilichthys microlepidotus,1,1525,-37,-73,75.06299213,103.4748428,1.291669373,6,3526.717392
Basilichthys microlepidotus,1,1525,-37,-73,75.06299213,103.4748428,1.291669373,6,3526.717392
Basilichthys microlepidotus,1,1525,-37,-73,75.06299213,103.4748428,1.291669373,6,3526.717392
Basilichthys microlepidotus,1,1760,-38,-73,79.125,103.338334,1.344648499,6,6261.697266
Basilichthys microlepidotus,1,1760,-38,-73,79.125,103.338334,1.344648499,6,6261.697266
Basilichthys microlepidotus,1,1525,-37,-73,75.06299213,103.4748428,1.291669373,6,3526.717392
Basilichthys microlepidotus,1,1525,-37,-73,75.06299213,103.4748428,1.291669373,6,3526.717392
Basilichthys microlepidotus,12,1918,-37,-72,338.9216418,111.7864594,2.509841725,5,967.7092813
Basilichthys microlepidotus,12,1918,-37,-72,338.9216418,111.7864594,2.509841725,5,967.7092813
Basilichthys microlepidotus,3,818,-37,-72,163.8802083,91.6588527,3.600447729,5,955.1016828
Basilichthys microlepidotus,3,818,-37,-72,163.8802083,91.6588527,3.600447729,5,955.1016828
Basilichthys microlepidotus,1,1525,-37,-73,75.06299213,103.4748428,1.291669373,6,3526.717392
Basilichthys microlepidotus,1,1525,-37,-73,75.06299213,103.4748428,1.291669373,6,3526.717392
Basilichthys microlepidotus,1,1525,-37,-73,75.06299213,103.4748428,1.291669373,6,3526.717392
Basilichthys microlepidotus,2,4044,-35,-71,201.1388889,64.74999891,4.342244125,4,1544.312195
Basilichthys microlepidotus,2,8538,-40,-73,45.85964912,187.1979198,11.39652594,3,971.5374943
Basilichthys microlepidotus,1,8532,-40,-73,86.31818182,192.6666667,18.40214676,3,971.5374943
Basilichthys microlepidotus,1,8532,-40,-73,86.31818182,192.6666667,18.40214676,3,971.5374943
Basilichthys microlepidotus,1,8532,-40,-73,86.31818182,192.6666667,18.40214676,3,971.5374943
Basilichthys microlepidotus,1,8532,-40,-73,86.31818182,192.6666667,18.40214676,3,971.5374943
Basilichthys microlepidotus,1,1525,-37,-73,75.06299213,103.4748428,1.291669373,6,3526.717392
Basilichthys microlepidotus,1,1525,-37,-73,75.06299213,103.4748428,1.291669373,6,3526.717392
Basilichthys microlepidotus,3,5243,-39,-72,134,134.3333333,3.894006396,5,628.0236726
Basilichthys microlepidotus,3,818,-37,-72,163.8802083,91.6588527,3.600447729,5,955.1016828
Basilichthys microlepidotus,1,7716,-34,-71,445.5423729,39.25,3.435491705,6,1141.36445
Basilichthys microlepidotus,1,1525,-37,-73,75.06299213,103.4748428,1.291669373,6,3526.717392
Basilichthys microlepidotus,4,4535,-39,-73,70.40178571,98.70238277,3.160259271,5,1745.722088
Basilichthys microlepidotus,1,1173,-38,-72,241.6390977,120.9665176,2.296090808,6,3526.717392
Basilichthys microlepidotus,1,1525,-37,-73,75.06299213,103.4748428,1.291669373,6,3526.717392
Basilichthys microlepidotus,1,1525,-37,-73,75.06299213,103.4748428,1.291669373,6,3526.717392
Basilichthys microlepidotus,2,2753,-34,-71,324.9545455,49.77689481,3.956382362,6,165.4004226
Basilichthys microlepidotus,1,1525,-37,-73,75.06299213,103.4748428,1.291669373,6,3526.717392
Basilichthys microlepidotus,1,1524,-37,-73,74.05737705,102.6450002,1.207989798,6,3526.717392
Basilichthys microlepidotus,1,8538,-40,-73,45.85964912,187.1979198,11.39652594,3,971.5374943
Basilichthys microlepidotus,3,8532,-40,-73,86.31818182,192.6666667,18.40214676,3,971.5374943
Basilichthys microlepidotus,3,8532,-40,-73,86.31818182,192.6666667,18.40214676,3,971.5374943
Basilichthys microlepidotus,1,1525,-37,-73,75.06299213,103.4748428,1.291669373,6,3526.717392
Basilichthys microlepidotus,1,1353,-38,-72,357.6867925,140.7681836,6.289933997,4,3019.392631
Basilichthys microlepidotus,3,818,-37,-72,163.8802083,91.6588527,3.600447729,5,955.1016828
Basilichthys microlepidotus,3,818,-37,-72,163.8802083,91.6588527,3.600447729,5,955.1016828
Basilichthys microlepidotus,2,4044,-35,-71,201.1388889,64.74999891,4.342244125,4,1544.312195
Basilichthys microlepidotus,1,1760,-38,-73,79.125,103.338334,1.344648499,6,6261.697266
Basilichthys microlepidotus,1,8532,-40,-73,86.31818182,192.6666667,18.40214676,3,971.5374943
Basilichthys microlepidotus,1,1525,-37,-73,75.06299213,103.4748428,1.291669373,6,3526.717392
Basilichthys microlepidotus,1,1525,-37,-73,75.06299213,103.4748428,1.291669373,6,3526.717392
Basilichthys microlepidotus,1,1525,-37,-73,75.06299213,103.4748428,1.291669373,6,3526.717392
Basilichthys microlepidotus,2,8532,-40,-73,86.31818182,192.6666667,18.40214676,3,971.5374943
Basilichthys microlepidotus,12,1918,-37,-72,338.9216418,111.7864594,2.509841725,5,967.7092813
Basilichthys microlepidotus,2,4044,-35,-71,201.1388889,64.74999891,4.342244125,4,1544.312195
Basilichthys microlepidotus,2,4044,-35,-71,201.1388889,64.74999891,4.342244125,4,1544.312195
Basilichthys microlepidotus,2,4044,-35,-71,201.1388889,64.74999891,4.342244125,4,1544.312195
Basilichthys microlepidotus,3,1385,-38,-72,117.0362694,101.5833359,1.895766663,6,3526.717392
Basilichthys microlepidotus,3,1385,-38,-72,117.0362694,101.5833359,1.895766663,6,3526.717392
Basilichthys microlepidotus,1,1525,-37,-73,75.06299213,103.4748428,1.291669373,6,3526.717392
Basilichthys microlepidotus,1,1525,-37,-73,75.06299213,103.4748428,1.291669373,6,3526.717392
Basilichthys microlepidotus,1,1525,-37,-73,75.06299213,103.4748428,1.291669373,6,3526.717392
Basilichthys microlepidotus,12,1918,-37,-72,338.9216418,111.7864594,2.509841725,5,967.7092813
Basilichthys microlepidotus,1,1525,-37,-73,75.06299213,103.4748428,1.291669373,6,3526.717392
Basilichthys microlepidotus,3,8532,-40,-73,86.31818182,192.6666667,18.40214676,3,971.5374943
Basilichthys microlepidotus,2,5993,-36,-72,99.35238095,70.95833333,2.351056413,6,1160.414781
Basilichthys microlepidotus,1,1525,-37,-73,75.06299213,103.4748428,1.291669373,6,3526.717392
Basilichthys microlepidotus,1,1525,-37,-73,75.06299213,103.4748428,1.291669373,6,3526.717392
Basilichthys microlepidotus,1,1525,-37,-73,75.06299213,103.4748428,1.291669373,6,3526.717392
Basilichthys microlepidotus,1,1524,-37,-73,74.05737705,102.6450002,1.207989798,6,3526.717392
Basilichthys microlepidotus,12,1918,-37,-72,338.9216418,111.7864594,2.509841725,5,967.7092813
Basilichthys microlepidotus,2,8532,-40,-73,86.31818182,192.6666667,18.40214676,3,971.5374943
Basilichthys microlepidotus,2,8532,-40,-73,86.31818182,192.6666667,18.40214676,3,971.5374943
Basilichthys microlepidotus,2,8532,-40,-73,86.31818182,192.6666667,18.40214676,3,971.5374943
Basilichthys microlepidotus,2,8532,-40,-73,86.31818182,192.6666667,18.40214676,3,971.5374943
Basilichthys microlepidotus,2,8532,-40,-73,86.31818182,192.6666667,18.40214676,3,971.5374943
Basilichthys microlepidotus,12,1918,-37,-72,338.9216418,111.7864594,2.509841725,5,967.7092813
Basilichthys microlepidotus,3,8539,-40,-73,44.54807692,186.6944453,11.19482029,3,971.5374943
Basilichthys microlepidotus,12,1918,-37,-72,338.9216418,111.7864594,2.509841725,5,967.7092813
Basilichthys microlepidotus,1,1760,-38,-73,79.125,103.338334,1.344648499,6,6261.697266
Basilichthys microlepidotus,3,5756,-36,-72,109.3333333,75.56666718,4.452714519,4,257.240611
Basilichthys microlepidotus,4,4535,-39,-73,70.40178571,98.70238277,3.160259271,5,1745.722088
Basilichthys microlepidotus,4,4535,-39,-73,70.40178571,98.70238277,3.160259271,5,1745.722088
Basilichthys microlepidotus,4,4535,-39,-73,70.40178571,98.70238277,3.160259271,5,1745.722088
Basilichthys microlepidotus,1,1525,-37,-73,75.06299213,103.4748428,1.291669373,6,3526.717392
Basilichthys microlepidotus,1,1525,-37,-73,75.06299213,103.4748428,1.291669373,6,3526.717392
Basilichthys microlepidotus,3,1942,-37,-72,115.223176,97.42375808,1.710490956,5,967.7092813
Basilichthys microlepidotus,3,1942,-37,-72,115.223176,97.42375808,1.710490956,5,967.7092813
Basilichthys microlepidotus,3,1942,-37,-72,115.223176,97.42375808,1.710490956,5,967.7092813
Basilichthys microlepidotus,12,1918,-37,-72,338.9216418,111.7864594,2.509841725,5,967.7092813
Basilichthys microlepidotus,12,1918,-37,-72,338.9216418,111.7864594,2.509841725,5,967.7092813
Basilichthys microlepidotus,12,1918,-37,-72,338.9216418,111.7864594,2.509841725,5,967.7092813
Basilichthys microlepidotus,3,8532,-40,-73,86.31818182,192.6666667,18.40214676,3,971.5374943
Basilichthys microlepidotus,3,8532,-40,-73,86.31818182,192.6666667,18.40214676,3,971.5374943
Basilichthys microlepidotus,3,8532,-40,-73,86.31818182,192.6666667,18.40214676,3,971.5374943
Basilichthys microlepidotus,1,1525,-37,-73,75.06299213,103.4748428,1.291669373,6,3526.717392
Basilichthys microlepidotus,1,1525,-37,-73,75.06299213,103.4748428,1.291669373,6,3526.717392
Basilichthys microlepidotus,2,8532,-40,-73,86.31818182,192.6666667,18.40214676,3,971.5374943
Basilichthys microlepidotus,2,8532,-40,-73,86.31818182,192.6666667,18.40214676,3,971.5374943
Basilichthys microlepidotus,2,8532,-40,-73,86.31818182,192.6666667,18.40214676,3,971.5374943
Basilichthys microlepidotus,3,8538,-40,-73,45.85964912,187.1979198,11.39652594,3,971.5374943
Basilichthys microlepidotus,2,1933,-37,-72,178.921875,105.1404316,4.258407648,5,967.7092813
Basilichthys microlepidotus,12,1918,-37,-72,338.9216418,111.7864594,2.509841725,5,967.7092813
Basilichthys microlepidotus,3,8531,-40,-73,101.7017544,194.25,19.25817239,3,971.5374943
Basilichthys microlepidotus,3,8531,-40,-73,101.7017544,194.25,19.25817239,3,971.5374943
Basilichthys microlepidotus,3,5756,-36,-72,109.3333333,75.56666718,4.452714519,4,257.240611
Basilichthys microlepidotus,3,5756,-36,-72,109.3333333,75.56666718,4.452714519,4,257.240611
Basilichthys microlepidotus,3,8536,-40,-73,50.04424779,189.2916641,13.57040073,3,971.5374943
Basilichthys microlepidotus,3,8536,-40,-73,50.04424779,189.2916641,13.57040073,3,971.5374943
Basilichthys microlepidotus,3,5756,-36,-72,109.3333333,75.56666718,4.452714519,4,257.240611
Basilichthys microlepidotus,3,5756,-36,-72,109.3333333,75.56666718,4.452714519,4,257.240611
Basilichthys microlepidotus,3,5756,-36,-72,109.3333333,75.56666718,4.452714519,4,257.240611
Basilichthys microlepidotus,3,5756,-36,-72,109.3333333,75.56666718,4.452714519,4,257.240611
Basilichthys microlepidotus,3,5756,-36,-72,109.3333333,75.56666718,4.452714519,4,257.240611
Basilichthys microlepidotus,3,5756,-36,-72,109.3333333,75.56666718,4.452714519,4,257.240611
Basilichthys microlepidotus,3,5756,-36,-72,109.3333333,75.56666718,4.452714519,4,257.240611
Basilichthys microlepidotus,1,1525,-37,-73,75.06299213,103.4748428,1.291669373,6,3526.717392
Basilichthys microlepidotus,1,1525,-37,-73,75.06299213,103.4748428,1.291669373,6,3526.717392
Basilichthys microlepidotus,3,1942,-37,-72,115.223176,97.42375808,1.710490956,5,967.7092813
Basilichthys microlepidotus,1,1525,-37,-73,75.06299213,103.4748428,1.291669373,6,3526.717392
Basilichthys microlepidotus,3,8538,-40,-73,45.85964912,187.1979198,11.39652594,3,971.5374943
Basilichthys microlepidotus,2,8531,-40,-73,101.7017544,194.25,19.25817239,3,971.5374943
Basilichthys microlepidotus,2,8531,-40,-73,101.7017544,194.25,19.25817239,3,971.5374943
Basilichthys microlepidotus,2,8532,-40,-73,86.31818182,192.6666667,18.40214676,3,971.5374943
Basilichthys microlepidotus,2,8532,-40,-73,86.31818182,192.6666667,18.40214676,3,971.5374943
Basilichthys microlepidotus,2,8532,-40,-73,86.31818182,192.6666667,18.40214676,3,971.5374943
Basilichthys microlepidotus,2,8532,-40,-73,86.31818182,192.6666667,18.40214676,3,971.5374943
Basilichthys microlepidotus,2,8532,-40,-73,86.31818182,192.6666667,18.40214676,3,971.5374943
Basilichthys microlepidotus,2,8532,-40,-73,86.31818182,192.6666667,18.40214676,3,971.5374943
Basilichthys microlepidotus,12,1918,-37,-72,338.9216418,111.7864594,2.509841725,5,967.7092813
Basilichthys microlepidotus,12,1918,-37,-72,338.9216418,111.7864594,2.509841725,5,967.7092813
Basilichthys microlepidotus,3,818,-37,-72,163.8802083,91.6588527,3.600447729,5,955.1016828
Basilichthys microlepidotus,3,818,-37,-72,163.8802083,91.6588527,3.600447729,5,955.1016828
Basilichthys microlepidotus,3,818,-37,-72,163.8802083,91.6588527,3.600447729,5,955.1016828
Basilichthys microlepidotus,2,4044,-35,-71,201.1388889,64.74999891,4.342244125,4,1544.312195
Basilichthys microlepidotus,1,1525,-37,-73,75.06299213,103.4748428,1.291669373,6,3526.717392
Basilichthys microlepidotus,1,1525,-37,-73,75.06299213,103.4748428,1.291669373,6,3526.717392
Basilichthys microlepidotus,3,1942,-37,-72,115.223176,97.42375808,1.710490956,5,967.7092813
Basilichthys microlepidotus,1,1525,-37,-73,75.06299213,103.4748428,1.291669373,6,3526.717392
Basilichthys microlepidotus,12,1918,-37,-72,338.9216418,111.7864594,2.509841725,5,967.7092813
Basilichthys microlepidotus,12,1918,-37,-72,338.9216418,111.7864594,2.509841725,5,967.7092813
Basilichthys microlepidotus,12,1918,-37,-72,338.9216418,111.7864594,2.509841725,5,967.7092813
Basilichthys microlepidotus,1,1525,-37,-73,75.06299213,103.4748428,1.291669373,6,3526.717392
Basilichthys microlepidotus,2,5993,-36,-72,99.35238095,70.95833333,2.351056413,6,1160.414781
Basilichthys microlepidotus,12,1918,-37,-72,338.9216418,111.7864594,2.509841725,5,967.7092813
Basilichthys microlepidotus,1,1525,-37,-73,75.06299213,103.4748428,1.291669373,6,3526.717392
Basilichthys microlepidotus,2,8532,-40,-73,86.31818182,192.6666667,18.40214676,3,971.5374943
Basilichthys microlepidotus,2,8532,-40,-73,86.31818182,192.6666667,18.40214676,3,971.5374943
Basilichthys microlepidotus,12,1918,-37,-72,338.9216418,111.7864594,2.509841725,5,967.7092813
Basilichthys microlepidotus,3,1942,-37,-72,115.223176,97.42375808,1.710490956,5,967.7092813
Basilichthys microlepidotus,1,1760,-38,-73,79.125,103.338334,1.344648499,6,6261.697266
Basilichthys microlepidotus,2,8532,-40,-73,86.31818182,192.6666667,18.40214676,3,971.5374943
Basilichthys microlepidotus,1,1173,-38,-72,241.6390977,120.9665176,2.296090808,6,3526.717392
Basilichthys microlepidotus,12,1918,-37,-72,338.9216418,111.7864594,2.509841725,5,967.7092813
Basilichthys microlepidotus,1,1525,-37,-73,75.06299213,103.4748428,1.291669373,6,3526.717392
Basilichthys microlepidotus,1,1524,-37,-73,74.05737705,102.6450002,1.207989798,6,3526.717392
Basilichthys microlepidotus,4,4535,-39,-73,70.40178571,98.70238277,3.160259271,5,1745.722088
Basilichthys microlepidotus,4,4535,-39,-73,70.40178571,98.70238277,3.160259271,5,1745.722088
Basilichthys microlepidotus,1,1525,-37,-73,75.06299213,103.4748428,1.291669373,6,3526.717392
Basilichthys microlepidotus,2,8532,-40,-73,86.31818182,192.6666667,18.40214676,3,971.5374943
Basilichthys microlepidotus,1,1525,-37,-73,75.06299213,103.4748428,1.291669373,6,3526.717392
Basilichthys microlepidotus,2,8531,-40,-73,101.7017544,194.25,19.25817239,3,971.5374943
Basilichthys microlepidotus,2,8532,-40,-73,86.31818182,192.6666667,18.40214676,3,971.5374943
Basilichthys microlepidotus,2,8532,-40,-73,86.31818182,192.6666667,18.40214676,3,971.5374943
Basilichthys microlepidotus,2,8531,-40,-73,101.7017544,194.25,19.25817239,3,971.5374943
Basilichthys microlepidotus,2,8531,-40,-73,101.7017544,194.25,19.25817239,3,971.5374943
Basilichthys microlepidotus,12,1918,-37,-72,338.9216418,111.7864594,2.509841725,5,967.7092813
Basilichthys microlepidotus,1,1524,-37,-73,74.05737705,102.6450002,1.207989798,6,3526.717392
Basilichthys microlepidotus,2,8532,-40,-73,86.31818182,192.6666667,18.40214676,3,971.5374943
Basilichthys microlepidotus,3,5756,-36,-72,109.3333333,75.56666718,4.452714519,4,257.240611
Basilichthys microlepidotus,1,1525,-37,-73,75.06299213,103.4748428,1.291669373,6,3526.717392
Basilichthys microlepidotus,3,818,-37,-72,163.8802083,91.6588527,3.600447729,5,955.1016828
Basilichthys microlepidotus,1,1525,-37,-73,75.06299213,103.4748428,1.291669373,6,3526.717392
Basilichthys microlepidotus,2,4044,-35,-71,201.1388889,64.74999891,4.342244125,4,1544.312195
Basilichthys microlepidotus,2,8531,-40,-73,101.7017544,194.25,19.25817239,3,971.5374943
Basilichthys microlepidotus,3,5756,-36,-72,109.3333333,75.56666718,4.452714519,4,257.240611
Basilichthys microlepidotus,1,1524,-37,-73,74.05737705,102.6450002,1.207989798,6,3526.717392
Basilichthys microlepidotus,1,1525,-37,-73,75.06299213,103.4748428,1.291669373,6,3526.717392
Basilichthys microlepidotus,1,8527,-40,-72,127.3928571,193.9722214,16.10434568,3,971.5374943
Basilichthys microlepidotus,1,1525,-37,-73,75.06299213,103.4748428,1.291669373,6,3526.717392
Basilichthys microlepidotus,2,1919,-37,-72,325.7125984,112.264937,2.674051057,5,967.7092813
Basilichthys microlepidotus,1,1525,-37,-73,75.06299213,103.4748428,1.291669373,6,3526.717392
Basilichthys microlepidotus,3,5756,-36,-72,109.3333333,75.56666718,4.452714519,4,257.240611
Basilichthys microlepidotus,1,7716,-34,-71,445.5423729,39.25,3.435491705,6,1141.36445
Basilichthys microlepidotus,3,5756,-36,-72,109.3333333,75.56666718,4.452714519,4,257.240611
Basilichthys microlepidotus,1,1525,-37,-73,75.06299213,103.4748428,1.291669373,6,3526.717392
Basilichthys microlepidotus,1,1525,-37,-73,75.06299213,103.4748428,1.291669373,6,3526.717392
Brachygalaxias bullocki,2,8507,-40,-73,38.5,185.2833344,2.664263362,4,971.5374943
Brachygalaxias bullocki,2,8507,-40,-73,38.5,185.2833344,2.664263362,4,971.5374943
Bullockia maldonadoi,4,1524,-37,-73,74.05737705,102.6450002,1.207989798,6,3526.717392
Bullockia maldonadoi,4,1524,-37,-73,74.05737705,102.6450002,1.207989798,6,3526.717392
Bullockia maldonadoi,4,1349,-38,-72,455.9098039,148.4282426,27.06829148,3,3019.392631
Bullockia maldonadoi,1,6733,-39,-73,86.61666667,134.1309531,6.433685386,6,2359.225673
Bullockia maldonadoi,3,1385,-38,-72,117.0362694,101.5833359,1.895766663,6,3526.717392
Bullockia maldonadoi,1,1760,-38,-73,79.125,103.338334,1.344648499,6,6261.697266
Bullockia maldonadoi,4,1524,-37,-73,74.05737705,102.6450002,1.207989798,6,3526.717392
Bullockia maldonadoi,3,1563,-38,-72,161.2708333,108.7996618,3.086832117,4,419.5884732
Bullockia maldonadoi,1,1525,-37,-73,75.06299213,103.4748428,1.291669373,6,3526.717392
Bullockia maldonadoi,2,1933,-37,-72,178.921875,105.1404316,4.258407648,5,967.7092813
Bullockia maldonadoi,3,1385,-38,-72,117.0362694,101.5833359,1.895766663,6,3526.717392
Bullockia maldonadoi,3,1385,-38,-72,117.0362694,101.5833359,1.895766663,6,3526.717392
Bullockia maldonadoi,1,1525,-37,-73,75.06299213,103.4748428,1.291669373,6,3526.717392
Bullockia maldonadoi,3,1385,-38,-72,117.0362694,101.5833359,1.895766663,6,3526.717392
Bullockia maldonadoi,3,1385,-38,-72,117.0362694,101.5833359,1.895766663,6,3526.717392
Bullockia maldonadoi,3,1385,-38,-72,117.0362694,101.5833359,1.895766663,6,3526.717392
Bullockia maldonadoi,3,1385,-38,-72,117.0362694,101.5833359,1.895766663,6,3526.717392
Bullockia maldonadoi,4,1524,-37,-73,74.05737705,102.6450002,1.207989798,6,3526.717392
Bullockia maldonadoi,1,1524,-37,-73,74.05737705,102.6450002,1.207989798,6,3526.717392
Bullockia maldonadoi,1,1524,-37,-73,74.05737705,102.6450002,1.207989798,6,3526.717392
Bullockia maldonadoi,1,6733,-39,-73,86.61666667,134.1309531,6.433685386,6,2359.225673
Bullockia maldonadoi,1,1525,-37,-73,75.06299213,103.4748428,1.291669373,6,3526.717392
Bullockia maldonadoi,1,1524,-37,-73,74.05737705,102.6450002,1.207989798,6,3526.717392
Bullockia maldonadoi,3,1563,-38,-72,161.2708333,108.7996618,3.086832117,4,419.5884732
Bullockia maldonadoi,4,1524,-37,-73,74.05737705,102.6450002,1.207989798,6,3526.717392
Bullockia maldonadoi,3,1563,-38,-72,161.2708333,108.7996618,3.086832117,4,419.5884732
Bullockia maldonadoi,4,1524,-37,-73,74.05737705,102.6450002,1.207989798,6,3526.717392
Bullockia maldonadoi,1,1524,-37,-73,74.05737705,102.6450002,1.207989798,6,3526.717392
Bullockia maldonadoi,3,1385,-38,-72,117.0362694,101.5833359,1.895766663,6,3526.717392
Bullockia maldonadoi,3,1385,-38,-72,117.0362694,101.5833359,1.895766663,6,3526.717392
Bullockia maldonadoi,1,6733,-39,-73,86.61666667,134.1309531,6.433685386,6,2359.225673
Bullockia maldonadoi,3,1385,-38,-72,117.0362694,101.5833359,1.895766663,6,3526.717392
Bullockia maldonadoi,3,1385,-38,-72,117.0362694,101.5833359,1.895766663,6,3526.717392
Bullockia maldonadoi,1,1760,-38,-73,79.125,103.338334,1.344648499,6,6261.697266
Bullockia maldonadoi,1,1524,-37,-73,74.05737705,102.6450002,1.207989798,6,3526.717392
Bullockia maldonadoi,3,1365,-38,-72,223.8059701,118.6614585,2.048679998,6,3526.717392
Bullockia maldonadoi,1,1524,-37,-73,74.05737705,102.6450002,1.207989798,6,3526.717392
Bullockia maldonadoi,3,1385,-38,-72,117.0362694,101.5833359,1.895766663,6,3526.717392
Bullockia maldonadoi,1,1760,-38,-73,79.125,103.338334,1.344648499,6,6261.697266
Bullockia maldonadoi,1,1760,-38,-73,79.125,103.338334,1.344648499,6,6261.697266
Bullockia maldonadoi,1,1760,-38,-73,79.125,103.338334,1.344648499,6,6261.697266
Bullockia maldonadoi,3,1385,-38,-72,117.0362694,101.5833359,1.895766663,6,3526.717392
Bullockia maldonadoi,1,1524,-37,-73,74.05737705,102.6450002,1.207989798,6,3526.717392
Bullockia maldonadoi,4,1524,-37,-73,74.05737705,102.6450002,1.207989798,6,3526.717392
Bullockia maldonadoi,1,1524,-37,-73,74.05737705,102.6450002,1.207989798,6,3526.717392
Bullockia maldonadoi,3,1385,-38,-72,117.0362694,101.5833359,1.895766663,6,3526.717392
Bullockia maldonadoi,1,1524,-37,-73,74.05737705,102.6450002,1.207989798,6,3526.717392
Bullockia maldonadoi,3,5243,-39,-72,134,134.3333333,3.894006396,5,628.0236726
Bullockia maldonadoi,1,1524,-37,-73,74.05737705,102.6450002,1.207989798,6,3526.717392
Bullockia maldonadoi,3,1365,-38,-72,223.8059701,118.6614585,2.048679998,6,3526.717392
Bullockia maldonadoi,3,1385,-38,-72,117.0362694,101.5833359,1.895766663,6,3526.717392
Bullockia maldonadoi,1,6733,-39,-73,86.61666667,134.1309531,6.433685386,6,2359.225673
Bullockia maldonadoi,2,1933,-37,-72,178.921875,105.1404316,4.258407648,5,967.7092813
Bullockia maldonadoi,1,1524,-37,-73,74.05737705,102.6450002,1.207989798,6,3526.717392
Bullockia maldonadoi,1,1524,-37,-73,74.05737705,102.6450002,1.207989798,6,3526.717392
Bullockia maldonadoi,1,1760,-38,-73,79.125,103.338334,1.344648499,6,6261.697266
Bullockia maldonadoi,1,1524,-37,-73,74.05737705,102.6450002,1.207989798,6,3526.717392
Bullockia maldonadoi,1,6733,-39,-73,86.61666667,134.1309531,6.433685386,6,2359.225673
Bullockia maldonadoi,1,6733,-39,-73,86.61666667,134.1309531,6.433685386,6,2359.225673
Bullockia maldonadoi,1,1524,-37,-73,74.05737705,102.6450002,1.207989798,6,3526.717392
Bullockia maldonadoi,2,1933,-37,-72,178.921875,105.1404316,4.258407648,5,967.7092813
Bullockia maldonadoi,3,5243,-39,-72,134,134.3333333,3.894006396,5,628.0236726
Bullockia maldonadoi,1,1524,-37,-73,74.05737705,102.6450002,1.207989798,6,3526.717392
Bullockia maldonadoi,3,1385,-38,-72,117.0362694,101.5833359,1.895766663,6,3526.717392
Bullockia maldonadoi,1,6733,-39,-73,86.61666667,134.1309531,6.433685386,6,2359.225673
Bullockia maldonadoi,1,1524,-37,-73,74.05737705,102.6450002,1.207989798,6,3526.717392
Bullockia maldonadoi,1,1524,-37,-73,74.05737705,102.6450002,1.207989798,6,3526.717392
Bullockia maldonadoi,1,1525,-37,-73,75.06299213,103.4748428,1.291669373,6,3526.717392
Bullockia maldonadoi,3,1365,-38,-72,223.8059701,118.6614585,2.048679998,6,3526.717392
Bullockia maldonadoi,3,1385,-38,-72,117.0362694,101.5833359,1.895766663,6,3526.717392
Bullockia maldonadoi,3,5243,-39,-72,134,134.3333333,3.894006396,5,628.0236726
Bullockia maldonadoi,1,1524,-37,-73,74.05737705,102.6450002,1.207989798,6,3526.717392
Bullockia maldonadoi,3,1385,-38,-72,117.0362694,101.5833359,1.895766663,6,3526.717392
Bullockia maldonadoi,1,6733,-39,-73,86.61666667,134.1309531,6.433685386,6,2359.225673
Bullockia maldonadoi,2,1933,-37,-72,178.921875,105.1404316,4.258407648,5,967.7092813
Bullockia maldonadoi,2,1933,-37,-72,178.921875,105.1404316,4.258407648,5,967.7092813
Bullockia maldonadoi,1,1524,-37,-73,74.05737705,102.6450002,1.207989798,6,3526.717392
Bullockia maldonadoi,1,1524,-37,-73,74.05737705,102.6450002,1.207989798,6,3526.717392
Bullockia maldonadoi,3,1385,-38,-72,117.0362694,101.5833359,1.895766663,6,3526.717392
Bullockia maldonadoi,1,1760,-38,-73,79.125,103.338334,1.344648499,6,6261.697266
Bullockia maldonadoi,1,1524,-37,-73,74.05737705,102.6450002,1.207989798,6,3526.717392
Bullockia maldonadoi,1,1524,-37,-73,74.05737705,102.6450002,1.207989798,6,3526.717392
Bullockia maldonadoi,1,1760,-38,-73,79.125,103.338334,1.344648499,6,6261.697266
Bullockia maldonadoi,1,1524,-37,-73,74.05737705,102.6450002,1.207989798,6,3526.717392
Bullockia maldonadoi,4,1524,-37,-73,74.05737705,102.6450002,1.207989798,6,3526.717392
Bullockia maldonadoi,1,1524,-37,-73,74.05737705,102.6450002,1.207989798,6,3526.717392
Bullockia maldonadoi,1,1524,-37,-73,74.05737705,102.6450002,1.207989798,6,3526.717392
Bullockia maldonadoi,1,1524,-37,-73,74.05737705,102.6450002,1.207989798,6,3526.717392
Bullockia maldonadoi,3,1385,-38,-72,117.0362694,101.5833359,1.895766663,6,3526.717392
Bullockia maldonadoi,1,1524,-37,-73,74.05737705,102.6450002,1.207989798,6,3526.717392
Bullockia maldonadoi,1,1524,-37,-73,74.05737705,102.6450002,1.207989798,6,3526.717392
Bullockia maldonadoi,1,6733,-39,-73,86.61666667,134.1309531,6.433685386,6,2359.225673
Bullockia maldonadoi,3,1385,-38,-72,117.0362694,101.5833359,1.895766663,6,3526.717392
Bullockia maldonadoi,1,1524,-37,-73,74.05737705,102.6450002,1.207989798,6,3526.717392
Bullockia maldonadoi,3,1385,-38,-72,117.0362694,101.5833359,1.895766663,6,3526.717392
Bullockia maldonadoi,2,1933,-37,-72,178.921875,105.1404316,4.258407648,5,967.7092813
Bullockia maldonadoi,2,1933,-37,-72,178.921875,105.1404316,4.258407648,5,967.7092813
Bullockia maldonadoi,1,1524,-37,-73,74.05737705,102.6450002,1.207989798,6,3526.717392
Bullockia maldonadoi,1,1524,-37,-73,74.05737705,102.6450002,1.207989798,6,3526.717392
Bullockia maldonadoi,1,6733,-39,-73,86.61666667,134.1309531,6.433685386,6,2359.225673
Bullockia maldonadoi,1,1524,-37,-73,74.05737705,102.6450002,1.207989798,6,3526.717392
Bullockia maldonadoi,1,1524,-37,-73,74.05737705,102.6450002,1.207989798,6,3526.717392
Bullockia maldonadoi,1,1524,-37,-73,74.05737705,102.6450002,1.207989798,6,3526.717392
Bullockia maldonadoi,2,1933,-37,-72,178.921875,105.1404316,4.258407648,5,967.7092813
Bullockia maldonadoi,1,1524,-37,-73,74.05737705,102.6450002,1.207989798,6,3526.717392
Bullockia maldonadoi,3,1385,-38,-72,117.0362694,101.5833359,1.895766663,6,3526.717392
Bullockia maldonadoi,1,1760,-38,-73,79.125,103.338334,1.344648499,6,6261.697266
Bullockia maldonadoi,1,1760,-38,-73,79.125,103.338334,1.344648499,6,6261.697266
Bullockia maldonadoi,1,1524,-37,-73,74.05737705,102.6450002,1.207989798,6,3526.717392
Bullockia maldonadoi,1,1525,-37,-73,75.06299213,103.4748428,1.291669373,6,3526.717392
Bullockia maldonadoi,1,6733,-39,-73,86.61666667,134.1309531,6.433685386,6,2359.225673
Bullockia maldonadoi,1,1760,-38,-73,79.125,103.338334,1.344648499,6,6261.697266
Bullockia maldonadoi,1,1524,-37,-73,74.05737705,102.6450002,1.207989798,6,3526.717392
Bullockia maldonadoi,1,1524,-37,-73,74.05737705,102.6450002,1.207989798,6,3526.717392
Bullockia maldonadoi,2,1933,-37,-72,178.921875,105.1404316,4.258407648,5,967.7092813
Bullockia maldonadoi,1,6733,-39,-73,86.61666667,134.1309531,6.433685386,6,2359.225673
Bullockia maldonadoi,1,6733,-39,-73,86.61666667,134.1309531,6.433685386,6,2359.225673
Bullockia maldonadoi,1,1760,-38,-73,79.125,103.338334,1.344648499,6,6261.697266
Bullockia maldonadoi,1,1524,-37,-73,74.05737705,102.6450002,1.207989798,6,3526.717392
Bullockia maldonadoi,1,1524,-37,-73,74.05737705,102.6450002,1.207989798,6,3526.717392
Bullockia maldonadoi,1,1524,-37,-73,74.05737705,102.6450002,1.207989798,6,3526.717392
Bullockia maldonadoi,1,1524,-37,-73,74.05737705,102.6450002,1.207989798,6,3526.717392
Bullockia maldonadoi,1,6733,-39,-73,86.61666667,134.1309531,6.433685386,6,2359.225673
Bullockia maldonadoi,1,6733,-39,-73,86.61666667,134.1309531,6.433685386,6,2359.225673
Bullockia maldonadoi,2,1933,-37,-72,178.921875,105.1404316,4.258407648,5,967.7092813
Bullockia maldonadoi,1,1524,-37,-73,74.05737705,102.6450002,1.207989798,6,3526.717392
Bullockia maldonadoi,3,1385,-38,-72,117.0362694,101.5833359,1.895766663,6,3526.717392
Bullockia maldonadoi,2,1933,-37,-72,178.921875,105.1404316,4.258407648,5,967.7092813
Bullockia maldonadoi,2,1933,-37,-72,178.921875,105.1404316,4.258407648,5,967.7092813
Bullockia maldonadoi,2,1933,-37,-72,178.921875,105.1404316,4.258407648,5,967.7092813
Bullockia maldonadoi,1,1524,-37,-73,74.05737705,102.6450002,1.207989798,6,3526.717392
Bullockia maldonadoi,1,1524,-37,-73,74.05737705,102.6450002,1.207989798,6,3526.717392
Bullockia maldonadoi,1,1525,-37,-73,75.06299213,103.4748428,1.291669373,6,3526.717392
Bullockia maldonadoi,1,1524,-37,-73,74.05737705,102.6450002,1.207989798,6,3526.717392
Bullockia maldonadoi,1,6733,-39,-73,86.61666667,134.1309531,6.433685386,6,2359.225673
Bullockia maldonadoi,1,6733,-39,-73,86.61666667,134.1309531,6.433685386,6,2359.225673
Bullockia maldonadoi,1,6733,-39,-73,86.61666667,134.1309531,6.433685386,6,2359.225673
Bullockia maldonadoi,1,6733,-39,-73,86.61666667,134.1309531,6.433685386,6,2359.225673
Bullockia maldonadoi,1,6733,-39,-73,86.61666667,134.1309531,6.433685386,6,2359.225673
Bullockia maldonadoi,1,1524,-37,-73,74.05737705,102.6450002,1.207989798,6,3526.717392
Bullockia maldonadoi,3,1385,-38,-72,117.0362694,101.5833359,1.895766663,6,3526.717392
Bullockia maldonadoi,3,1385,-38,-72,117.0362694,101.5833359,1.895766663,6,3526.717392
Bullockia maldonadoi,1,6733,-39,-73,86.61666667,134.1309531,6.433685386,6,2359.225673
Bullockia maldonadoi,1,1353,-38,-72,357.6867925,140.7681836,6.289933997,4,3019.392631
Bullockia maldonadoi,1,6733,-39,-73,86.61666667,134.1309531,6.433685386,6,2359.225673
Bullockia maldonadoi,1,6733,-39,-73,86.61666667,134.1309531,6.433685386,6,2359.225673
Bullockia maldonadoi,1,1524,-37,-73,74.05737705,102.6450002,1.207989798,6,3526.717392
Bullockia maldonadoi,1,1524,-37,-73,74.05737705,102.6450002,1.207989798,6,3526.717392
Bullockia maldonadoi,1,1524,-37,-73,74.05737705,102.6450002,1.207989798,6,3526.717392
Bullockia maldonadoi,1,1524,-37,-73,74.05737705,102.6450002,1.207989798,6,3526.717392
Bullockia maldonadoi,1,1353,-38,-72,357.6867925,140.7681836,6.289933997,4,3019.392631
Bullockia maldonadoi,3,5243,-39,-72,134,134.3333333,3.894006396,5,628.0236726
Bullockia maldonadoi,3,5243,-39,-72,134,134.3333333,3.894006396,5,628.0236726
Bullockia maldonadoi,3,5243,-39,-72,134,134.3333333,3.894006396,5,628.0236726
Bullockia maldonadoi,1,6733,-39,-73,86.61666667,134.1309531,6.433685386,6,2359.225673
Bullockia maldonadoi,2,6775,-39,-73,91.29090909,139.761904,7.73398954,4,195.4099444
Bullockia maldonadoi,1,6733,-39,-73,86.61666667,134.1309531,6.433685386,6,2359.225673
Bullockia maldonadoi,1,6733,-39,-73,86.61666667,134.1309531,6.433685386,6,2359.225673
Bullockia maldonadoi,1,6733,-39,-73,86.61666667,134.1309531,6.433685386,6,2359.225673
Bullockia maldonadoi,1,6733,-39,-73,86.61666667,134.1309531,6.433685386,6,2359.225673
Bullockia maldonadoi,1,6733,-39,-73,86.61666667,134.1309531,6.433685386,6,2359.225673
Bullockia maldonadoi,1,1524,-37,-73,74.05737705,102.6450002,1.207989798,6,3526.717392
Bullockia maldonadoi,1,1525,-37,-73,75.06299213,103.4748428,1.291669373,6,3526.717392
Bullockia maldonadoi,1,1760,-38,-73,79.125,103.338334,1.344648499,6,6261.697266
Bullockia maldonadoi,1,1524,-37,-73,74.05737705,102.6450002,1.207989798,6,3526.717392
Bullockia maldonadoi,1,1524,-37,-73,74.05737705,102.6450002,1.207989798,6,3526.717392
Bullockia maldonadoi,3,1608,-38,-73,87.00401606,100.1915891,1,5,154.1941464
Bullockia maldonadoi,1,6733,-39,-73,86.61666667,134.1309531,6.433685386,6,2359.225673
Bullockia maldonadoi,2,1933,-37,-72,178.921875,105.1404316,4.258407648,5,967.7092813
Bullockia maldonadoi,1,1524,-37,-73,74.05737705,102.6450002,1.207989798,6,3526.717392
Bullockia maldonadoi,1,1525,-37,-73,75.06299213,103.4748428,1.291669373,6,3526.717392
Bullockia maldonadoi,1,6733,-39,-73,86.61666667,134.1309531,6.433685386,6,2359.225673
Bullockia maldonadoi,1,1524,-37,-73,74.05737705,102.6450002,1.207989798,6,3526.717392
Bullockia maldonadoi,3,1385,-38,-72,117.0362694,101.5833359,1.895766663,6,3526.717392
Bullockia maldonadoi,1,1760,-38,-73,79.125,103.338334,1.344648499,6,6261.697266
Bullockia maldonadoi,3,1174,-38,-72,187.8987854,111.7043264,1.16080209,6,3526.717392
Bullockia maldonadoi,1,1524,-37,-73,74.05737705,102.6450002,1.207989798,6,3526.717392
Bullockia maldonadoi,3,1174,-38,-72,187.8987854,111.7043264,1.16080209,6,3526.717392
Bullockia maldonadoi,3,1174,-38,-72,187.8987854,111.7043264,1.16080209,6,3526.717392
Bullockia maldonadoi,2,1933,-37,-72,178.921875,105.1404316,4.258407648,5,967.7092813
Bullockia maldonadoi,2,1933,-37,-72,178.921875,105.1404316,4.258407648,5,967.7092813
Bullockia maldonadoi,1,1525,-37,-73,75.06299213,103.4748428,1.291669373,6,3526.717392
Bullockia maldonadoi,2,1933,-37,-72,178.921875,105.1404316,4.258407648,5,967.7092813
Bullockia maldonadoi,1,1760,-38,-73,79.125,103.338334,1.344648499,6,6261.697266
Bullockia maldonadoi,1,1524,-37,-73,74.05737705,102.6450002,1.207989798,6,3526.717392
Bullockia maldonadoi,1,6733,-39,-73,86.61666667,134.1309531,6.433685386,6,2359.225673
Bullockia maldonadoi,1,6733,-39,-73,86.61666667,134.1309531,6.433685386,6,2359.225673
Bullockia maldonadoi,3,5243,-39,-72,134,134.3333333,3.894006396,5,628.0236726
Bullockia maldonadoi,1,1525,-37,-73,75.06299213,103.4748428,1.291669373,6,3526.717392
Bullockia maldonadoi,1,1524,-37,-73,74.05737705,102.6450002,1.207989798,6,3526.717392
Bullockia maldonadoi,2,6775,-39,-73,91.29090909,139.761904,7.73398954,4,195.4099444
Bullockia maldonadoi,1,1525,-37,-73,75.06299213,103.4748428,1.291669373,6,3526.717392
Bullockia maldonadoi,1,1524,-37,-73,74.05737705,102.6450002,1.207989798,6,3526.717392
Bullockia maldonadoi,3,1608,-38,-73,87.00401606,100.1915891,1,5,154.1941464
Bullockia maldonadoi,3,5243,-39,-72,134,134.3333333,3.894006396,5,628.0236726
Bullockia maldonadoi,1,1525,-37,-73,75.06299213,103.4748428,1.291669373,6,3526.717392
Bullockia maldonadoi,1,1524,-37,-73,74.05737705,102.6450002,1.207989798,6,3526.717392
Bullockia maldonadoi,3,5243,-39,-72,134,134.3333333,3.894006396,5,628.0236726
Bullockia maldonadoi,1,1524,-37,-73,74.05737705,102.6450002,1.207989798,6,3526.717392
Bullockia maldonadoi,1,1524,-37,-73,74.05737705,102.6450002,1.207989798,6,3526.717392
Bullockia maldonadoi,1,6733,-39,-73,86.61666667,134.1309531,6.433685386,6,2359.225673
Bullockia maldonadoi,1,1524,-37,-73,74.05737705,102.6450002,1.207989798,6,3526.717392
Bullockia maldonadoi,1,1524,-37,-73,74.05737705,102.6450002,1.207989798,6,3526.717392
Bullockia maldonadoi,1,6733,-39,-73,86.61666667,134.1309531,6.433685386,6,2359.225673
Bullockia maldonadoi,1,1524,-37,-73,74.05737705,102.6450002,1.207989798,6,3526.717392
Bullockia maldonadoi,1,6733,-39,-73,86.61666667,134.1309531,6.433685386,6,2359.225673
Bullockia maldonadoi,3,5243,-39,-72,134,134.3333333,3.894006396,5,628.0236726
Bullockia maldonadoi,1,1525,-37,-73,75.06299213,103.4748428,1.291669373,6,3526.717392
Bullockia maldonadoi,1,6733,-39,-73,86.61666667,134.1309531,6.433685386,6,2359.225673
Bullockia maldonadoi,1,6733,-39,-73,86.61666667,134.1309531,6.433685386,6,2359.225673
Bullockia maldonadoi,1,1525,-37,-73,75.06299213,103.4748428,1.291669373,6,3526.717392
Bullockia maldonadoi,1,1525,-37,-73,75.06299213,103.4748428,1.291669373,6,3526.717392
Bullockia maldonadoi,3,5243,-39,-72,134,134.3333333,3.894006396,5,628.0236726
Bullockia maldonadoi,2,6775,-39,-73,91.29090909,139.761904,7.73398954,4,195.4099444
Bullockia maldonadoi,1,1525,-37,-73,75.06299213,103.4748428,1.291669373,6,3526.717392
Bullockia maldonadoi,1,6733,-39,-73,86.61666667,134.1309531,6.433685386,6,2359.225673
Bullockia maldonadoi,1,6733,-39,-73,86.61666667,134.1309531,6.433685386,6,2359.225673
Bullockia maldonadoi,1,1525,-37,-73,75.06299213,103.4748428,1.291669373,6,3526.717392
Bullockia maldonadoi,1,1524,-37,-73,74.05737705,102.6450002,1.207989798,6,3526.717392
Bullockia maldonadoi,1,1525,-37,-73,75.06299213,103.4748428,1.291669373,6,3526.717392
Bullockia maldonadoi,2,1933,-37,-72,178.921875,105.1404316,4.258407648,5,967.7092813
Bullockia maldonadoi,1,6733,-39,-73,86.61666667,134.1309531,6.433685386,6,2359.225673
Bullockia maldonadoi,1,6733,-39,-73,86.61666667,134.1309531,6.433685386,6,2359.225673
Bullockia maldonadoi,1,1524,-37,-73,74.05737705,102.6450002,1.207989798,6,3526.717392
Bullockia maldonadoi,1,1525,-37,-73,75.06299213,103.4748428,1.291669373,6,3526.717392
Bullockia maldonadoi,1,1524,-37,-73,74.05737705,102.6450002,1.207989798,6,3526.717392
Bullockia maldonadoi,1,1524,-37,-73,74.05737705,102.6450002,1.207989798,6,3526.717392
Bullockia maldonadoi,3,5243,-39,-72,134,134.3333333,3.894006396,5,628.0236726
Bullockia maldonadoi,1,1524,-37,-73,74.05737705,102.6450002,1.207989798,6,3526.717392
Bullockia maldonadoi,1,1524,-37,-73,74.05737705,102.6450002,1.207989798,6,3526.717392
Bullockia maldonadoi,1,1351,-38,-72,403.459144,142.8271616,4.5816708,3,3019.392631
Bullockia maldonadoi,1,1524,-37,-73,74.05737705,102.6450002,1.207989798,6,3526.717392
Bullockia maldonadoi,1,1349,-38,-72,455.9098039,148.4282426,27.06829148,3,3019.392631
Bullockia maldonadoi,1,6733,-39,-73,86.61666667,134.1309531,6.433685386,6,2359.225673
Bullockia maldonadoi,1,1524,-37,-73,74.05737705,102.6450002,1.207989798,6,3526.717392
Bullockia maldonadoi,1,1525,-37,-73,75.06299213,103.4748428,1.291669373,6,3526.717392
Bullockia maldonadoi,3,5243,-39,-72,134,134.3333333,3.894006396,5,628.0236726
Bullockia maldonadoi,1,1525,-37,-73,75.06299213,103.4748428,1.291669373,6,3526.717392
Bullockia maldonadoi,1,1524,-37,-73,74.05737705,102.6450002,1.207989798,6,3526.717392
Bullockia maldonadoi,2,1933,-37,-72,178.921875,105.1404316,4.258407648,5,967.7092813
Bullockia maldonadoi,1,1524,-37,-73,74.05737705,102.6450002,1.207989798,6,3526.717392
Bullockia maldonadoi,1,6733,-39,-73,86.61666667,134.1309531,6.433685386,6,2359.225673
Bullockia maldonadoi,1,1349,-38,-72,455.9098039,148.4282426,27.06829148,3,3019.392631
Bullockia maldonadoi,3,5243,-39,-72,134,134.3333333,3.894006396,5,628.0236726
Bullockia maldonadoi,1,6733,-39,-73,86.61666667,134.1309531,6.433685386,6,2359.225673
Bullockia maldonadoi,1,1524,-37,-73,74.05737705,102.6450002,1.207989798,6,3526.717392
Bullockia maldonadoi,1,1524,-37,-73,74.05737705,102.6450002,1.207989798,6,3526.717392
Bullockia maldonadoi,1,1525,-37,-73,75.06299213,103.4748428,1.291669373,6,3526.717392
Bullockia maldonadoi,1,1524,-37,-73,74.05737705,102.6450002,1.207989798,6,3526.717392
Bullockia maldonadoi,1,1524,-37,-73,74.05737705,102.6450002,1.207989798,6,3526.717392
Bullockia maldonadoi,1,1525,-37,-73,75.06299213,103.4748428,1.291669373,6,3526.717392
Bullockia maldonadoi,1,6733,-39,-73,86.61666667,134.1309531,6.433685386,6,2359.225673
Bullockia maldonadoi,1,6733,-39,-73,86.61666667,134.1309531,6.433685386,6,2359.225673
Bullockia maldonadoi,2,6775,-39,-73,91.29090909,139.761904,7.73398954,4,195.4099444
Bullockia maldonadoi,1,1525,-37,-73,75.06299213,103.4748428,1.291669373,6,3526.717392
Bullockia maldonadoi,2,1933,-37,-72,178.921875,105.1404316,4.258407648,5,967.7092813
Bullockia maldonadoi,1,1351,-38,-72,403.459144,142.8271616,4.5816708,3,3019.392631
Bullockia maldonadoi,1,1524,-37,-73,74.05737705,102.6450002,1.207989798,6,3526.717392
Bullockia maldonadoi,1,1351,-38,-72,403.459144,142.8271616,4.5816708,3,3019.392631
Bullockia maldonadoi,1,1524,-37,-73,74.05737705,102.6450002,1.207989798,6,3526.717392
Bullockia maldonadoi,1,1524,-37,-73,74.05737705,102.6450002,1.207989798,6,3526.717392
Bullockia maldonadoi,1,1524,-37,-73,74.05737705,102.6450002,1.207989798,6,3526.717392
Bullockia maldonadoi,2,1933,-37,-72,178.921875,105.1404316,4.258407648,5,967.7092813
Bullockia maldonadoi,2,1933,-37,-72,178.921875,105.1404316,4.258407648,5,967.7092813
Bullockia maldonadoi,2,1933,-37,-72,178.921875,105.1404316,4.258407648,5,967.7092813
Bullockia maldonadoi,2,1933,-37,-72,178.921875,105.1404316,4.258407648,5,967.7092813
Bullockia maldonadoi,1,1760,-38,-73,79.125,103.338334,1.344648499,6,6261.697266
Bullockia maldonadoi,1,1524,-37,-73,74.05737705,102.6450002,1.207989798,6,3526.717392
Bullockia maldonadoi,1,1351,-38,-72,403.459144,142.8271616,4.5816708,3,3019.392631
Bullockia maldonadoi,1,1525,-37,-73,75.06299213,103.4748428,1.291669373,6,3526.717392
Bullockia maldonadoi,3,5243,-39,-72,134,134.3333333,3.894006396,5,628.0236726
Bullockia maldonadoi,1,1525,-37,-73,75.06299213,103.4748428,1.291669373,6,3526.717392
Bullockia maldonadoi,1,1351,-38,-72,403.459144,142.8271616,4.5816708,3,3019.392631
Cheirodon australe,2,8532,-40,-73,86.31818182,192.6666667,18.40214676,3,971.5374943
Cheirodon australe,3,8532,-40,-73,86.31818182,192.6666667,18.40214676,3,971.5374943
Cheirodon australe,2,8532,-40,-73,86.31818182,192.6666667,18.40214676,3,971.5374943
Cheirodon australe,2,8534,-40,-73,64.73394495,190.2333344,8.680153355,3,971.5374943
Cheirodon australe,3,8532,-40,-73,86.31818182,192.6666667,18.40214676,3,971.5374943
Cheirodon australe,3,8532,-40,-73,86.31818182,192.6666667,18.40214676,3,971.5374943
Cheirodon australe,2,8532,-40,-73,86.31818182,192.6666667,18.40214676,3,971.5374943
Cheirodon australe,2,8532,-40,-73,86.31818182,192.6666667,18.40214676,3,971.5374943
Cheirodon australe,3,8532,-40,-73,86.31818182,192.6666667,18.40214676,3,971.5374943
Cheirodon australe,3,8532,-40,-73,86.31818182,192.6666667,18.40214676,3,971.5374943
Cheirodon australe,2,8532,-40,-73,86.31818182,192.6666667,18.40214676,3,971.5374943
Cheirodon australe,2,8534,-40,-73,64.73394495,190.2333344,8.680153355,3,971.5374943
Cheirodon australe,2,8532,-40,-73,86.31818182,192.6666667,18.40214676,3,971.5374943
Cheirodon australe,3,8532,-40,-73,86.31818182,192.6666667,18.40214676,3,971.5374943
Cheirodon australe,2,8532,-40,-73,86.31818182,192.6666667,18.40214676,3,971.5374943
Cheirodon australe,3,8532,-40,-73,86.31818182,192.6666667,18.40214676,3,971.5374943
Cheirodon australe,2,8534,-40,-73,64.73394495,190.2333344,8.680153355,3,971.5374943
Cheirodon australe,2,8532,-40,-73,86.31818182,192.6666667,18.40214676,3,971.5374943
Cheirodon australe,2,8534,-40,-73,64.73394495,190.2333344,8.680153355,3,971.5374943
Cheirodon australe,3,8532,-40,-73,86.31818182,192.6666667,18.40214676,3,971.5374943
Cheirodon australe,2,8532,-40,-73,86.31818182,192.6666667,18.40214676,3,971.5374943
Cheirodon australe,2,8534,-40,-73,64.73394495,190.2333344,8.680153355,3,971.5374943
Cheirodon australe,3,8532,-40,-73,86.31818182,192.6666667,18.40214676,3,971.5374943
Cheirodon australe,2,8532,-40,-73,86.31818182,192.6666667,18.40214676,3,971.5374943
Cheirodon australe,2,8532,-40,-73,86.31818182,192.6666667,18.40214676,3,971.5374943
Cheirodon australe,2,8532,-40,-73,86.31818182,192.6666667,18.40214676,3,971.5374943
Cheirodon australe,2,8532,-40,-73,86.31818182,192.6666667,18.40214676,3,971.5374943
Cheirodon australe,2,8534,-40,-73,64.73394495,190.2333344,8.680153355,3,971.5374943
Cheirodon australe,2,8534,-40,-73,64.73394495,190.2333344,8.680153355,3,971.5374943
Cheirodon australe,2,8532,-40,-73,86.31818182,192.6666667,18.40214676,3,971.5374943
Cheirodon australe,3,8532,-40,-73,86.31818182,192.6666667,18.40214676,3,971.5374943
Cheirodon australe,2,8532,-40,-73,86.31818182,192.6666667,18.40214676,3,971.5374943
Cheirodon australe,2,8534,-40,-73,64.73394495,190.2333344,8.680153355,3,971.5374943
Cheirodon australe,2,8534,-40,-73,64.73394495,190.2333344,8.680153355,3,971.5374943
Cheirodon australe,3,8532,-40,-73,86.31818182,192.6666667,18.40214676,3,971.5374943
Cheirodon australe,2,8532,-40,-73,86.31818182,192.6666667,18.40214676,3,971.5374943
Cheirodon australe,3,8532,-40,-73,86.31818182,192.6666667,18.40214676,3,971.5374943
Cheirodon australe,2,8534,-40,-73,64.73394495,190.2333344,8.680153355,3,971.5374943
Cheirodon australe,2,8532,-40,-73,86.31818182,192.6666667,18.40214676,3,971.5374943
Cheirodon australe,2,8534,-40,-73,64.73394495,190.2333344,8.680153355,3,971.5374943
Cheirodon australe,3,8532,-40,-73,86.31818182,192.6666667,18.40214676,3,971.5374943
Cheirodon australe,2,8532,-40,-73,86.31818182,192.6666667,18.40214676,3,971.5374943
Cheirodon australe,3,8532,-40,-73,86.31818182,192.6666667,18.40214676,3,971.5374943
Cheirodon australe,3,8532,-40,-73,86.31818182,192.6666667,18.40214676,3,971.5374943
Cheirodon australe,2,8534,-40,-73,64.73394495,190.2333344,8.680153355,3,971.5374943
Cheirodon australe,2,6775,-39,-73,91.29090909,139.761904,7.73398954,4,195.4099444
Cheirodon australe,3,8534,-40,-73,64.73394495,190.2333344,8.680153355,3,971.5374943
Cheirodon australe,2,8532,-40,-73,86.31818182,192.6666667,18.40214676,3,971.5374943
Cheirodon australe,2,6775,-39,-73,91.29090909,139.761904,7.73398954,4,195.4099444
Cheirodon australe,2,6775,-39,-73,91.29090909,139.761904,7.73398954,4,195.4099444
Cheirodon australe,2,8534,-40,-73,64.73394495,190.2333344,8.680153355,3,971.5374943
Cheirodon australe,2,8534,-40,-73,64.73394495,190.2333344,8.680153355,3,971.5374943
Cheirodon australe,2,8532,-40,-73,86.31818182,192.6666667,18.40214676,3,971.5374943
Cheirodon australe,2,8534,-40,-73,64.73394495,190.2333344,8.680153355,3,971.5374943
Cheirodon australe,3,8532,-40,-73,86.31818182,192.6666667,18.40214676,3,971.5374943
Cheirodon australe,2,8532,-40,-73,86.31818182,192.6666667,18.40214676,3,971.5374943
Cheirodon australe,2,8532,-40,-73,86.31818182,192.6666667,18.40214676,3,971.5374943
Cheirodon australe,1,8527,-40,-72,127.3928571,193.9722214,16.10434568,3,971.5374943
Cheirodon australe,3,8532,-40,-73,86.31818182,192.6666667,18.40214676,3,971.5374943
Cheirodon australe,3,8532,-40,-73,86.31818182,192.6666667,18.40214676,3,971.5374943
Cheirodon australe,3,8532,-40,-73,86.31818182,192.6666667,18.40214676,3,971.5374943
Cheirodon australe,2,8532,-40,-73,86.31818182,192.6666667,18.40214676,3,971.5374943
Cheirodon australe,2,8532,-40,-73,86.31818182,192.6666667,18.40214676,3,971.5374943
Cheirodon australe,2,8532,-40,-73,86.31818182,192.6666667,18.40214676,3,971.5374943
Cheirodon australe,3,8532,-40,-73,86.31818182,192.6666667,18.40214676,3,971.5374943
Cheirodon australe,1,8527,-40,-72,127.3928571,193.9722214,16.10434568,3,971.5374943
Cheirodon australe,3,8532,-40,-73,86.31818182,192.6666667,18.40214676,3,971.5374943
Cheirodon australe,2,8532,-40,-73,86.31818182,192.6666667,18.40214676,3,971.5374943
Cheirodon australe,2,8532,-40,-73,86.31818182,192.6666667,18.40214676,3,971.5374943
Cheirodon australe,2,8532,-40,-73,86.31818182,192.6666667,18.40214676,3,971.5374943
Cheirodon australe,2,8532,-40,-73,86.31818182,192.6666667,18.40214676,3,971.5374943
Cheirodon australe,2,8532,-40,-73,86.31818182,192.6666667,18.40214676,3,971.5374943
Cheirodon australe,2,8534,-40,-73,64.73394495,190.2333344,8.680153355,3,971.5374943
Cheirodon australe,1,8527,-40,-72,127.3928571,193.9722214,16.10434568,3,971.5374943
Cheirodon australe,3,8532,-40,-73,86.31818182,192.6666667,18.40214676,3,971.5374943
Cheirodon australe,3,8532,-40,-73,86.31818182,192.6666667,18.40214676,3,971.5374943
Cheirodon australe,2,8534,-40,-73,64.73394495,190.2333344,8.680153355,3,971.5374943
Cheirodon australe,2,8532,-40,-73,86.31818182,192.6666667,18.40214676,3,971.5374943
Cheirodon australe,2,8532,-40,-73,86.31818182,192.6666667,18.40214676,3,971.5374943
Cheirodon australe,3,8532,-40,-73,86.31818182,192.6666667,18.40214676,3,971.5374943
Cheirodon australe,3,8532,-40,-73,86.31818182,192.6666667,18.40214676,3,971.5374943
Cheirodon australe,3,8532,-40,-73,86.31818182,192.6666667,18.40214676,3,971.5374943
Cheirodon australe,2,8534,-40,-73,64.73394495,190.2333344,8.680153355,3,971.5374943
Cheirodon australe,2,8532,-40,-73,86.31818182,192.6666667,18.40214676,3,971.5374943
Cheirodon australe,3,8532,-40,-73,86.31818182,192.6666667,18.40214676,3,971.5374943
Cheirodon australe,2,8532,-40,-73,86.31818182,192.6666667,18.40214676,3,971.5374943
Cheirodon australe,3,8532,-40,-73,86.31818182,192.6666667,18.40214676,3,971.5374943
Cheirodon australe,2,8532,-40,-73,86.31818182,192.6666667,18.40214676,3,971.5374943
Cheirodon australe,2,8534,-40,-73,64.73394495,190.2333344,8.680153355,3,971.5374943
Cheirodon australe,2,6775,-39,-73,91.29090909,139.761904,7.73398954,4,195.4099444
Cheirodon australe,2,6775,-39,-73,91.29090909,139.761904,7.73398954,4,195.4099444
Cheirodon australe,2,8534,-40,-73,64.73394495,190.2333344,8.680153355,3,971.5374943
Cheirodon australe,2,8532,-40,-73,86.31818182,192.6666667,18.40214676,3,971.5374943
Cheirodon australe,1,8527,-40,-72,127.3928571,193.9722214,16.10434568,3,971.5374943
Cheirodon australe,2,8532,-40,-73,86.31818182,192.6666667,18.40214676,3,971.5374943
Cheirodon australe,3,8532,-40,-73,86.31818182,192.6666667,18.40214676,3,971.5374943
Cheirodon australe,2,8532,-40,-73,86.31818182,192.6666667,18.40214676,3,971.5374943
Cheirodon australe,3,8532,-40,-73,86.31818182,192.6666667,18.40214676,3,971.5374943
Cheirodon australe,2,8532,-40,-73,86.31818182,192.6666667,18.40214676,3,971.5374943
Cheirodon australe,2,8532,-40,-73,86.31818182,192.6666667,18.40214676,3,971.5374943
Cheirodon australe,3,8532,-40,-73,86.31818182,192.6666667,18.40214676,3,971.5374943
Cheirodon australe,2,8532,-40,-73,86.31818182,192.6666667,18.40214676,3,971.5374943
Cheirodon australe,3,8532,-40,-73,86.31818182,192.6666667,18.40214676,3,971.5374943
Cheirodon australe,3,8532,-40,-73,86.31818182,192.6666667,18.40214676,3,971.5374943
Cheirodon australe,1,8527,-40,-72,127.3928571,193.9722214,16.10434568,3,971.5374943
Cheirodon australe,3,8532,-40,-73,86.31818182,192.6666667,18.40214676,3,971.5374943
Cheirodon australe,2,8532,-40,-73,86.31818182,192.6666667,18.40214676,3,971.5374943
Cheirodon australe,2,8532,-40,-73,86.31818182,192.6666667,18.40214676,3,971.5374943
Cheirodon australe,3,8532,-40,-73,86.31818182,192.6666667,18.40214676,3,971.5374943
Cheirodon australe,2,8532,-40,-73,86.31818182,192.6666667,18.40214676,3,971.5374943
Cheirodon australe,2,8534,-40,-73,64.73394495,190.2333344,8.680153355,3,971.5374943
Cheirodon australe,3,8532,-40,-73,86.31818182,192.6666667,18.40214676,3,971.5374943
Cheirodon australe,3,8532,-40,-73,86.31818182,192.6666667,18.40214676,3,971.5374943
Cheirodon australe,2,8534,-40,-73,64.73394495,190.2333344,8.680153355,3,971.5374943
Cheirodon australe,2,8532,-40,-73,86.31818182,192.6666667,18.40214676,3,971.5374943
Cheirodon australe,3,8532,-40,-73,86.31818182,192.6666667,18.40214676,3,971.5374943
Cheirodon australe,2,8532,-40,-73,86.31818182,192.6666667,18.40214676,3,971.5374943
Cheirodon australe,2,8532,-40,-73,86.31818182,192.6666667,18.40214676,3,971.5374943
Cheirodon australe,3,8532,-40,-73,86.31818182,192.6666667,18.40214676,3,971.5374943
Cheirodon australe,2,8534,-40,-73,64.73394495,190.2333344,8.680153355,3,971.5374943
Cheirodon australe,2,8534,-40,-73,64.73394495,190.2333344,8.680153355,3,971.5374943
Cheirodon australe,2,8532,-40,-73,86.31818182,192.6666667,18.40214676,3,971.5374943
Cheirodon australe,2,8532,-40,-73,86.31818182,192.6666667,18.40214676,3,971.5374943
Cheirodon australe,3,8532,-40,-73,86.31818182,192.6666667,18.40214676,3,971.5374943
Cheirodon australe,3,8532,-40,-73,86.31818182,192.6666667,18.40214676,3,971.5374943
Cheirodon australe,1,6733,-39,-73,86.61666667,134.1309531,6.433685386,6,2359.225673
Cheirodon australe,2,6775,-39,-73,91.29090909,139.761904,7.73398954,4,195.4099444
Cheirodon australe,2,8534,-40,-73,64.73394495,190.2333344,8.680153355,3,971.5374943
Cheirodon australe,3,8532,-40,-73,86.31818182,192.6666667,18.40214676,3,971.5374943
Cheirodon australe,3,8532,-40,-73,86.31818182,192.6666667,18.40214676,3,971.5374943
Cheirodon australe,3,8532,-40,-73,86.31818182,192.6666667,18.40214676,3,971.5374943
Cheirodon australe,2,8534,-40,-73,64.73394495,190.2333344,8.680153355,3,971.5374943
Cheirodon australe,3,8532,-40,-73,86.31818182,192.6666667,18.40214676,3,971.5374943
Cheirodon australe,2,8532,-40,-73,86.31818182,192.6666667,18.40214676,3,971.5374943
Cheirodon australe,1,8534,-40,-73,64.73394495,190.2333344,8.680153355,3,971.5374943
Cheirodon australe,2,8532,-40,-73,86.31818182,192.6666667,18.40214676,3,971.5374943
Cheirodon australe,2,8532,-40,-73,86.31818182,192.6666667,18.40214676,3,971.5374943
Cheirodon australe,3,8532,-40,-73,86.31818182,192.6666667,18.40214676,3,971.5374943
Cheirodon australe,3,8532,-40,-73,86.31818182,192.6666667,18.40214676,3,971.5374943
Cheirodon australe,1,8532,-40,-73,86.31818182,192.6666667,18.40214676,3,971.5374943
Cheirodon australe,2,8532,-40,-73,86.31818182,192.6666667,18.40214676,3,971.5374943
Cheirodon australe,3,8532,-40,-73,86.31818182,192.6666667,18.40214676,3,971.5374943
Cheirodon australe,3,8532,-40,-73,86.31818182,192.6666667,18.40214676,3,971.5374943
Cheirodon australe,1,8534,-40,-73,64.73394495,190.2333344,8.680153355,3,971.5374943
Cheirodon australe,2,8532,-40,-73,86.31818182,192.6666667,18.40214676,3,971.5374943
Cheirodon australe,1,8532,-40,-73,86.31818182,192.6666667,18.40214676,3,971.5374943
Cheirodon australe,3,8532,-40,-73,86.31818182,192.6666667,18.40214676,3,971.5374943
Cheirodon australe,2,8534,-40,-73,64.73394495,190.2333344,8.680153355,3,971.5374943
Cheirodon australe,2,8534,-40,-73,64.73394495,190.2333344,8.680153355,3,971.5374943
Cheirodon australe,3,8532,-40,-73,86.31818182,192.6666667,18.40214676,3,971.5374943
Cheirodon australe,3,8532,-40,-73,86.31818182,192.6666667,18.40214676,3,971.5374943
Cheirodon australe,2,8534,-40,-73,64.73394495,190.2333344,8.680153355,3,971.5374943
Cheirodon australe,2,8532,-40,-73,86.31818182,192.6666667,18.40214676,3,971.5374943
Cheirodon australe,2,8532,-40,-73,86.31818182,192.6666667,18.40214676,3,971.5374943
Cheirodon australe,2,8532,-40,-73,86.31818182,192.6666667,18.40214676,3,971.5374943
Cheirodon australe,1,8532,-40,-73,86.31818182,192.6666667,18.40214676,3,971.5374943
Cheirodon australe,2,8534,-40,-73,64.73394495,190.2333344,8.680153355,3,971.5374943
Cheirodon australe,2,8532,-40,-73,86.31818182,192.6666667,18.40214676,3,971.5374943
Cheirodon australe,3,8532,-40,-73,86.31818182,192.6666667,18.40214676,3,971.5374943
Cheirodon australe,3,8532,-40,-73,86.31818182,192.6666667,18.40214676,3,971.5374943
Cheirodon australe,3,8532,-40,-73,86.31818182,192.6666667,18.40214676,3,971.5374943
Cheirodon australe,3,8532,-40,-73,86.31818182,192.6666667,18.40214676,3,971.5374943
Cheirodon australe,3,8532,-40,-73,86.31818182,192.6666667,18.40214676,3,971.5374943
Cheirodon australe,2,8534,-40,-73,64.73394495,190.2333344,8.680153355,3,971.5374943
Cheirodon australe,2,8534,-40,-73,64.73394495,190.2333344,8.680153355,3,971.5374943
Cheirodon australe,2,8534,-40,-73,64.73394495,190.2333344,8.680153355,3,971.5374943
Cheirodon australe,3,8532,-40,-73,86.31818182,192.6666667,18.40214676,3,971.5374943
Cheirodon australe,2,8534,-40,-73,64.73394495,190.2333344,8.680153355,3,971.5374943
Cheirodon australe,2,8532,-40,-73,86.31818182,192.6666667,18.40214676,3,971.5374943
Cheirodon australe,2,8534,-40,-73,64.73394495,190.2333344,8.680153355,3,971.5374943
Cheirodon australe,2,8534,-40,-73,64.73394495,190.2333344,8.680153355,3,971.5374943
Cheirodon australe,2,8534,-40,-73,64.73394495,190.2333344,8.680153355,3,971.5374943
Cheirodon australe,3,8532,-40,-73,86.31818182,192.6666667,18.40214676,3,971.5374943
Cheirodon australe,2,8534,-40,-73,64.73394495,190.2333344,8.680153355,3,971.5374943
Cheirodon australe,3,8532,-40,-73,86.31818182,192.6666667,18.40214676,3,971.5374943
Cheirodon australe,3,8532,-40,-73,86.31818182,192.6666667,18.40214676,3,971.5374943
Cheirodon australe,2,8532,-40,-73,86.31818182,192.6666667,18.40214676,3,971.5374943
Cheirodon australe,3,8532,-40,-73,86.31818182,192.6666667,18.40214676,3,971.5374943
Cheirodon australe,2,8532,-40,-73,86.31818182,192.6666667,18.40214676,3,971.5374943
Cheirodon australe,2,8534,-40,-73,64.73394495,190.2333344,8.680153355,3,971.5374943
Cheirodon australe,2,8534,-40,-73,64.73394495,190.2333344,8.680153355,3,971.5374943
Cheirodon australe,1,8532,-40,-73,86.31818182,192.6666667,18.40214676,3,971.5374943
Cheirodon australe,2,8534,-40,-73,64.73394495,190.2333344,8.680153355,3,971.5374943
Cheirodon australe,2,8534,-40,-73,64.73394495,190.2333344,8.680153355,3,971.5374943
Cheirodon australe,2,8534,-40,-73,64.73394495,190.2333344,8.680153355,3,971.5374943
Cheirodon australe,3,8532,-40,-73,86.31818182,192.6666667,18.40214676,3,971.5374943
Cheirodon australe,2,8534,-40,-73,64.73394495,190.2333344,8.680153355,3,971.5374943
Cheirodon australe,2,8534,-40,-73,64.73394495,190.2333344,8.680153355,3,971.5374943
Cheirodon australe,2,8534,-40,-73,64.73394495,190.2333344,8.680153355,3,971.5374943
Cheirodon australe,3,8532,-40,-73,86.31818182,192.6666667,18.40214676,3,971.5374943
Cheirodon australe,3,8538,-40,-73,45.85964912,187.1979198,11.39652594,3,971.5374943
Cheirodon australe,2,8534,-40,-73,64.73394495,190.2333344,8.680153355,3,971.5374943
Cheirodon australe,3,8532,-40,-73,86.31818182,192.6666667,18.40214676,3,971.5374943
Cheirodon australe,3,8532,-40,-73,86.31818182,192.6666667,18.40214676,3,971.5374943
Cheirodon australe,2,8534,-40,-73,64.73394495,190.2333344,8.680153355,3,971.5374943
Cheirodon australe,3,8532,-40,-73,86.31818182,192.6666667,18.40214676,3,971.5374943
Cheirodon australe,2,8534,-40,-73,64.73394495,190.2333344,8.680153355,3,971.5374943
Cheirodon australe,2,8534,-40,-73,64.73394495,190.2333344,8.680153355,3,971.5374943
Cheirodon australe,1,8532,-40,-73,86.31818182,192.6666667,18.40214676,3,971.5374943
Cheirodon australe,2,8534,-40,-73,64.73394495,190.2333344,8.680153355,3,971.5374943
Cheirodon australe,3,8532,-40,-73,86.31818182,192.6666667,18.40214676,3,971.5374943
Cheirodon australe,3,8530,-40,-73,110.9545455,194.9500031,25.84003993,3,971.5374943
Cheirodon australe,2,8534,-40,-73,64.73394495,190.2333344,8.680153355,3,971.5374943
Cheirodon australe,2,8534,-40,-73,64.73394495,190.2333344,8.680153355,3,971.5374943
Cheirodon australe,2,8534,-40,-73,64.73394495,190.2333344,8.680153355,3,971.5374943
Cheirodon australe,3,8532,-40,-73,86.31818182,192.6666667,18.40214676,3,971.5374943
Cheirodon australe,2,8534,-40,-73,64.73394495,190.2333344,8.680153355,3,971.5374943
Cheirodon australe,3,8532,-40,-73,86.31818182,192.6666667,18.40214676,3,971.5374943
Cheirodon australe,2,8534,-40,-73,64.73394495,190.2333344,8.680153355,3,971.5374943
Cheirodon australe,3,8532,-40,-73,86.31818182,192.6666667,18.40214676,3,971.5374943
Cheirodon australe,2,8534,-40,-73,64.73394495,190.2333344,8.680153355,3,971.5374943
Cheirodon australe,2,8534,-40,-73,64.73394495,190.2333344,8.680153355,3,971.5374943
Cheirodon australe,2,8532,-40,-73,86.31818182,192.6666667,18.40214676,3,971.5374943
Cheirodon australe,2,8534,-40,-73,64.73394495,190.2333344,8.680153355,3,971.5374943
Cheirodon australe,3,8532,-40,-73,86.31818182,192.6666667,18.40214676,3,971.5374943
Cheirodon australe,2,8534,-40,-73,64.73394495,190.2333344,8.680153355,3,971.5374943
Cheirodon australe,2,8532,-40,-73,86.31818182,192.6666667,18.40214676,3,971.5374943
Cheirodon australe,2,8534,-40,-73,64.73394495,190.2333344,8.680153355,3,971.5374943
Cheirodon australe,3,8532,-40,-73,86.31818182,192.6666667,18.40214676,3,971.5374943
Cheirodon australe,1,8534,-40,-73,64.73394495,190.2333344,8.680153355,3,971.5374943
Cheirodon australe,2,8534,-40,-73,64.73394495,190.2333344,8.680153355,3,971.5374943
Cheirodon australe,2,8534,-40,-73,64.73394495,190.2333344,8.680153355,3,971.5374943
Cheirodon australe,3,8532,-40,-73,86.31818182,192.6666667,18.40214676,3,971.5374943
Cheirodon australe,2,8534,-40,-73,64.73394495,190.2333344,8.680153355,3,971.5374943
Cheirodon australe,2,8532,-40,-73,86.31818182,192.6666667,18.40214676,3,971.5374943
Cheirodon australe,3,8532,-40,-73,86.31818182,192.6666667,18.40214676,3,971.5374943
Cheirodon australe,2,8532,-40,-73,86.31818182,192.6666667,18.40214676,3,971.5374943
Cheirodon australe,2,8534,-40,-73,64.73394495,190.2333344,8.680153355,3,971.5374943
Cheirodon australe,1,6733,-39,-73,86.61666667,134.1309531,6.433685386,6,2359.225673
Cheirodon australe,3,8532,-40,-73,86.31818182,192.6666667,18.40214676,3,971.5374943
Cheirodon australe,2,8534,-40,-73,64.73394495,190.2333344,8.680153355,3,971.5374943
Cheirodon australe,2,8534,-40,-73,64.73394495,190.2333344,8.680153355,3,971.5374943
Cheirodon australe,2,8534,-40,-73,64.73394495,190.2333344,8.680153355,3,971.5374943
Cheirodon australe,2,8534,-40,-73,64.73394495,190.2333344,8.680153355,3,971.5374943
Cheirodon australe,2,8534,-40,-73,64.73394495,190.2333344,8.680153355,3,971.5374943
Cheirodon australe,2,8532,-40,-73,86.31818182,192.6666667,18.40214676,3,971.5374943
Cheirodon australe,2,8534,-40,-73,64.73394495,190.2333344,8.680153355,3,971.5374943
Cheirodon australe,3,8532,-40,-73,86.31818182,192.6666667,18.40214676,3,971.5374943
Cheirodon australe,3,8532,-40,-73,86.31818182,192.6666667,18.40214676,3,971.5374943
Cheirodon australe,3,8530,-40,-73,110.9545455,194.9500031,25.84003993,3,971.5374943
Cheirodon australe,3,8532,-40,-73,86.31818182,192.6666667,18.40214676,3,971.5374943
Cheirodon australe,3,8532,-40,-73,86.31818182,192.6666667,18.40214676,3,971.5374943
Cheirodon australe,1,8532,-40,-73,86.31818182,192.6666667,18.40214676,3,971.5374943
Cheirodon australe,1,8532,-40,-73,86.31818182,192.6666667,18.40214676,3,971.5374943
Cheirodon australe,2,8534,-40,-73,64.73394495,190.2333344,8.680153355,3,971.5374943
Cheirodon australe,3,8532,-40,-73,86.31818182,192.6666667,18.40214676,3,971.5374943
Cheirodon australe,2,8532,-40,-73,86.31818182,192.6666667,18.40214676,3,971.5374943
Cheirodon australe,3,8532,-40,-73,86.31818182,192.6666667,18.40214676,3,971.5374943
Cheirodon australe,1,6733,-39,-73,86.61666667,134.1309531,6.433685386,6,2359.225673
Cheirodon australe,2,8534,-40,-73,64.73394495,190.2333344,8.680153355,3,971.5374943
Cheirodon australe,1,8534,-40,-73,64.73394495,190.2333344,8.680153355,3,971.5374943
Cheirodon australe,2,8534,-40,-73,64.73394495,190.2333344,8.680153355,3,971.5374943
Cheirodon australe,2,8534,-40,-73,64.73394495,190.2333344,8.680153355,3,971.5374943
Cheirodon australe,3,8532,-40,-73,86.31818182,192.6666667,18.40214676,3,971.5374943
Cheirodon australe,2,8534,-40,-73,64.73394495,190.2333344,8.680153355,3,971.5374943
Cheirodon australe,1,8534,-40,-73,64.73394495,190.2333344,8.680153355,3,971.5374943
Cheirodon australe,2,8534,-40,-73,64.73394495,190.2333344,8.680153355,3,971.5374943
Cheirodon australe,2,8532,-40,-73,86.31818182,192.6666667,18.40214676,3,971.5374943
Cheirodon australe,2,8534,-40,-73,64.73394495,190.2333344,8.680153355,3,971.5374943
Cheirodon australe,2,8534,-40,-73,64.73394495,190.2333344,8.680153355,3,971.5374943
Cheirodon australe,2,8534,-40,-73,64.73394495,190.2333344,8.680153355,3,971.5374943
Cheirodon australe,1,8532,-40,-73,86.31818182,192.6666667,18.40214676,3,971.5374943
Cheirodon australe,1,8534,-40,-73,64.73394495,190.2333344,8.680153355,3,971.5374943
Cheirodon australe,2,8532,-40,-73,86.31818182,192.6666667,18.40214676,3,971.5374943
Cheirodon australe,2,8534,-40,-73,64.73394495,190.2333344,8.680153355,3,971.5374943
Cheirodon australe,2,8532,-40,-73,86.31818182,192.6666667,18.40214676,3,971.5374943
Cheirodon australe,2,8534,-40,-73,64.73394495,190.2333344,8.680153355,3,971.5374943
Cheirodon australe,2,8532,-40,-73,86.31818182,192.6666667,18.40214676,3,971.5374943
Cheirodon australe,2,8534,-40,-73,64.73394495,190.2333344,8.680153355,3,971.5374943
Cheirodon australe,3,8538,-40,-73,45.85964912,187.1979198,11.39652594,3,971.5374943
Cheirodon australe,2,8534,-40,-73,64.73394495,190.2333344,8.680153355,3,971.5374943
Cheirodon australe,2,8534,-40,-73,64.73394495,190.2333344,8.680153355,3,971.5374943
Cheirodon australe,2,8534,-40,-73,64.73394495,190.2333344,8.680153355,3,971.5374943
Cheirodon australe,2,8534,-40,-73,64.73394495,190.2333344,8.680153355,3,971.5374943
Cheirodon australe,3,8532,-40,-73,86.31818182,192.6666667,18.40214676,3,971.5374943
Cheirodon australe,3,8532,-40,-73,86.31818182,192.6666667,18.40214676,3,971.5374943
Cheirodon australe,1,8534,-40,-73,64.73394495,190.2333344,8.680153355,3,971.5374943
Cheirodon australe,1,8532,-40,-73,86.31818182,192.6666667,18.40214676,3,971.5374943
Cheirodon australe,2,8534,-40,-73,64.73394495,190.2333344,8.680153355,3,971.5374943
Cheirodon australe,3,8532,-40,-73,86.31818182,192.6666667,18.40214676,3,971.5374943
Cheirodon australe,2,8534,-40,-73,64.73394495,190.2333344,8.680153355,3,971.5374943
Cheirodon australe,1,8534,-40,-73,64.73394495,190.2333344,8.680153355,3,971.5374943
Cheirodon australe,2,8534,-40,-73,64.73394495,190.2333344,8.680153355,3,971.5374943
Cheirodon australe,2,8534,-40,-73,64.73394495,190.2333344,8.680153355,3,971.5374943
Cheirodon australe,2,8534,-40,-73,64.73394495,190.2333344,8.680153355,3,971.5374943
Cheirodon australe,2,8534,-40,-73,64.73394495,190.2333344,8.680153355,3,971.5374943
Cheirodon australe,2,8532,-40,-73,86.31818182,192.6666667,18.40214676,3,971.5374943
Cheirodon australe,2,8534,-40,-73,64.73394495,190.2333344,8.680153355,3,971.5374943
Cheirodon australe,2,8534,-40,-73,64.73394495,190.2333344,8.680153355,3,971.5374943
Cheirodon australe,2,8534,-40,-73,64.73394495,190.2333344,8.680153355,3,971.5374943
Cheirodon australe,2,8534,-40,-73,64.73394495,190.2333344,8.680153355,3,971.5374943
Cheirodon australe,2,8534,-40,-73,64.73394495,190.2333344,8.680153355,3,971.5374943
Cheirodon australe,3,8532,-40,-73,86.31818182,192.6666667,18.40214676,3,971.5374943
Cheirodon australe,1,8534,-40,-73,64.73394495,190.2333344,8.680153355,3,971.5374943
Cheirodon australe,3,8532,-40,-73,86.31818182,192.6666667,18.40214676,3,971.5374943
Cheirodon australe,3,8532,-40,-73,86.31818182,192.6666667,18.40214676,3,971.5374943
Cheirodon australe,2,8532,-40,-73,86.31818182,192.6666667,18.40214676,3,971.5374943
Cheirodon australe,2,8534,-40,-73,64.73394495,190.2333344,8.680153355,3,971.5374943
Cheirodon australe,2,8534,-40,-73,64.73394495,190.2333344,8.680153355,3,971.5374943
Cheirodon australe,3,8532,-40,-73,86.31818182,192.6666667,18.40214676,3,971.5374943
Cheirodon australe,2,8534,-40,-73,64.73394495,190.2333344,8.680153355,3,971.5374943
Cheirodon australe,2,8534,-40,-73,64.73394495,190.2333344,8.680153355,3,971.5374943
Cheirodon australe,2,8532,-40,-73,86.31818182,192.6666667,18.40214676,3,971.5374943
Cheirodon australe,2,8534,-40,-73,64.73394495,190.2333344,8.680153355,3,971.5374943
Cheirodon australe,3,8532,-40,-73,86.31818182,192.6666667,18.40214676,3,971.5374943
Cheirodon australe,2,8534,-40,-73,64.73394495,190.2333344,8.680153355,3,971.5374943
Cheirodon australe,3,8532,-40,-73,86.31818182,192.6666667,18.40214676,3,971.5374943
Cheirodon australe,2,8534,-40,-73,64.73394495,190.2333344,8.680153355,3,971.5374943
Cheirodon australe,2,8534,-40,-73,64.73394495,190.2333344,8.680153355,3,971.5374943
Cheirodon australe,1,8534,-40,-73,64.73394495,190.2333344,8.680153355,3,971.5374943
Cheirodon australe,3,8532,-40,-73,86.31818182,192.6666667,18.40214676,3,971.5374943
Cheirodon australe,2,8534,-40,-73,64.73394495,190.2333344,8.680153355,3,971.5374943
Cheirodon australe,1,8534,-40,-73,64.73394495,190.2333344,8.680153355,3,971.5374943
Cheirodon australe,2,8534,-40,-73,64.73394495,190.2333344,8.680153355,3,971.5374943
Cheirodon australe,2,8534,-40,-73,64.73394495,190.2333344,8.680153355,3,971.5374943
Cheirodon australe,2,8534,-40,-73,64.73394495,190.2333344,8.680153355,3,971.5374943
Cheirodon australe,2,8534,-40,-73,64.73394495,190.2333344,8.680153355,3,971.5374943
Cheirodon australe,2,8534,-40,-73,64.73394495,190.2333344,8.680153355,3,971.5374943
Cheirodon australe,3,8532,-40,-73,86.31818182,192.6666667,18.40214676,3,971.5374943
Cheirodon australe,3,8532,-40,-73,86.31818182,192.6666667,18.40214676,3,971.5374943
Cheirodon australe,2,8534,-40,-73,64.73394495,190.2333344,8.680153355,3,971.5374943
Cheirodon australe,2,8534,-40,-73,64.73394495,190.2333344,8.680153355,3,971.5374943
Cheirodon australe,2,8532,-40,-73,86.31818182,192.6666667,18.40214676,3,971.5374943
Cheirodon australe,1,8534,-40,-73,64.73394495,190.2333344,8.680153355,3,971.5374943
Cheirodon australe,2,8534,-40,-73,64.73394495,190.2333344,8.680153355,3,971.5374943
Cheirodon australe,2,8534,-40,-73,64.73394495,190.2333344,8.680153355,3,971.5374943
Cheirodon australe,2,8532,-40,-73,86.31818182,192.6666667,18.40214676,3,971.5374943
Cheirodon australe,1,8534,-40,-73,64.73394495,190.2333344,8.680153355,3,971.5374943
Cheirodon australe,3,8532,-40,-73,86.31818182,192.6666667,18.40214676,3,971.5374943
Cheirodon australe,3,8532,-40,-73,86.31818182,192.6666667,18.40214676,3,971.5374943
Cheirodon australe,2,8534,-40,-73,64.73394495,190.2333344,8.680153355,3,971.5374943
Cheirodon australe,2,8532,-40,-73,86.31818182,192.6666667,18.40214676,3,971.5374943
Cheirodon australe,3,8532,-40,-73,86.31818182,192.6666667,18.40214676,3,971.5374943
Cheirodon australe,3,8532,-40,-73,86.31818182,192.6666667,18.40214676,3,971.5374943
Cheirodon australe,2,8534,-40,-73,64.73394495,190.2333344,8.680153355,3,971.5374943
Cheirodon australe,2,8532,-40,-73,86.31818182,192.6666667,18.40214676,3,971.5374943
Cheirodon australe,3,8532,-40,-73,86.31818182,192.6666667,18.40214676,3,971.5374943
Cheirodon australe,2,8534,-40,-73,64.73394495,190.2333344,8.680153355,3,971.5374943
Cheirodon australe,1,8532,-40,-73,86.31818182,192.6666667,18.40214676,3,971.5374943
Cheirodon australe,2,8534,-40,-73,64.73394495,190.2333344,8.680153355,3,971.5374943
Cheirodon australe,1,8532,-40,-73,86.31818182,192.6666667,18.40214676,3,971.5374943
Cheirodon australe,2,8534,-40,-73,64.73394495,190.2333344,8.680153355,3,971.5374943
Cheirodon australe,2,8534,-40,-73,64.73394495,190.2333344,8.680153355,3,971.5374943
Cheirodon australe,3,8532,-40,-73,86.31818182,192.6666667,18.40214676,3,971.5374943
Cheirodon australe,2,8534,-40,-73,64.73394495,190.2333344,8.680153355,3,971.5374943
Cheirodon australe,2,8534,-40,-73,64.73394495,190.2333344,8.680153355,3,971.5374943
Cheirodon australe,1,8534,-40,-73,64.73394495,190.2333344,8.680153355,3,971.5374943
Cheirodon australe,2,8534,-40,-73,64.73394495,190.2333344,8.680153355,3,971.5374943
Cheirodon australe,2,8534,-40,-73,64.73394495,190.2333344,8.680153355,3,971.5374943
Cheirodon australe,3,8532,-40,-73,86.31818182,192.6666667,18.40214676,3,971.5374943
Cheirodon australe,3,8532,-40,-73,86.31818182,192.6666667,18.40214676,3,971.5374943
Cheirodon australe,3,8532,-40,-73,86.31818182,192.6666667,18.40214676,3,971.5374943
Cheirodon australe,2,8534,-40,-73,64.73394495,190.2333344,8.680153355,3,971.5374943
Cheirodon australe,1,8532,-40,-73,86.31818182,192.6666667,18.40214676,3,971.5374943
Cheirodon australe,2,8534,-40,-73,64.73394495,190.2333344,8.680153355,3,971.5374943
Cheirodon australe,2,8534,-40,-73,64.73394495,190.2333344,8.680153355,3,971.5374943
Cheirodon australe,2,8534,-40,-73,64.73394495,190.2333344,8.680153355,3,971.5374943
Cheirodon australe,2,8534,-40,-73,64.73394495,190.2333344,8.680153355,3,971.5374943
Cheirodon australe,2,8534,-40,-73,64.73394495,190.2333344,8.680153355,3,971.5374943
Cheirodon australe,2,8534,-40,-73,64.73394495,190.2333344,8.680153355,3,971.5374943
Cheirodon australe,2,8532,-40,-73,86.31818182,192.6666667,18.40214676,3,971.5374943
Cheirodon australe,3,8532,-40,-73,86.31818182,192.6666667,18.40214676,3,971.5374943
Cheirodon australe,2,8534,-40,-73,64.73394495,190.2333344,8.680153355,3,971.5374943
Cheirodon australe,2,8534,-40,-73,64.73394495,190.2333344,8.680153355,3,971.5374943
Cheirodon australe,2,8534,-40,-73,64.73394495,190.2333344,8.680153355,3,971.5374943
Cheirodon australe,2,8534,-40,-73,64.73394495,190.2333344,8.680153355,3,971.5374943
Cheirodon australe,2,8534,-40,-73,64.73394495,190.2333344,8.680153355,3,971.5374943
Cheirodon australe,1,8532,-40,-73,86.31818182,192.6666667,18.40214676,3,971.5374943
Cheirodon australe,3,8532,-40,-73,86.31818182,192.6666667,18.40214676,3,971.5374943
Cheirodon australe,2,8534,-40,-73,64.73394495,190.2333344,8.680153355,3,971.5374943
Cheirodon australe,2,8534,-40,-73,64.73394495,190.2333344,8.680153355,3,971.5374943
Cheirodon australe,3,8532,-40,-73,86.31818182,192.6666667,18.40214676,3,971.5374943
Cheirodon australe,1,8534,-40,-73,64.73394495,190.2333344,8.680153355,3,971.5374943
Cheirodon australe,2,8532,-40,-73,86.31818182,192.6666667,18.40214676,3,971.5374943
Cheirodon australe,2,6775,-39,-73,91.29090909,139.761904,7.73398954,4,195.4099444
Cheirodon australe,2,8532,-40,-73,86.31818182,192.6666667,18.40214676,3,971.5374943
Cheirodon australe,2,8534,-40,-73,64.73394495,190.2333344,8.680153355,3,971.5374943
Cheirodon australe,2,8534,-40,-73,64.73394495,190.2333344,8.680153355,3,971.5374943
Cheirodon australe,2,8534,-40,-73,64.73394495,190.2333344,8.680153355,3,971.5374943
Cheirodon australe,2,8534,-40,-73,64.73394495,190.2333344,8.680153355,3,971.5374943
Cheirodon australe,2,8534,-40,-73,64.73394495,190.2333344,8.680153355,3,971.5374943
Cheirodon australe,1,8532,-40,-73,86.31818182,192.6666667,18.40214676,3,971.5374943
Cheirodon australe,2,8532,-40,-73,86.31818182,192.6666667,18.40214676,3,971.5374943
Cheirodon australe,3,8532,-40,-73,86.31818182,192.6666667,18.40214676,3,971.5374943
Cheirodon australe,2,8534,-40,-73,64.73394495,190.2333344,8.680153355,3,971.5374943
Cheirodon australe,1,8532,-40,-73,86.31818182,192.6666667,18.40214676,3,971.5374943
Cheirodon australe,3,8532,-40,-73,86.31818182,192.6666667,18.40214676,3,971.5374943
Cheirodon australe,2,8507,-40,-73,38.5,185.2833344,2.664263362,4,971.5374943
Cheirodon australe,2,8532,-40,-73,86.31818182,192.6666667,18.40214676,3,971.5374943
Cheirodon australe,2,8534,-40,-73,64.73394495,190.2333344,8.680153355,3,971.5374943
Cheirodon australe,2,8532,-40,-73,86.31818182,192.6666667,18.40214676,3,971.5374943
Cheirodon australe,1,8532,-40,-73,86.31818182,192.6666667,18.40214676,3,971.5374943
Cheirodon australe,3,8532,-40,-73,86.31818182,192.6666667,18.40214676,3,971.5374943
Cheirodon australe,3,8532,-40,-73,86.31818182,192.6666667,18.40214676,3,971.5374943
Cheirodon australe,2,8534,-40,-73,64.73394495,190.2333344,8.680153355,3,971.5374943
Cheirodon australe,2,8532,-40,-73,86.31818182,192.6666667,18.40214676,3,971.5374943
Cheirodon australe,1,8534,-40,-73,64.73394495,190.2333344,8.680153355,3,971.5374943
Cheirodon australe,3,8532,-40,-73,86.31818182,192.6666667,18.40214676,3,971.5374943
Cheirodon australe,2,8534,-40,-73,64.73394495,190.2333344,8.680153355,3,971.5374943
Cheirodon australe,2,8532,-40,-73,86.31818182,192.6666667,18.40214676,3,971.5374943
Cheirodon australe,2,8532,-40,-73,86.31818182,192.6666667,18.40214676,3,971.5374943
Cheirodon australe,2,8534,-40,-73,64.73394495,190.2333344,8.680153355,3,971.5374943
Cheirodon australe,1,8534,-40,-73,64.73394495,190.2333344,8.680153355,3,971.5374943
Cheirodon australe,2,8532,-40,-73,86.31818182,192.6666667,18.40214676,3,971.5374943
Cheirodon australe,4,6187,-35,-72,34.48484848,70.86666718,4.428001112,7,5570.866652
Cheirodon australe,2,8534,-40,-73,64.73394495,190.2333344,8.680153355,3,971.5374943
Cheirodon australe,2,8534,-40,-73,64.73394495,190.2333344,8.680153355,3,971.5374943
Cheirodon australe,2,8534,-40,-73,64.73394495,190.2333344,8.680153355,3,971.5374943
Cheirodon australe,2,8532,-40,-73,86.31818182,192.6666667,18.40214676,3,971.5374943
Cheirodon australe,2,8532,-40,-73,86.31818182,192.6666667,18.40214676,3,971.5374943
Cheirodon australe,2,8532,-40,-73,86.31818182,192.6666667,18.40214676,3,971.5374943
Cheirodon australe,2,8532,-40,-73,86.31818182,192.6666667,18.40214676,3,971.5374943
Cheirodon australe,2,8534,-40,-73,64.73394495,190.2333344,8.680153355,3,971.5374943
Cheirodon australe,2,8532,-40,-73,86.31818182,192.6666667,18.40214676,3,971.5374943
Cheirodon australe,1,8532,-40,-73,86.31818182,192.6666667,18.40214676,3,971.5374943
Cheirodon australe,2,8532,-40,-73,86.31818182,192.6666667,18.40214676,3,971.5374943
Cheirodon australe,2,8532,-40,-73,86.31818182,192.6666667,18.40214676,3,971.5374943
Cheirodon australe,2,8534,-40,-73,64.73394495,190.2333344,8.680153355,3,971.5374943
Cheirodon australe,2,8532,-40,-73,86.31818182,192.6666667,18.40214676,3,971.5374943
Cheirodon australe,2,8534,-40,-73,64.73394495,190.2333344,8.680153355,3,971.5374943
Cheirodon australe,3,8532,-40,-73,86.31818182,192.6666667,18.40214676,3,971.5374943
Cheirodon australe,2,8534,-40,-73,64.73394495,190.2333344,8.680153355,3,971.5374943
Cheirodon australe,2,8532,-40,-73,86.31818182,192.6666667,18.40214676,3,971.5374943
Cheirodon australe,1,8507,-40,-73,38.5,185.2833344,2.664263362,4,971.5374943
Cheirodon australe,2,8532,-40,-73,86.31818182,192.6666667,18.40214676,3,971.5374943
Cheirodon australe,2,8532,-40,-73,86.31818182,192.6666667,18.40214676,3,971.5374943
Cheirodon australe,2,8532,-40,-73,86.31818182,192.6666667,18.40214676,3,971.5374943
Cheirodon australe,2,8534,-40,-73,64.73394495,190.2333344,8.680153355,3,971.5374943
Cheirodon australe,2,8532,-40,-73,86.31818182,192.6666667,18.40214676,3,971.5374943
Cheirodon australe,1,8534,-40,-73,64.73394495,190.2333344,8.680153355,3,971.5374943
Cheirodon australe,2,8532,-40,-73,86.31818182,192.6666667,18.40214676,3,971.5374943
Cheirodon australe,1,8532,-40,-73,86.31818182,192.6666667,18.40214676,3,971.5374943
Cheirodon australe,1,8534,-40,-73,64.73394495,190.2333344,8.680153355,3,971.5374943
Cheirodon australe,1,8534,-40,-73,64.73394495,190.2333344,8.680153355,3,971.5374943
Cheirodon australe,3,8532,-40,-73,86.31818182,192.6666667,18.40214676,3,971.5374943
Cheirodon australe,2,8532,-40,-73,86.31818182,192.6666667,18.40214676,3,971.5374943
Cheirodon australe,1,8532,-40,-73,86.31818182,192.6666667,18.40214676,3,971.5374943
Cheirodon australe,3,8532,-40,-73,86.31818182,192.6666667,18.40214676,3,971.5374943
Cheirodon australe,2,8532,-40,-73,86.31818182,192.6666667,18.40214676,3,971.5374943
Cheirodon australe,1,8534,-40,-73,64.73394495,190.2333344,8.680153355,3,971.5374943
Cheirodon australe,3,8532,-40,-73,86.31818182,192.6666667,18.40214676,3,971.5374943
Cheirodon australe,2,8532,-40,-73,86.31818182,192.6666667,18.40214676,3,971.5374943
Cheirodon australe,2,8534,-40,-73,64.73394495,190.2333344,8.680153355,3,971.5374943
Cheirodon australe,2,8532,-40,-73,86.31818182,192.6666667,18.40214676,3,971.5374943
Cheirodon australe,2,8532,-40,-73,86.31818182,192.6666667,18.40214676,3,971.5374943
Cheirodon australe,2,8534,-40,-73,64.73394495,190.2333344,8.680153355,3,971.5374943
Cheirodon australe,1,8534,-40,-73,64.73394495,190.2333344,8.680153355,3,971.5374943
Cheirodon australe,1,8534,-40,-73,64.73394495,190.2333344,8.680153355,3,971.5374943
Cheirodon australe,2,8534,-40,-73,64.73394495,190.2333344,8.680153355,3,971.5374943
Cheirodon australe,2,8532,-40,-73,86.31818182,192.6666667,18.40214676,3,971.5374943
Cheirodon australe,2,8532,-40,-73,86.31818182,192.6666667,18.40214676,3,971.5374943
Cheirodon australe,2,8534,-40,-73,64.73394495,190.2333344,8.680153355,3,971.5374943
Cheirodon australe,2,8534,-40,-73,64.73394495,190.2333344,8.680153355,3,971.5374943
Cheirodon australe,1,8534,-40,-73,64.73394495,190.2333344,8.680153355,3,971.5374943
Cheirodon australe,1,8534,-40,-73,64.73394495,190.2333344,8.680153355,3,971.5374943
Cheirodon australe,1,8532,-40,-73,86.31818182,192.6666667,18.40214676,3,971.5374943
Cheirodon australe,2,8534,-40,-73,64.73394495,190.2333344,8.680153355,3,971.5374943
Cheirodon australe,2,8532,-40,-73,86.31818182,192.6666667,18.40214676,3,971.5374943
Cheirodon australe,2,8534,-40,-73,64.73394495,190.2333344,8.680153355,3,971.5374943
Cheirodon australe,2,8534,-40,-73,64.73394495,190.2333344,8.680153355,3,971.5374943
Cheirodon australe,2,8534,-40,-73,64.73394495,190.2333344,8.680153355,3,971.5374943
Cheirodon australe,2,8534,-40,-73,64.73394495,190.2333344,8.680153355,3,971.5374943
Cheirodon australe,2,8532,-40,-73,86.31818182,192.6666667,18.40214676,3,971.5374943
Cheirodon australe,2,8534,-40,-73,64.73394495,190.2333344,8.680153355,3,971.5374943
Cheirodon australe,1,8532,-40,-73,86.31818182,192.6666667,18.40214676,3,971.5374943
Cheirodon australe,2,8534,-40,-73,64.73394495,190.2333344,8.680153355,3,971.5374943
Cheirodon australe,2,8532,-40,-73,86.31818182,192.6666667,18.40214676,3,971.5374943
Cheirodon australe,2,8534,-40,-73,64.73394495,190.2333344,8.680153355,3,971.5374943
Cheirodon australe,2,8534,-40,-73,64.73394495,190.2333344,8.680153355,3,971.5374943
Cheirodon australe,3,8532,-40,-73,86.31818182,192.6666667,18.40214676,3,971.5374943
Cheirodon australe,2,8534,-40,-73,64.73394495,190.2333344,8.680153355,3,971.5374943
Cheirodon australe,2,8534,-40,-73,64.73394495,190.2333344,8.680153355,3,971.5374943
Cheirodon australe,2,8532,-40,-73,86.31818182,192.6666667,18.40214676,3,971.5374943
Cheirodon australe,2,5717,-36,-72,89.8125,73.93333588,3.637341519,6,3290.497922
Cheirodon australe,2,8532,-40,-73,86.31818182,192.6666667,18.40214676,3,971.5374943
Cheirodon australe,2,8532,-40,-73,86.31818182,192.6666667,18.40214676,3,971.5374943
Cheirodon galusdae,2,1916,-37,-72,369.6431535,113.0148534,4.216141644,5,967.7092813
Cheirodon galusdae,2,1933,-37,-72,178.921875,105.1404316,4.258407648,5,967.7092813
Cheirodon galusdae,2,1916,-37,-72,369.6431535,113.0148534,4.216141644,5,967.7092813
Cheirodon galusdae,12,1919,-37,-72,325.7125984,112.264937,2.674051057,5,967.7092813
Cheirodon galusdae,12,1919,-37,-72,325.7125984,112.264937,2.674051057,5,967.7092813
Cheirodon galusdae,2,1916,-37,-72,369.6431535,113.0148534,4.216141644,5,967.7092813
Cheirodon galusdae,3,1174,-38,-72,187.8987854,111.7043264,1.16080209,6,3526.717392
Cheirodon galusdae,12,1919,-37,-72,325.7125984,112.264937,2.674051057,5,967.7092813
Cheirodon galusdae,12,1919,-37,-72,325.7125984,112.264937,2.674051057,5,967.7092813
Cheirodon galusdae,12,1919,-37,-72,325.7125984,112.264937,2.674051057,5,967.7092813
Cheirodon galusdae,3,644,-37,-72,165.7529412,94.2245101,4.587652144,3,656.0660846
Cheirodon galusdae,12,1919,-37,-72,325.7125984,112.264937,2.674051057,5,967.7092813
Cheirodon galusdae,12,1919,-37,-72,325.7125984,112.264937,2.674051057,5,967.7092813
Cheirodon galusdae,3,1174,-38,-72,187.8987854,111.7043264,1.16080209,6,3526.717392
Cheirodon galusdae,3,1174,-38,-72,187.8987854,111.7043264,1.16080209,6,3526.717392
Cheirodon galusdae,3,1174,-38,-72,187.8987854,111.7043264,1.16080209,6,3526.717392
Cheirodon galusdae,3,1174,-38,-72,187.8987854,111.7043264,1.16080209,6,3526.717392
Cheirodon galusdae,2,1933,-37,-72,178.921875,105.1404316,4.258407648,5,967.7092813
Cheirodon galusdae,3,1174,-38,-72,187.8987854,111.7043264,1.16080209,6,3526.717392
Cheirodon galusdae,1,1525,-37,-73,75.06299213,103.4748428,1.291669373,6,3526.717392
Cheirodon galusdae,12,1919,-37,-72,325.7125984,112.264937,2.674051057,5,967.7092813
Cheirodon galusdae,3,1174,-38,-72,187.8987854,111.7043264,1.16080209,6,3526.717392
Cheirodon galusdae,3,1174,-38,-72,187.8987854,111.7043264,1.16080209,6,3526.717392
Cheirodon galusdae,3,1174,-38,-72,187.8987854,111.7043264,1.16080209,6,3526.717392
Cheirodon galusdae,3,1174,-38,-72,187.8987854,111.7043264,1.16080209,6,3526.717392
Cheirodon galusdae,12,1919,-37,-72,325.7125984,112.264937,2.674051057,5,967.7092813
Cheirodon galusdae,3,1174,-38,-72,187.8987854,111.7043264,1.16080209,6,3526.717392
Cheirodon galusdae,3,1174,-38,-72,187.8987854,111.7043264,1.16080209,6,3526.717392
Cheirodon galusdae,1,2067,-38,-72,264.8429119,123.1311731,1.984076042,6,3019.392631
Cheirodon galusdae,3,644,-37,-72,165.7529412,94.2245101,4.587652144,3,656.0660846
Cheirodon galusdae,3,1174,-38,-72,187.8987854,111.7043264,1.16080209,6,3526.717392
Cheirodon galusdae,3,1174,-38,-72,187.8987854,111.7043264,1.16080209,6,3526.717392
Cheirodon galusdae,3,1174,-38,-72,187.8987854,111.7043264,1.16080209,6,3526.717392
Cheirodon galusdae,3,1174,-38,-72,187.8987854,111.7043264,1.16080209,6,3526.717392
Cheirodon galusdae,3,1174,-38,-72,187.8987854,111.7043264,1.16080209,6,3526.717392
Cheirodon galusdae,12,1918,-37,-72,338.9216418,111.7864594,2.509841725,5,967.7092813
Cheirodon galusdae,3,1174,-38,-72,187.8987854,111.7043264,1.16080209,6,3526.717392
Cheirodon galusdae,3,644,-37,-72,165.7529412,94.2245101,4.587652144,3,656.0660846
Cheirodon galusdae,3,1174,-38,-72,187.8987854,111.7043264,1.16080209,6,3526.717392
Cheirodon galusdae,3,1174,-38,-72,187.8987854,111.7043264,1.16080209,6,3526.717392
Cheirodon galusdae,1,1524,-37,-73,74.05737705,102.6450002,1.207989798,6,3526.717392
Cheirodon galusdae,1,1524,-37,-73,74.05737705,102.6450002,1.207989798,6,3526.717392
Cheirodon galusdae,3,1174,-38,-72,187.8987854,111.7043264,1.16080209,6,3526.717392
Cheirodon galusdae,3,644,-37,-72,165.7529412,94.2245101,4.587652144,3,656.0660846
Cheirodon galusdae,2,1917,-37,-72,354.5454545,112.3168151,3.603549118,5,967.7092813
Cheirodon galusdae,3,1174,-38,-72,187.8987854,111.7043264,1.16080209,6,3526.717392
Cheirodon galusdae,3,1174,-38,-72,187.8987854,111.7043264,1.16080209,6,3526.717392
Cheirodon galusdae,3,1174,-38,-72,187.8987854,111.7043264,1.16080209,6,3526.717392
Cheirodon galusdae,3,1174,-38,-72,187.8987854,111.7043264,1.16080209,6,3526.717392
Cheirodon galusdae,12,1918,-37,-72,338.9216418,111.7864594,2.509841725,5,967.7092813
Cheirodon galusdae,3,1174,-38,-72,187.8987854,111.7043264,1.16080209,6,3526.717392
Cheirodon galusdae,3,1174,-38,-72,187.8987854,111.7043264,1.16080209,6,3526.717392
Cheirodon galusdae,3,644,-37,-72,165.7529412,94.2245101,4.587652144,3,656.0660846
Cheirodon galusdae,3,1174,-38,-72,187.8987854,111.7043264,1.16080209,6,3526.717392
Cheirodon galusdae,3,1174,-38,-72,187.8987854,111.7043264,1.16080209,6,3526.717392
Cheirodon galusdae,1,1524,-37,-73,74.05737705,102.6450002,1.207989798,6,3526.717392
Cheirodon galusdae,3,1174,-38,-72,187.8987854,111.7043264,1.16080209,6,3526.717392
Cheirodon galusdae,1,1525,-37,-73,75.06299213,103.4748428,1.291669373,6,3526.717392
Cheirodon galusdae,3,1174,-38,-72,187.8987854,111.7043264,1.16080209,6,3526.717392
Cheirodon galusdae,3,1174,-38,-72,187.8987854,111.7043264,1.16080209,6,3526.717392
Cheirodon galusdae,1,2063,-38,-72,290.1971831,129.7125486,1.974997731,6,3019.392631
Cheirodon galusdae,3,1174,-38,-72,187.8987854,111.7043264,1.16080209,6,3526.717392
Cheirodon galusdae,4,1760,-38,-73,79.125,103.338334,1.344648499,6,6261.697266
Cheirodon galusdae,1,1524,-37,-73,74.05737705,102.6450002,1.207989798,6,3526.717392
Cheirodon galusdae,3,644,-37,-72,165.7529412,94.2245101,4.587652144,3,656.0660846
Cheirodon galusdae,3,1174,-38,-72,187.8987854,111.7043264,1.16080209,6,3526.717392
Cheirodon galusdae,2,1933,-37,-72,178.921875,105.1404316,4.258407648,5,967.7092813
Cheirodon galusdae,12,1919,-37,-72,325.7125984,112.264937,2.674051057,5,967.7092813
Cheirodon galusdae,3,644,-37,-72,165.7529412,94.2245101,4.587652144,3,656.0660846
Cheirodon galusdae,3,644,-37,-72,165.7529412,94.2245101,4.587652144,3,656.0660846
Cheirodon galusdae,1,1524,-37,-73,74.05737705,102.6450002,1.207989798,6,3526.717392
Cheirodon galusdae,3,1174,-38,-72,187.8987854,111.7043264,1.16080209,6,3526.717392
Cheirodon galusdae,3,1174,-38,-72,187.8987854,111.7043264,1.16080209,6,3526.717392
Cheirodon galusdae,3,1174,-38,-72,187.8987854,111.7043264,1.16080209,6,3526.717392
Cheirodon galusdae,3,1174,-38,-72,187.8987854,111.7043264,1.16080209,6,3526.717392
Cheirodon galusdae,3,644,-37,-72,165.7529412,94.2245101,4.587652144,3,656.0660846
Cheirodon galusdae,12,1919,-37,-72,325.7125984,112.264937,2.674051057,5,967.7092813
Cheirodon galusdae,2,1933,-37,-72,178.921875,105.1404316,4.258407648,5,967.7092813
Cheirodon galusdae,12,1918,-37,-72,338.9216418,111.7864594,2.509841725,5,967.7092813
Cheirodon galusdae,3,1174,-38,-72,187.8987854,111.7043264,1.16080209,6,3526.717392
Cheirodon galusdae,12,1919,-37,-72,325.7125984,112.264937,2.674051057,5,967.7092813
Cheirodon galusdae,12,1918,-37,-72,338.9216418,111.7864594,2.509841725,5,967.7092813
Cheirodon galusdae,2,1933,-37,-72,178.921875,105.1404316,4.258407648,5,967.7092813
Cheirodon galusdae,1,2062,-38,-72,298.8237548,132.9436729,13.7936481,6,3019.392631
Cheirodon galusdae,12,1917,-37,-72,354.5454545,112.3168151,3.603549118,5,967.7092813
Cheirodon galusdae,12,1919,-37,-72,325.7125984,112.264937,2.674051057,5,967.7092813
Cheirodon galusdae,2,1933,-37,-72,178.921875,105.1404316,4.258407648,5,967.7092813
Cheirodon galusdae,2,1933,-37,-72,178.921875,105.1404316,4.258407648,5,967.7092813
Cheirodon galusdae,2,1933,-37,-72,178.921875,105.1404316,4.258407648,5,967.7092813
Cheirodon galusdae,4,1760,-38,-73,79.125,103.338334,1.344648499,6,6261.697266
Cheirodon galusdae,3,1174,-38,-72,187.8987854,111.7043264,1.16080209,6,3526.717392
Cheirodon galusdae,1,1525,-37,-73,75.06299213,103.4748428,1.291669373,6,3526.717392
Cheirodon galusdae,3,1174,-38,-72,187.8987854,111.7043264,1.16080209,6,3526.717392
Cheirodon galusdae,3,1174,-38,-72,187.8987854,111.7043264,1.16080209,6,3526.717392
Cheirodon galusdae,2,1933,-37,-72,178.921875,105.1404316,4.258407648,5,967.7092813
Cheirodon galusdae,2,1933,-37,-72,178.921875,105.1404316,4.258407648,5,967.7092813
Cheirodon galusdae,3,1174,-38,-72,187.8987854,111.7043264,1.16080209,6,3526.717392
Cheirodon galusdae,3,1174,-38,-72,187.8987854,111.7043264,1.16080209,6,3526.717392
Cheirodon galusdae,3,1174,-38,-72,187.8987854,111.7043264,1.16080209,6,3526.717392
Cheirodon galusdae,12,1918,-37,-72,338.9216418,111.7864594,2.509841725,5,967.7092813
Cheirodon galusdae,12,1918,-37,-72,338.9216418,111.7864594,2.509841725,5,967.7092813
Cheirodon galusdae,3,644,-37,-72,165.7529412,94.2245101,4.587652144,3,656.0660846
Cheirodon galusdae,12,1919,-37,-72,325.7125984,112.264937,2.674051057,5,967.7092813
Cheirodon galusdae,3,1174,-38,-72,187.8987854,111.7043264,1.16080209,6,3526.717392
Cheirodon galusdae,12,1919,-37,-72,325.7125984,112.264937,2.674051057,5,967.7092813
Cheirodon galusdae,12,1919,-37,-72,325.7125984,112.264937,2.674051057,5,967.7092813
Cheirodon galusdae,12,1918,-37,-72,338.9216418,111.7864594,2.509841725,5,967.7092813
Cheirodon galusdae,12,1918,-37,-72,338.9216418,111.7864594,2.509841725,5,967.7092813
Cheirodon galusdae,2,1933,-37,-72,178.921875,105.1404316,4.258407648,5,967.7092813
Cheirodon galusdae,12,1918,-37,-72,338.9216418,111.7864594,2.509841725,5,967.7092813
Cheirodon galusdae,1,2062,-38,-72,298.8237548,132.9436729,13.7936481,6,3019.392631
Cheirodon galusdae,12,1917,-37,-72,354.5454545,112.3168151,3.603549118,5,967.7092813
Cheirodon galusdae,12,1919,-37,-72,325.7125984,112.264937,2.674051057,5,967.7092813
Cheirodon galusdae,2,1933,-37,-72,178.921875,105.1404316,4.258407648,5,967.7092813
Cheirodon galusdae,2,1933,-37,-72,178.921875,105.1404316,4.258407648,5,967.7092813
Cheirodon galusdae,3,644,-37,-72,165.7529412,94.2245101,4.587652144,3,656.0660846
Cheirodon galusdae,3,1174,-38,-72,187.8987854,111.7043264,1.16080209,6,3526.717392
Cheirodon galusdae,3,1174,-38,-72,187.8987854,111.7043264,1.16080209,6,3526.717392
Cheirodon galusdae,3,1174,-38,-72,187.8987854,111.7043264,1.16080209,6,3526.717392
Cheirodon galusdae,3,1174,-38,-72,187.8987854,111.7043264,1.16080209,6,3526.717392
Cheirodon galusdae,2,1933,-37,-72,178.921875,105.1404316,4.258407648,5,967.7092813
Cheirodon galusdae,2,1933,-37,-72,178.921875,105.1404316,4.258407648,5,967.7092813
Cheirodon galusdae,12,1918,-37,-72,338.9216418,111.7864594,2.509841725,5,967.7092813
Cheirodon galusdae,2,1933,-37,-72,178.921875,105.1404316,4.258407648,5,967.7092813
Cheirodon galusdae,2,1933,-37,-72,178.921875,105.1404316,4.258407648,5,967.7092813
Cheirodon galusdae,12,1918,-37,-72,338.9216418,111.7864594,2.509841725,5,967.7092813
Cheirodon galusdae,12,1919,-37,-72,325.7125984,112.264937,2.674051057,5,967.7092813
Cheirodon galusdae,3,1174,-38,-72,187.8987854,111.7043264,1.16080209,6,3526.717392
Cheirodon galusdae,12,1919,-37,-72,325.7125984,112.264937,2.674051057,5,967.7092813
Cheirodon galusdae,12,1918,-37,-72,338.9216418,111.7864594,2.509841725,5,967.7092813
Cheirodon galusdae,12,1907,-37,-72,551.5406504,121.6116509,2.011950759,5,967.7092813
Cheirodon galusdae,12,1907,-37,-72,551.5406504,121.6116509,2.011950759,5,967.7092813
Cheirodon galusdae,1,1525,-37,-73,75.06299213,103.4748428,1.291669373,6,3526.717392
Cheirodon galusdae,3,818,-37,-72,163.8802083,91.6588527,3.600447729,5,955.1016828
Cheirodon galusdae,12,1907,-37,-72,551.5406504,121.6116509,2.011950759,5,967.7092813
Cheirodon galusdae,3,1174,-38,-72,187.8987854,111.7043264,1.16080209,6,3526.717392
Cheirodon galusdae,1,1173,-38,-72,241.6390977,120.9665176,2.296090808,6,3526.717392
Cheirodon galusdae,3,1174,-38,-72,187.8987854,111.7043264,1.16080209,6,3526.717392
Cheirodon galusdae,12,1919,-37,-72,325.7125984,112.264937,2.674051057,5,967.7092813
Cheirodon galusdae,3,1174,-38,-72,187.8987854,111.7043264,1.16080209,6,3526.717392
Cheirodon galusdae,12,1918,-37,-72,338.9216418,111.7864594,2.509841725,5,967.7092813
Cheirodon galusdae,3,1174,-38,-72,187.8987854,111.7043264,1.16080209,6,3526.717392
Cheirodon galusdae,12,1907,-37,-72,551.5406504,121.6116509,2.011950759,5,967.7092813
Cheirodon galusdae,12,1919,-37,-72,325.7125984,112.264937,2.674051057,5,967.7092813
Cheirodon galusdae,2,1933,-37,-72,178.921875,105.1404316,4.258407648,5,967.7092813
Cheirodon galusdae,2,1933,-37,-72,178.921875,105.1404316,4.258407648,5,967.7092813
Cheirodon galusdae,12,1918,-37,-72,338.9216418,111.7864594,2.509841725,5,967.7092813
Cheirodon galusdae,12,1918,-37,-72,338.9216418,111.7864594,2.509841725,5,967.7092813
Cheirodon galusdae,12,1907,-37,-72,551.5406504,121.6116509,2.011950759,5,967.7092813
Cheirodon galusdae,3,818,-37,-72,163.8802083,91.6588527,3.600447729,5,955.1016828
Cheirodon galusdae,3,818,-37,-72,163.8802083,91.6588527,3.600447729,5,955.1016828
Cheirodon galusdae,12,1918,-37,-72,338.9216418,111.7864594,2.509841725,5,967.7092813
Cheirodon galusdae,12,1919,-37,-72,325.7125984,112.264937,2.674051057,5,967.7092813
Cheirodon galusdae,12,1919,-37,-72,325.7125984,112.264937,2.674051057,5,967.7092813
Cheirodon galusdae,12,1919,-37,-72,325.7125984,112.264937,2.674051057,5,967.7092813
Cheirodon galusdae,12,1918,-37,-72,338.9216418,111.7864594,2.509841725,5,967.7092813
Cheirodon galusdae,12,1918,-37,-72,338.9216418,111.7864594,2.509841725,5,967.7092813
Cheirodon galusdae,2,1933,-37,-72,178.921875,105.1404316,4.258407648,5,967.7092813
Cheirodon galusdae,12,1918,-37,-72,338.9216418,111.7864594,2.509841725,5,967.7092813
Cheirodon galusdae,2,1933,-37,-72,178.921875,105.1404316,4.258407648,5,967.7092813
Cheirodon galusdae,1,1353,-38,-72,357.6867925,140.7681836,6.289933997,4,3019.392631
Cheirodon galusdae,12,1919,-37,-72,325.7125984,112.264937,2.674051057,5,967.7092813
Cheirodon galusdae,2,1933,-37,-72,178.921875,105.1404316,4.258407648,5,967.7092813
Cheirodon galusdae,3,818,-37,-72,163.8802083,91.6588527,3.600447729,5,955.1016828
Cheirodon galusdae,3,1174,-38,-72,187.8987854,111.7043264,1.16080209,6,3526.717392
Cheirodon galusdae,12,1919,-37,-72,325.7125984,112.264937,2.674051057,5,967.7092813
Cheirodon galusdae,12,1919,-37,-72,325.7125984,112.264937,2.674051057,5,967.7092813
Cheirodon galusdae,12,1918,-37,-72,338.9216418,111.7864594,2.509841725,5,967.7092813
Cheirodon galusdae,12,1918,-37,-72,338.9216418,111.7864594,2.509841725,5,967.7092813
Cheirodon galusdae,12,1918,-37,-72,338.9216418,111.7864594,2.509841725,5,967.7092813
Cheirodon galusdae,12,1907,-37,-72,551.5406504,121.6116509,2.011950759,5,967.7092813
Cheirodon galusdae,3,1174,-38,-72,187.8987854,111.7043264,1.16080209,6,3526.717392
Cheirodon galusdae,3,1174,-38,-72,187.8987854,111.7043264,1.16080209,6,3526.717392
Cheirodon galusdae,3,1174,-38,-72,187.8987854,111.7043264,1.16080209,6,3526.717392
Cheirodon galusdae,2,1933,-37,-72,178.921875,105.1404316,4.258407648,5,967.7092813
Cheirodon galusdae,12,1918,-37,-72,338.9216418,111.7864594,2.509841725,5,967.7092813
Cheirodon galusdae,12,1918,-37,-72,338.9216418,111.7864594,2.509841725,5,967.7092813
Cheirodon galusdae,3,818,-37,-72,163.8802083,91.6588527,3.600447729,5,955.1016828
Cheirodon galusdae,12,1919,-37,-72,325.7125984,112.264937,2.674051057,5,967.7092813
Cheirodon galusdae,12,1907,-37,-72,551.5406504,121.6116509,2.011950759,5,967.7092813
Cheirodon galusdae,12,1907,-37,-72,551.5406504,121.6116509,2.011950759,5,967.7092813
Cheirodon galusdae,1,2063,-38,-72,290.1971831,129.7125486,1.974997731,6,3019.392631
Cheirodon galusdae,12,1918,-37,-72,338.9216418,111.7864594,2.509841725,5,967.7092813
Cheirodon galusdae,3,1174,-38,-72,187.8987854,111.7043264,1.16080209,6,3526.717392
Cheirodon galusdae,12,1919,-37,-72,325.7125984,112.264937,2.674051057,5,967.7092813
Cheirodon galusdae,3,1174,-38,-72,187.8987854,111.7043264,1.16080209,6,3526.717392
Cheirodon galusdae,3,1174,-38,-72,187.8987854,111.7043264,1.16080209,6,3526.717392
Cheirodon galusdae,12,1919,-37,-72,325.7125984,112.264937,2.674051057,5,967.7092813
Cheirodon galusdae,12,1918,-37,-72,338.9216418,111.7864594,2.509841725,5,967.7092813
Cheirodon galusdae,2,1916,-37,-72,369.6431535,113.0148534,4.216141644,5,967.7092813
Cheirodon galusdae,2,1916,-37,-72,369.6431535,113.0148534,4.216141644,5,967.7092813
Cheirodon galusdae,1,1353,-38,-72,357.6867925,140.7681836,6.289933997,4,3019.392631
Cheirodon galusdae,3,1174,-38,-72,187.8987854,111.7043264,1.16080209,6,3526.717392
Cheirodon galusdae,1,1353,-38,-72,357.6867925,140.7681836,6.289933997,4,3019.392631
Cheirodon galusdae,1,1353,-38,-72,357.6867925,140.7681836,6.289933997,4,3019.392631
Cheirodon galusdae,2,1916,-37,-72,369.6431535,113.0148534,4.216141644,5,967.7092813
Cheirodon galusdae,3,1174,-38,-72,187.8987854,111.7043264,1.16080209,6,3526.717392
Cheirodon galusdae,3,1174,-38,-72,187.8987854,111.7043264,1.16080209,6,3526.717392
Cheirodon kiliani,1,6733,-39,-73,86.61666667,134.1309531,6.433685386,6,2359.225673
Cnesterodon decemmaculatus,12,6185,-35,-72,42.15384615,70.0416654,2.680632787,7,5570.866652
Cnesterodon decemmaculatus,12,6185,-35,-72,42.15384615,70.0416654,2.680632787,7,5570.866652
Cnesterodon decemmaculatus,12,6185,-35,-72,42.15384615,70.0416654,2.680632787,7,5570.866652
Cnesterodon decemmaculatus,12,6185,-35,-72,42.15384615,70.0416654,2.680632787,7,5570.866652
Cnesterodon decemmaculatus,12,6185,-35,-72,42.15384615,70.0416654,2.680632787,7,5570.866652
Cnesterodon decemmaculatus,12,6185,-35,-72,42.15384615,70.0416654,2.680632787,7,5570.866652
Cnesterodon decemmaculatus,12,6185,-35,-72,42.15384615,70.0416654,2.680632787,7,5570.866652
Cnesterodon decemmaculatus,12,6185,-35,-72,42.15384615,70.0416654,2.680632787,7,5570.866652
Cnesterodon decemmaculatus,12,6185,-35,-72,42.15384615,70.0416654,2.680632787,7,5570.866652
Cnesterodon decemmaculatus,12,6185,-35,-72,42.15384615,70.0416654,2.680632787,7,5570.866652
Cnesterodon decemmaculatus,12,6185,-35,-72,42.15384615,70.0416654,2.680632787,7,5570.866652
Cnesterodon decemmaculatus,12,6185,-35,-72,42.15384615,70.0416654,2.680632787,7,5570.866652
Cnesterodon decemmaculatus,12,6185,-35,-72,42.15384615,70.0416654,2.680632787,7,5570.866652
Cnesterodon decemmaculatus,12,6185,-35,-72,42.15384615,70.0416654,2.680632787,7,5570.866652
Cnesterodon decemmaculatus,12,6185,-35,-72,42.15384615,70.0416654,2.680632787,7,5570.866652
Cnesterodon decemmaculatus,12,6185,-35,-72,42.15384615,70.0416654,2.680632787,7,5570.866652
Cnesterodon decemmaculatus,2,3610,-34,-71,162.90625,43.16341121,5.718709548,2,1750.389286
Cnesterodon decemmaculatus,12,6185,-35,-72,42.15384615,70.0416654,2.680632787,7,5570.866652
Cnesterodon decemmaculatus,12,6185,-35,-72,42.15384615,70.0416654,2.680632787,7,5570.866652
Cnesterodon decemmaculatus,12,6185,-35,-72,42.15384615,70.0416654,2.680632787,7,5570.866652
Cnesterodon decemmaculatus,12,6185,-35,-72,42.15384615,70.0416654,2.680632787,7,5570.866652
Cnesterodon decemmaculatus,12,6185,-35,-72,42.15384615,70.0416654,2.680632787,7,5570.866652
Cnesterodon decemmaculatus,2,3610,-34,-71,162.90625,43.16341121,5.718709548,2,1750.389286
Cnesterodon decemmaculatus,2,3610,-34,-71,162.90625,43.16341121,5.718709548,2,1750.389286
Cnesterodon decemmaculatus,2,3610,-34,-71,162.90625,43.16341121,5.718709548,2,1750.389286
Cnesterodon decemmaculatus,12,6185,-35,-72,42.15384615,70.0416654,2.680632787,7,5570.866652
Cnesterodon decemmaculatus,2,3610,-34,-71,162.90625,43.16341121,5.718709548,2,1750.389286
Cnesterodon decemmaculatus,12,6185,-35,-72,42.15384615,70.0416654,2.680632787,7,5570.866652
Cnesterodon decemmaculatus,12,6185,-35,-72,42.15384615,70.0416654,2.680632787,7,5570.866652
Cnesterodon decemmaculatus,2,3610,-34,-71,162.90625,43.16341121,5.718709548,2,1750.389286
Cnesterodon decemmaculatus,12,6185,-35,-72,42.15384615,70.0416654,2.680632787,7,5570.866652
Cnesterodon decemmaculatus,12,6185,-35,-72,42.15384615,70.0416654,2.680632787,7,5570.866652
Cnesterodon decemmaculatus,12,6185,-35,-72,42.15384615,70.0416654,2.680632787,7,5570.866652
Cnesterodon decemmaculatus,12,6185,-35,-72,42.15384615,70.0416654,2.680632787,7,5570.866652
Cnesterodon decemmaculatus,12,6185,-35,-72,42.15384615,70.0416654,2.680632787,7,5570.866652
Cnesterodon decemmaculatus,12,6185,-35,-72,42.15384615,70.0416654,2.680632787,7,5570.866652
Cnesterodon decemmaculatus,2,3610,-34,-71,162.90625,43.16341121,5.718709548,2,1750.389286
Cnesterodon decemmaculatus,12,6185,-35,-72,42.15384615,70.0416654,2.680632787,7,5570.866652
Cnesterodon decemmaculatus,2,3610,-34,-71,162.90625,43.16341121,5.718709548,2,1750.389286
Cnesterodon decemmaculatus,1,6150,-35,-72,54.2,70.59523664,6.287205955,5,1275.259419
Cnesterodon decemmaculatus,1,6150,-35,-72,54.2,70.59523664,6.287205955,5,1275.259419
Cnesterodon decemmaculatus,1,6150,-35,-72,54.2,70.59523664,6.287205955,5,1275.259419
Cnesterodon decemmaculatus,12,6185,-35,-72,42.15384615,70.0416654,2.680632787,7,5570.866652
Cnesterodon decemmaculatus,12,6185,-35,-72,42.15384615,70.0416654,2.680632787,7,5570.866652
Cnesterodon decemmaculatus,4,6187,-35,-72,34.48484848,70.86666718,4.428001112,7,5570.866652
Cnesterodon decemmaculatus,4,6187,-35,-72,34.48484848,70.86666718,4.428001112,7,5570.866652
Cnesterodon decemmaculatus,4,6187,-35,-72,34.48484848,70.86666718,4.428001112,7,5570.866652
Cnesterodon decemmaculatus,4,6187,-35,-72,34.48484848,70.86666718,4.428001112,7,5570.866652
Cnesterodon decemmaculatus,2,3610,-34,-71,162.90625,43.16341121,5.718709548,2,1750.389286
Cnesterodon decemmaculatus,12,6185,-35,-72,42.15384615,70.0416654,2.680632787,7,5570.866652
Cnesterodon decemmaculatus,2,3610,-34,-71,162.90625,43.16341121,5.718709548,2,1750.389286
Cnesterodon decemmaculatus,12,6185,-35,-72,42.15384615,70.0416654,2.680632787,7,5570.866652
Cnesterodon decemmaculatus,12,6185,-35,-72,42.15384615,70.0416654,2.680632787,7,5570.866652
Cnesterodon decemmaculatus,12,6185,-35,-72,42.15384615,70.0416654,2.680632787,7,5570.866652
Cnesterodon decemmaculatus,12,6185,-35,-72,42.15384615,70.0416654,2.680632787,7,5570.866652
Cnesterodon decemmaculatus,12,6185,-35,-72,42.15384615,70.0416654,2.680632787,7,5570.866652
Cnesterodon decemmaculatus,12,6185,-35,-72,42.15384615,70.0416654,2.680632787,7,5570.866652
Cnesterodon decemmaculatus,12,6185,-35,-72,42.15384615,70.0416654,2.680632787,7,5570.866652
Cnesterodon decemmaculatus,12,6185,-35,-72,42.15384615,70.0416654,2.680632787,7,5570.866652
Cnesterodon decemmaculatus,12,6185,-35,-72,42.15384615,70.0416654,2.680632787,7,5570.866652
Cnesterodon decemmaculatus,12,6185,-35,-72,42.15384615,70.0416654,2.680632787,7,5570.866652
Cnesterodon decemmaculatus,12,6185,-35,-72,42.15384615,70.0416654,2.680632787,7,5570.866652
Cnesterodon decemmaculatus,12,6185,-35,-72,42.15384615,70.0416654,2.680632787,7,5570.866652
Cnesterodon decemmaculatus,12,6185,-35,-72,42.15384615,70.0416654,2.680632787,7,5570.866652
Cnesterodon decemmaculatus,12,6185,-35,-72,42.15384615,70.0416654,2.680632787,7,5570.866652
Cnesterodon decemmaculatus,12,6185,-35,-72,42.15384615,70.0416654,2.680632787,7,5570.866652
Cnesterodon decemmaculatus,12,6185,-35,-72,42.15384615,70.0416654,2.680632787,7,5570.866652
Cnesterodon decemmaculatus,12,6185,-35,-72,42.15384615,70.0416654,2.680632787,7,5570.866652
Cnesterodon decemmaculatus,12,6185,-35,-72,42.15384615,70.0416654,2.680632787,7,5570.866652
Cnesterodon decemmaculatus,12,6185,-35,-72,42.15384615,70.0416654,2.680632787,7,5570.866652
Cnesterodon decemmaculatus,12,6185,-35,-72,42.15384615,70.0416654,2.680632787,7,5570.866652
Cnesterodon decemmaculatus,12,6185,-35,-72,42.15384615,70.0416654,2.680632787,7,5570.866652
Cnesterodon decemmaculatus,12,6185,-35,-72,42.15384615,70.0416654,2.680632787,7,5570.866652
Cnesterodon decemmaculatus,12,6185,-35,-72,42.15384615,70.0416654,2.680632787,7,5570.866652
Cnesterodon decemmaculatus,12,6185,-35,-72,42.15384615,70.0416654,2.680632787,7,5570.866652
Cnesterodon decemmaculatus,12,6185,-35,-72,42.15384615,70.0416654,2.680632787,7,5570.866652
Cnesterodon decemmaculatus,12,6185,-35,-72,42.15384615,70.0416654,2.680632787,7,5570.866652
Cnesterodon decemmaculatus,12,6185,-35,-72,42.15384615,70.0416654,2.680632787,7,5570.866652
Cnesterodon decemmaculatus,12,6185,-35,-72,42.15384615,70.0416654,2.680632787,7,5570.866652
Cnesterodon decemmaculatus,12,6185,-35,-72,42.15384615,70.0416654,2.680632787,7,5570.866652
Cnesterodon decemmaculatus,12,6185,-35,-72,42.15384615,70.0416654,2.680632787,7,5570.866652
Cnesterodon decemmaculatus,12,6185,-35,-72,42.15384615,70.0416654,2.680632787,7,5570.866652
Cnesterodon decemmaculatus,12,6185,-35,-72,42.15384615,70.0416654,2.680632787,7,5570.866652
Cnesterodon decemmaculatus,12,6185,-35,-72,42.15384615,70.0416654,2.680632787,7,5570.866652
Cnesterodon decemmaculatus,2,3610,-34,-71,162.90625,43.16341121,5.718709548,2,1750.389286
Cnesterodon decemmaculatus,2,3610,-34,-71,162.90625,43.16341121,5.718709548,2,1750.389286
Cnesterodon decemmaculatus,2,3610,-34,-71,162.90625,43.16341121,5.718709548,2,1750.389286
Cnesterodon decemmaculatus,2,3610,-34,-71,162.90625,43.16341121,5.718709548,2,1750.389286
Cnesterodon decemmaculatus,3,5372,-35,-72,28.65137615,69.65,4.354146694,7,5570.866652
Cnesterodon decemmaculatus,2,3610,-34,-71,162.90625,43.16341121,5.718709548,2,1750.389286
Cnesterodon decemmaculatus,2,3610,-34,-71,162.90625,43.16341121,5.718709548,2,1750.389286
Cnesterodon decemmaculatus,12,6185,-35,-72,42.15384615,70.0416654,2.680632787,7,5570.866652
Cnesterodon decemmaculatus,3,5372,-35,-72,28.65137615,69.65,4.354146694,7,5570.866652
Cnesterodon decemmaculatus,3,5372,-35,-72,28.65137615,69.65,4.354146694,7,5570.866652
Cnesterodon decemmaculatus,3,5372,-35,-72,28.65137615,69.65,4.354146694,7,5570.866652
Cnesterodon decemmaculatus,3,5372,-35,-72,28.65137615,69.65,4.354146694,7,5570.866652
Cnesterodon decemmaculatus,3,5372,-35,-72,28.65137615,69.65,4.354146694,7,5570.866652
Cnesterodon decemmaculatus,3,5372,-35,-72,28.65137615,69.65,4.354146694,7,5570.866652
Cnesterodon decemmaculatus,3,5372,-35,-72,28.65137615,69.65,4.354146694,7,5570.866652
Cnesterodon decemmaculatus,3,5372,-35,-72,28.65137615,69.65,4.354146694,7,5570.866652
Cnesterodon decemmaculatus,3,5372,-35,-72,28.65137615,69.65,4.354146694,7,5570.866652
Cnesterodon decemmaculatus,3,5372,-35,-72,28.65137615,69.65,4.354146694,7,5570.866652
Cnesterodon decemmaculatus,3,5372,-35,-72,28.65137615,69.65,4.354146694,7,5570.866652
Cnesterodon decemmaculatus,3,5372,-35,-72,28.65137615,69.65,4.354146694,7,5570.866652
Cnesterodon decemmaculatus,3,5372,-35,-72,28.65137615,69.65,4.354146694,7,5570.866652
Cnesterodon decemmaculatus,3,5372,-35,-72,28.65137615,69.65,4.354146694,7,5570.866652
Cnesterodon decemmaculatus,3,5372,-35,-72,28.65137615,69.65,4.354146694,7,5570.866652
Cnesterodon decemmaculatus,3,5372,-35,-72,28.65137615,69.65,4.354146694,7,5570.866652
Cnesterodon decemmaculatus,3,5372,-35,-72,28.65137615,69.65,4.354146694,7,5570.866652
Cnesterodon decemmaculatus,3,5372,-35,-72,28.65137615,69.65,4.354146694,7,5570.866652
Cnesterodon decemmaculatus,3,5372,-35,-72,28.65137615,69.65,4.354146694,7,5570.866652
Cnesterodon decemmaculatus,3,5372,-35,-72,28.65137615,69.65,4.354146694,7,5570.866652
Cnesterodon decemmaculatus,3,5372,-35,-72,28.65137615,69.65,4.354146694,7,5570.866652
Cnesterodon decemmaculatus,3,5372,-35,-72,28.65137615,69.65,4.354146694,7,5570.866652
Cnesterodon decemmaculatus,3,5372,-35,-72,28.65137615,69.65,4.354146694,7,5570.866652
Cnesterodon decemmaculatus,3,5372,-35,-72,28.65137615,69.65,4.354146694,7,5570.866652
Cnesterodon decemmaculatus,12,6185,-35,-72,42.15384615,70.0416654,2.680632787,7,5570.866652
Cnesterodon decemmaculatus,3,5372,-35,-72,28.65137615,69.65,4.354146694,7,5570.866652
Cnesterodon decemmaculatus,12,6185,-35,-72,42.15384615,70.0416654,2.680632787,7,5570.866652
Cnesterodon decemmaculatus,12,6185,-35,-72,42.15384615,70.0416654,2.680632787,7,5570.866652
Cnesterodon decemmaculatus,12,6185,-35,-72,42.15384615,70.0416654,2.680632787,7,5570.866652
Cnesterodon decemmaculatus,12,6185,-35,-72,42.15384615,70.0416654,2.680632787,7,5570.866652
Cnesterodon decemmaculatus,12,6185,-35,-72,42.15384615,70.0416654,2.680632787,7,5570.866652
Cnesterodon decemmaculatus,12,6185,-35,-72,42.15384615,70.0416654,2.680632787,7,5570.866652
Cnesterodon decemmaculatus,2,3611,-34,-71,158.4847162,43.36790461,4.839774885,2,1750.389286
Cnesterodon decemmaculatus,12,6185,-35,-72,42.15384615,70.0416654,2.680632787,7,5570.866652
Cnesterodon decemmaculatus,12,6185,-35,-72,42.15384615,70.0416654,2.680632787,7,5570.866652
Cnesterodon decemmaculatus,3,5372,-35,-72,28.65137615,69.65,4.354146694,7,5570.866652
Cnesterodon decemmaculatus,3,5372,-35,-72,28.65137615,69.65,4.354146694,7,5570.866652
Cnesterodon decemmaculatus,3,5372,-35,-72,28.65137615,69.65,4.354146694,7,5570.866652
Cnesterodon decemmaculatus,12,6185,-35,-72,42.15384615,70.0416654,2.680632787,7,5570.866652
Cnesterodon decemmaculatus,12,6185,-35,-72,42.15384615,70.0416654,2.680632787,7,5570.866652
Cnesterodon decemmaculatus,12,6185,-35,-72,42.15384615,70.0416654,2.680632787,7,5570.866652
Cnesterodon decemmaculatus,12,6185,-35,-72,42.15384615,70.0416654,2.680632787,7,5570.866652
Cnesterodon decemmaculatus,12,6185,-35,-72,42.15384615,70.0416654,2.680632787,7,5570.866652
Cnesterodon decemmaculatus,12,6185,-35,-72,42.15384615,70.0416654,2.680632787,7,5570.866652
Cnesterodon decemmaculatus,12,6185,-35,-72,42.15384615,70.0416654,2.680632787,7,5570.866652
Cnesterodon decemmaculatus,12,6185,-35,-72,42.15384615,70.0416654,2.680632787,7,5570.866652
Cnesterodon decemmaculatus,12,6185,-35,-72,42.15384615,70.0416654,2.680632787,7,5570.866652
Cnesterodon decemmaculatus,12,6185,-35,-72,42.15384615,70.0416654,2.680632787,7,5570.866652
Cnesterodon decemmaculatus,12,6185,-35,-72,42.15384615,70.0416654,2.680632787,7,5570.866652
Cnesterodon decemmaculatus,12,6185,-35,-72,42.15384615,70.0416654,2.680632787,7,5570.866652
Cnesterodon decemmaculatus,12,6185,-35,-72,42.15384615,70.0416654,2.680632787,7,5570.866652
Cnesterodon decemmaculatus,12,6185,-35,-72,42.15384615,70.0416654,2.680632787,7,5570.866652
Cnesterodon decemmaculatus,12,6185,-35,-72,42.15384615,70.0416654,2.680632787,7,5570.866652
Cnesterodon decemmaculatus,12,6185,-35,-72,42.15384615,70.0416654,2.680632787,7,5570.866652
Cnesterodon decemmaculatus,12,6185,-35,-72,42.15384615,70.0416654,2.680632787,7,5570.866652
Cnesterodon decemmaculatus,12,6185,-35,-72,42.15384615,70.0416654,2.680632787,7,5570.866652
Cnesterodon decemmaculatus,12,6185,-35,-72,42.15384615,70.0416654,2.680632787,7,5570.866652
Cnesterodon decemmaculatus,12,6185,-35,-72,42.15384615,70.0416654,2.680632787,7,5570.866652
Cnesterodon decemmaculatus,12,6185,-35,-72,42.15384615,70.0416654,2.680632787,7,5570.866652
Cnesterodon decemmaculatus,12,6185,-35,-72,42.15384615,70.0416654,2.680632787,7,5570.866652
Cnesterodon decemmaculatus,12,6185,-35,-72,42.15384615,70.0416654,2.680632787,7,5570.866652
Cnesterodon decemmaculatus,12,6185,-35,-72,42.15384615,70.0416654,2.680632787,7,5570.866652
Cnesterodon decemmaculatus,12,6185,-35,-72,42.15384615,70.0416654,2.680632787,7,5570.866652
Cnesterodon decemmaculatus,12,6185,-35,-72,42.15384615,70.0416654,2.680632787,7,5570.866652
Cnesterodon decemmaculatus,12,6185,-35,-72,42.15384615,70.0416654,2.680632787,7,5570.866652
Cnesterodon decemmaculatus,12,6185,-35,-72,42.15384615,70.0416654,2.680632787,7,5570.866652
Cnesterodon decemmaculatus,12,6185,-35,-72,42.15384615,70.0416654,2.680632787,7,5570.866652
Cnesterodon decemmaculatus,12,6185,-35,-72,42.15384615,70.0416654,2.680632787,7,5570.866652
Cnesterodon decemmaculatus,12,6185,-35,-72,42.15384615,70.0416654,2.680632787,7,5570.866652
Cnesterodon decemmaculatus,12,6185,-35,-72,42.15384615,70.0416654,2.680632787,7,5570.866652
Cnesterodon decemmaculatus,12,6185,-35,-72,42.15384615,70.0416654,2.680632787,7,5570.866652
Cnesterodon decemmaculatus,12,6185,-35,-72,42.15384615,70.0416654,2.680632787,7,5570.866652
Cnesterodon decemmaculatus,12,6185,-35,-72,42.15384615,70.0416654,2.680632787,7,5570.866652
Cnesterodon decemmaculatus,12,6185,-35,-72,42.15384615,70.0416654,2.680632787,7,5570.866652
Cnesterodon decemmaculatus,12,6185,-35,-72,42.15384615,70.0416654,2.680632787,7,5570.866652
Cnesterodon decemmaculatus,12,6185,-35,-72,42.15384615,70.0416654,2.680632787,7,5570.866652
Cnesterodon decemmaculatus,12,6185,-35,-72,42.15384615,70.0416654,2.680632787,7,5570.866652
Cnesterodon decemmaculatus,12,6185,-35,-72,42.15384615,70.0416654,2.680632787,7,5570.866652
Cnesterodon decemmaculatus,3,5372,-35,-72,28.65137615,69.65,4.354146694,7,5570.866652
Cnesterodon decemmaculatus,3,5372,-35,-72,28.65137615,69.65,4.354146694,7,5570.866652
Cnesterodon decemmaculatus,3,5372,-35,-72,28.65137615,69.65,4.354146694,7,5570.866652
Cnesterodon decemmaculatus,3,5372,-35,-72,28.65137615,69.65,4.354146694,7,5570.866652
Cnesterodon decemmaculatus,12,6185,-35,-72,42.15384615,70.0416654,2.680632787,7,5570.866652
Cnesterodon decemmaculatus,12,6185,-35,-72,42.15384615,70.0416654,2.680632787,7,5570.866652
Cnesterodon decemmaculatus,12,6185,-35,-72,42.15384615,70.0416654,2.680632787,7,5570.866652
Cnesterodon decemmaculatus,12,6185,-35,-72,42.15384615,70.0416654,2.680632787,7,5570.866652
Cnesterodon decemmaculatus,12,6185,-35,-72,42.15384615,70.0416654,2.680632787,7,5570.866652
Cnesterodon decemmaculatus,12,6185,-35,-72,42.15384615,70.0416654,2.680632787,7,5570.866652
Cnesterodon decemmaculatus,12,6185,-35,-72,42.15384615,70.0416654,2.680632787,7,5570.866652
Cnesterodon decemmaculatus,12,6185,-35,-72,42.15384615,70.0416654,2.680632787,7,5570.866652
Cnesterodon decemmaculatus,12,6185,-35,-72,42.15384615,70.0416654,2.680632787,7,5570.866652
Cnesterodon decemmaculatus,12,6185,-35,-72,42.15384615,70.0416654,2.680632787,7,5570.866652
Cnesterodon decemmaculatus,12,6185,-35,-72,42.15384615,70.0416654,2.680632787,7,5570.866652
Cnesterodon decemmaculatus,12,6185,-35,-72,42.15384615,70.0416654,2.680632787,7,5570.866652
Cnesterodon decemmaculatus,12,6185,-35,-72,42.15384615,70.0416654,2.680632787,7,5570.866652
Cnesterodon decemmaculatus,12,6185,-35,-72,42.15384615,70.0416654,2.680632787,7,5570.866652
Cnesterodon decemmaculatus,12,6185,-35,-72,42.15384615,70.0416654,2.680632787,7,5570.866652
Cyprinus carpio,2,5764,-36,-72,81.12037037,71.27777863,4.391394707,6,3290.497922
Cyprinus carpio,2,5764,-36,-72,81.12037037,71.27777863,4.391394707,6,3290.497922
Cyprinus carpio,2,5764,-36,-72,81.12037037,71.27777863,4.391394707,6,3290.497922
Cyprinus carpio,4,6187,-35,-72,34.48484848,70.86666718,4.428001112,7,5570.866652
Cyprinus carpio,4,6187,-35,-72,34.48484848,70.86666718,4.428001112,7,5570.866652
Cyprinus carpio,3,644,-37,-72,165.7529412,94.2245101,4.587652144,3,656.0660846
Cyprinus carpio,2,5764,-36,-72,81.12037037,71.27777863,4.391394707,6,3290.497922
Cyprinus carpio,3,644,-37,-72,165.7529412,94.2245101,4.587652144,3,656.0660846
Cyprinus carpio,4,6187,-35,-72,34.48484848,70.86666718,4.428001112,7,5570.866652
Cyprinus carpio,3,644,-37,-72,165.7529412,94.2245101,4.587652144,3,656.0660846
Cyprinus carpio,4,6187,-35,-72,34.48484848,70.86666718,4.428001112,7,5570.866652
Cyprinus carpio,4,6187,-35,-72,34.48484848,70.86666718,4.428001112,7,5570.866652
Cyprinus carpio,2,5764,-36,-72,81.12037037,71.27777863,4.391394707,6,3290.497922
Cyprinus carpio,3,644,-37,-72,165.7529412,94.2245101,4.587652144,3,656.0660846
Cyprinus carpio,4,6187,-35,-72,34.48484848,70.86666718,4.428001112,7,5570.866652
Cyprinus carpio,4,6187,-35,-72,34.48484848,70.86666718,4.428001112,7,5570.866652
Cyprinus carpio,2,5764,-36,-72,81.12037037,71.27777863,4.391394707,6,3290.497922
Cyprinus carpio,4,6187,-35,-72,34.48484848,70.86666718,4.428001112,7,5570.866652
Cyprinus carpio,4,6187,-35,-72,34.48484848,70.86666718,4.428001112,7,5570.866652
Cyprinus carpio,2,5717,-36,-72,89.8125,73.93333588,3.637341519,6,3290.497922
Cyprinus carpio,4,6187,-35,-72,34.48484848,70.86666718,4.428001112,7,5570.866652
Cyprinus carpio,4,6187,-35,-72,34.48484848,70.86666718,4.428001112,7,5570.866652
Cyprinus carpio,2,3708,-35,-71,146.7207207,64.8333346,2.378894906,6,1544.312195
Cyprinus carpio,2,5717,-36,-72,89.8125,73.93333588,3.637341519,6,3290.497922
Cyprinus carpio,2,5717,-36,-72,89.8125,73.93333588,3.637341519,6,3290.497922
Cyprinus carpio,4,6187,-35,-72,34.48484848,70.86666718,4.428001112,7,5570.866652
Cyprinus carpio,4,6187,-35,-72,34.48484848,70.86666718,4.428001112,7,5570.866652
Cyprinus carpio,2,3708,-35,-71,146.7207207,64.8333346,2.378894906,6,1544.312195
Cyprinus carpio,4,6187,-35,-72,34.48484848,70.86666718,4.428001112,7,5570.866652
Cyprinus carpio,4,6187,-35,-72,34.48484848,70.86666718,4.428001112,7,5570.866652
Cyprinus carpio,2,3708,-35,-71,146.7207207,64.8333346,2.378894906,6,1544.312195
Cyprinus carpio,2,3708,-35,-71,146.7207207,64.8333346,2.378894906,6,1544.312195
Diplomystes camposensis,2,8507,-40,-73,38.5,185.2833344,2.664263362,4,971.5374943
Diplomystes camposensis,2,8530,-40,-73,110.9545455,194.9500031,25.84003993,3,971.5374943
Diplomystes camposensis,1,8527,-40,-72,127.3928571,193.9722214,16.10434568,3,971.5374943
Diplomystes camposensis,2,8539,-40,-73,44.54807692,186.6944453,11.19482029,3,971.5374943
Diplomystes camposensis,3,8538,-40,-73,45.85964912,187.1979198,11.39652594,3,971.5374943
Diplomystes camposensis,2,8538,-40,-73,45.85964912,187.1979198,11.39652594,3,971.5374943
Diplomystes camposensis,2,8538,-40,-73,45.85964912,187.1979198,11.39652594,3,971.5374943
Diplomystes camposensis,1,8536,-40,-73,50.04424779,189.2916641,13.57040073,3,971.5374943
Diplomystes camposensis,1,8527,-40,-72,127.3928571,193.9722214,16.10434568,3,971.5374943
Diplomystes camposensis,2,8507,-40,-73,38.5,185.2833344,2.664263362,4,971.5374943
Diplomystes camposensis,1,8539,-40,-73,44.54807692,186.6944453,11.19482029,3,971.5374943
Diplomystes camposensis,1,8539,-40,-73,44.54807692,186.6944453,11.19482029,3,971.5374943
Diplomystes camposensis,2,8507,-40,-73,38.5,185.2833344,2.664263362,4,971.5374943
Diplomystes camposensis,2,8530,-40,-73,110.9545455,194.9500031,25.84003993,3,971.5374943
Diplomystes camposensis,3,8539,-40,-73,44.54807692,186.6944453,11.19482029,3,971.5374943
Diplomystes camposensis,1,8536,-40,-73,50.04424779,189.2916641,13.57040073,3,971.5374943
Diplomystes camposensis,1,8507,-40,-73,38.5,185.2833344,2.664263362,4,971.5374943
Diplomystes camposensis,1,8539,-40,-73,44.54807692,186.6944453,11.19482029,3,971.5374943
Diplomystes camposensis,1,8539,-40,-73,44.54807692,186.6944453,11.19482029,3,971.5374943
Diplomystes camposensis,3,8538,-40,-73,45.85964912,187.1979198,11.39652594,3,971.5374943
Diplomystes camposensis,1,6733,-39,-73,86.61666667,134.1309531,6.433685386,6,2359.225673
Diplomystes camposensis,1,8507,-40,-73,38.5,185.2833344,2.664263362,4,971.5374943
Diplomystes camposensis,3,8539,-40,-73,44.54807692,186.6944453,11.19482029,3,971.5374943
Diplomystes camposensis,1,8532,-40,-73,86.31818182,192.6666667,18.40214676,3,971.5374943
Diplomystes camposensis,2,8539,-40,-73,44.54807692,186.6944453,11.19482029,3,971.5374943
Diplomystes camposensis,1,8530,-40,-73,110.9545455,194.9500031,25.84003993,3,971.5374943
Diplomystes camposensis,2,8507,-40,-73,38.5,185.2833344,2.664263362,4,971.5374943
Diplomystes camposensis,2,8539,-40,-73,44.54807692,186.6944453,11.19482029,3,971.5374943
Diplomystes camposensis,1,6733,-39,-73,86.61666667,134.1309531,6.433685386,6,2359.225673
Diplomystes camposensis,2,8536,-40,-73,50.04424779,189.2916641,13.57040073,3,971.5374943
Diplomystes camposensis,1,6733,-39,-73,86.61666667,134.1309531,6.433685386,6,2359.225673
Diplomystes camposensis,2,8530,-40,-73,110.9545455,194.9500031,25.84003993,3,971.5374943
Diplomystes camposensis,2,8530,-40,-73,110.9545455,194.9500031,25.84003993,3,971.5374943
Diplomystes camposensis,1,8530,-40,-73,110.9545455,194.9500031,25.84003993,3,971.5374943
Diplomystes camposensis,1,8539,-40,-73,44.54807692,186.6944453,11.19482029,3,971.5374943
Diplomystes camposensis,1,8536,-40,-73,50.04424779,189.2916641,13.57040073,3,971.5374943
Diplomystes camposensis,1,8530,-40,-73,110.9545455,194.9500031,25.84003993,3,971.5374943
Diplomystes camposensis,3,8539,-40,-73,44.54807692,186.6944453,11.19482029,3,971.5374943
Diplomystes camposensis,3,8538,-40,-73,45.85964912,187.1979198,11.39652594,3,971.5374943
Diplomystes camposensis,3,8530,-40,-73,110.9545455,194.9500031,25.84003993,3,971.5374943
Diplomystes camposensis,2,8538,-40,-73,45.85964912,187.1979198,11.39652594,3,971.5374943
Diplomystes camposensis,1,8528,-40,-72,127.1551724,193.8472214,10.735122,3,971.5374943
Diplomystes camposensis,1,8528,-40,-72,127.1551724,193.8472214,10.735122,3,971.5374943
Diplomystes camposensis,2,8538,-40,-73,45.85964912,187.1979198,11.39652594,3,971.5374943
Diplomystes camposensis,2,8538,-40,-73,45.85964912,187.1979198,11.39652594,3,971.5374943
Diplomystes camposensis,2,8538,-40,-73,45.85964912,187.1979198,11.39652594,3,971.5374943
Diplomystes camposensis,2,8539,-40,-73,44.54807692,186.6944453,11.19482029,3,971.5374943
Diplomystes camposensis,1,8538,-40,-73,45.85964912,187.1979198,11.39652594,3,971.5374943
Diplomystes camposensis,1,8539,-40,-73,44.54807692,186.6944453,11.19482029,3,971.5374943
Diplomystes camposensis,1,8538,-40,-73,45.85964912,187.1979198,11.39652594,3,971.5374943
Diplomystes camposensis,1,8539,-40,-73,44.54807692,186.6944453,11.19482029,3,971.5374943
Diplomystes camposensis,2,8538,-40,-73,45.85964912,187.1979198,11.39652594,3,971.5374943
Diplomystes camposensis,1,8539,-40,-73,44.54807692,186.6944453,11.19482029,3,971.5374943
Diplomystes camposensis,1,8539,-40,-73,44.54807692,186.6944453,11.19482029,3,971.5374943
Diplomystes camposensis,1,8538,-40,-73,45.85964912,187.1979198,11.39652594,3,971.5374943
Diplomystes camposensis,1,8539,-40,-73,44.54807692,186.6944453,11.19482029,3,971.5374943
Diplomystes camposensis,1,8539,-40,-73,44.54807692,186.6944453,11.19482029,3,971.5374943
Diplomystes camposensis,1,8530,-40,-73,110.9545455,194.9500031,25.84003993,3,971.5374943
Diplomystes camposensis,3,8539,-40,-73,44.54807692,186.6944453,11.19482029,3,971.5374943
Diplomystes camposensis,3,8538,-40,-73,45.85964912,187.1979198,11.39652594,3,971.5374943
Diplomystes camposensis,3,8538,-40,-73,45.85964912,187.1979198,11.39652594,3,971.5374943
Diplomystes camposensis,1,8539,-40,-73,44.54807692,186.6944453,11.19482029,3,971.5374943
Diplomystes camposensis,2,8539,-40,-73,44.54807692,186.6944453,11.19482029,3,971.5374943
Diplomystes camposensis,3,8538,-40,-73,45.85964912,187.1979198,11.39652594,3,971.5374943
Diplomystes camposensis,3,8538,-40,-73,45.85964912,187.1979198,11.39652594,3,971.5374943
Diplomystes camposensis,2,8536,-40,-73,50.04424779,189.2916641,13.57040073,3,971.5374943
Diplomystes camposensis,1,8538,-40,-73,45.85964912,187.1979198,11.39652594,3,971.5374943
Diplomystes camposensis,2,8530,-40,-73,110.9545455,194.9500031,25.84003993,3,971.5374943
Diplomystes camposensis,2,8538,-40,-73,45.85964912,187.1979198,11.39652594,3,971.5374943
Diplomystes camposensis,2,8538,-40,-73,45.85964912,187.1979198,11.39652594,3,971.5374943
Diplomystes camposensis,2,8538,-40,-73,45.85964912,187.1979198,11.39652594,3,971.5374943
Diplomystes camposensis,2,8539,-40,-73,44.54807692,186.6944453,11.19482029,3,971.5374943
Diplomystes camposensis,3,8532,-40,-73,86.31818182,192.6666667,18.40214676,3,971.5374943
Diplomystes camposensis,1,8539,-40,-73,44.54807692,186.6944453,11.19482029,3,971.5374943
Diplomystes camposensis,1,8539,-40,-73,44.54807692,186.6944453,11.19482029,3,971.5374943
Diplomystes camposensis,3,8530,-40,-73,110.9545455,194.9500031,25.84003993,3,971.5374943
Diplomystes camposensis,1,8507,-40,-73,38.5,185.2833344,2.664263362,4,971.5374943
Diplomystes camposensis,2,8530,-40,-73,110.9545455,194.9500031,25.84003993,3,971.5374943
Diplomystes camposensis,2,8507,-40,-73,38.5,185.2833344,2.664263362,4,971.5374943
Diplomystes camposensis,1,8539,-40,-73,44.54807692,186.6944453,11.19482029,3,971.5374943
Diplomystes camposensis,1,8539,-40,-73,44.54807692,186.6944453,11.19482029,3,971.5374943
Diplomystes camposensis,2,8539,-40,-73,44.54807692,186.6944453,11.19482029,3,971.5374943
Diplomystes camposensis,3,8538,-40,-73,45.85964912,187.1979198,11.39652594,3,971.5374943
Diplomystes camposensis,3,8536,-40,-73,50.04424779,189.2916641,13.57040073,3,971.5374943
Diplomystes camposensis,3,8538,-40,-73,45.85964912,187.1979198,11.39652594,3,971.5374943
Diplomystes camposensis,1,8532,-40,-73,86.31818182,192.6666667,18.40214676,3,971.5374943
Diplomystes camposensis,2,8539,-40,-73,44.54807692,186.6944453,11.19482029,3,971.5374943
Diplomystes camposensis,1,8507,-40,-73,38.5,185.2833344,2.664263362,4,971.5374943
Diplomystes camposensis,3,8539,-40,-73,44.54807692,186.6944453,11.19482029,3,971.5374943
Diplomystes camposensis,1,8507,-40,-73,38.5,185.2833344,2.664263362,4,971.5374943
Diplomystes camposensis,1,8536,-40,-73,50.04424779,189.2916641,13.57040073,3,971.5374943
Diplomystes camposensis,1,8536,-40,-73,50.04424779,189.2916641,13.57040073,3,971.5374943
Diplomystes camposensis,1,8536,-40,-73,50.04424779,189.2916641,13.57040073,3,971.5374943
Diplomystes camposensis,1,8536,-40,-73,50.04424779,189.2916641,13.57040073,3,971.5374943
Diplomystes camposensis,1,8527,-40,-72,127.3928571,193.9722214,16.10434568,3,971.5374943
Diplomystes camposensis,1,8528,-40,-72,127.1551724,193.8472214,10.735122,3,971.5374943
Diplomystes camposensis,1,8528,-40,-72,127.1551724,193.8472214,10.735122,3,971.5374943
Diplomystes camposensis,3,8538,-40,-73,45.85964912,187.1979198,11.39652594,3,971.5374943
Diplomystes camposensis,3,8538,-40,-73,45.85964912,187.1979198,11.39652594,3,971.5374943
Diplomystes camposensis,3,8538,-40,-73,45.85964912,187.1979198,11.39652594,3,971.5374943
Diplomystes camposensis,1,8507,-40,-73,38.5,185.2833344,2.664263362,4,971.5374943
Diplomystes camposensis,3,8538,-40,-73,45.85964912,187.1979198,11.39652594,3,971.5374943
Diplomystes camposensis,2,8539,-40,-73,44.54807692,186.6944453,11.19482029,3,971.5374943
Diplomystes camposensis,2,8530,-40,-73,110.9545455,194.9500031,25.84003993,3,971.5374943
Diplomystes camposensis,1,8538,-40,-73,45.85964912,187.1979198,11.39652594,3,971.5374943
Diplomystes camposensis,1,8530,-40,-73,110.9545455,194.9500031,25.84003993,3,971.5374943
Diplomystes camposensis,1,8530,-40,-73,110.9545455,194.9500031,25.84003993,3,971.5374943
Diplomystes camposensis,2,8536,-40,-73,50.04424779,189.2916641,13.57040073,3,971.5374943
Diplomystes camposensis,2,8536,-40,-73,50.04424779,189.2916641,13.57040073,3,971.5374943
Diplomystes camposensis,3,8538,-40,-73,45.85964912,187.1979198,11.39652594,3,971.5374943
Diplomystes camposensis,2,8536,-40,-73,50.04424779,189.2916641,13.57040073,3,971.5374943
Diplomystes camposensis,2,8539,-40,-73,44.54807692,186.6944453,11.19482029,3,971.5374943
Diplomystes camposensis,1,8530,-40,-73,110.9545455,194.9500031,25.84003993,3,971.5374943
Diplomystes camposensis,3,8539,-40,-73,44.54807692,186.6944453,11.19482029,3,971.5374943
Diplomystes camposensis,1,8536,-40,-73,50.04424779,189.2916641,13.57040073,3,971.5374943
Diplomystes camposensis,2,8538,-40,-73,45.85964912,187.1979198,11.39652594,3,971.5374943
Diplomystes camposensis,2,8538,-40,-73,45.85964912,187.1979198,11.39652594,3,971.5374943
Diplomystes camposensis,2,8538,-40,-73,45.85964912,187.1979198,11.39652594,3,971.5374943
Diplomystes camposensis,2,8538,-40,-73,45.85964912,187.1979198,11.39652594,3,971.5374943
Diplomystes camposensis,2,8538,-40,-73,45.85964912,187.1979198,11.39652594,3,971.5374943
Diplomystes camposensis,1,6733,-39,-73,86.61666667,134.1309531,6.433685386,6,2359.225673
Diplomystes camposensis,1,8538,-40,-73,45.85964912,187.1979198,11.39652594,3,971.5374943
Diplomystes camposensis,1,8539,-40,-73,44.54807692,186.6944453,11.19482029,3,971.5374943
Diplomystes camposensis,1,8538,-40,-73,45.85964912,187.1979198,11.39652594,3,971.5374943
Diplomystes camposensis,2,8507,-40,-73,38.5,185.2833344,2.664263362,4,971.5374943
Diplomystes camposensis,1,8539,-40,-73,44.54807692,186.6944453,11.19482029,3,971.5374943
Diplomystes camposensis,3,8536,-40,-73,50.04424779,189.2916641,13.57040073,3,971.5374943
Diplomystes camposensis,3,8536,-40,-73,50.04424779,189.2916641,13.57040073,3,971.5374943
Diplomystes camposensis,3,8536,-40,-73,50.04424779,189.2916641,13.57040073,3,971.5374943
Diplomystes camposensis,3,8536,-40,-73,50.04424779,189.2916641,13.57040073,3,971.5374943
Diplomystes camposensis,1,8507,-40,-73,38.5,185.2833344,2.664263362,4,971.5374943
Diplomystes camposensis,2,8536,-40,-73,50.04424779,189.2916641,13.57040073,3,971.5374943
Diplomystes camposensis,3,8538,-40,-73,45.85964912,187.1979198,11.39652594,3,971.5374943
Diplomystes camposensis,1,8507,-40,-73,38.5,185.2833344,2.664263362,4,971.5374943
Diplomystes camposensis,3,8538,-40,-73,45.85964912,187.1979198,11.39652594,3,971.5374943
Diplomystes camposensis,3,8507,-40,-73,38.5,185.2833344,2.664263362,4,971.5374943
Diplomystes camposensis,3,8507,-40,-73,38.5,185.2833344,2.664263362,4,971.5374943
Diplomystes camposensis,3,8507,-40,-73,38.5,185.2833344,2.664263362,4,971.5374943
Diplomystes camposensis,2,8539,-40,-73,44.54807692,186.6944453,11.19482029,3,971.5374943
Diplomystes camposensis,1,8527,-40,-72,127.3928571,193.9722214,16.10434568,3,971.5374943
Diplomystes camposensis,1,8536,-40,-73,50.04424779,189.2916641,13.57040073,3,971.5374943
Diplomystes camposensis,3,8538,-40,-73,45.85964912,187.1979198,11.39652594,3,971.5374943
Diplomystes camposensis,1,8527,-40,-72,127.3928571,193.9722214,16.10434568,3,971.5374943
Diplomystes camposensis,1,8527,-40,-72,127.3928571,193.9722214,16.10434568,3,971.5374943
Diplomystes camposensis,1,8507,-40,-73,38.5,185.2833344,2.664263362,4,971.5374943
Diplomystes camposensis,1,8527,-40,-72,127.3928571,193.9722214,16.10434568,3,971.5374943
Diplomystes camposensis,1,8527,-40,-72,127.3928571,193.9722214,16.10434568,3,971.5374943
Diplomystes camposensis,1,8527,-40,-72,127.3928571,193.9722214,16.10434568,3,971.5374943
Diplomystes camposensis,1,8527,-40,-72,127.3928571,193.9722214,16.10434568,3,971.5374943
Diplomystes camposensis,3,8507,-40,-73,38.5,185.2833344,2.664263362,4,971.5374943
Diplomystes camposensis,3,8538,-40,-73,45.85964912,187.1979198,11.39652594,3,971.5374943
Diplomystes camposensis,3,8538,-40,-73,45.85964912,187.1979198,11.39652594,3,971.5374943
Diplomystes camposensis,2,8536,-40,-73,50.04424779,189.2916641,13.57040073,3,971.5374943
Diplomystes camposensis,2,8536,-40,-73,50.04424779,189.2916641,13.57040073,3,971.5374943
Diplomystes camposensis,1,8507,-40,-73,38.5,185.2833344,2.664263362,4,971.5374943
Diplomystes camposensis,1,8507,-40,-73,38.5,185.2833344,2.664263362,4,971.5374943
Diplomystes camposensis,1,8507,-40,-73,38.5,185.2833344,2.664263362,4,971.5374943
Diplomystes camposensis,3,8536,-40,-73,50.04424779,189.2916641,13.57040073,3,971.5374943
Diplomystes camposensis,1,8507,-40,-73,38.5,185.2833344,2.664263362,4,971.5374943
Diplomystes camposensis,1,8507,-40,-73,38.5,185.2833344,2.664263362,4,971.5374943
Diplomystes camposensis,1,8507,-40,-73,38.5,185.2833344,2.664263362,4,971.5374943
Diplomystes camposensis,1,8507,-40,-73,38.5,185.2833344,2.664263362,4,971.5374943
Diplomystes camposensis,2,8536,-40,-73,50.04424779,189.2916641,13.57040073,3,971.5374943
Diplomystes camposensis,3,8536,-40,-73,50.04424779,189.2916641,13.57040073,3,971.5374943
Diplomystes camposensis,1,8538,-40,-73,45.85964912,187.1979198,11.39652594,3,971.5374943
Diplomystes camposensis,2,8539,-40,-73,44.54807692,186.6944453,11.19482029,3,971.5374943
Diplomystes camposensis,1,8536,-40,-73,50.04424779,189.2916641,13.57040073,3,971.5374943
Diplomystes camposensis,3,8507,-40,-73,38.5,185.2833344,2.664263362,4,971.5374943
Diplomystes camposensis,2,8539,-40,-73,44.54807692,186.6944453,11.19482029,3,971.5374943
Diplomystes camposensis,1,8527,-40,-72,127.3928571,193.9722214,16.10434568,3,971.5374943
Diplomystes camposensis,1,8527,-40,-72,127.3928571,193.9722214,16.10434568,3,971.5374943
Diplomystes camposensis,1,8527,-40,-72,127.3928571,193.9722214,16.10434568,3,971.5374943
Diplomystes camposensis,1,8538,-40,-73,45.85964912,187.1979198,11.39652594,3,971.5374943
Diplomystes camposensis,1,8538,-40,-73,45.85964912,187.1979198,11.39652594,3,971.5374943
Diplomystes camposensis,1,8538,-40,-73,45.85964912,187.1979198,11.39652594,3,971.5374943
Diplomystes camposensis,3,8538,-40,-73,45.85964912,187.1979198,11.39652594,3,971.5374943
Diplomystes camposensis,2,8530,-40,-73,110.9545455,194.9500031,25.84003993,3,971.5374943
Diplomystes camposensis,2,8536,-40,-73,50.04424779,189.2916641,13.57040073,3,971.5374943
Diplomystes camposensis,1,8536,-40,-73,50.04424779,189.2916641,13.57040073,3,971.5374943
Diplomystes camposensis,3,8507,-40,-73,38.5,185.2833344,2.664263362,4,971.5374943
Diplomystes camposensis,1,8538,-40,-73,45.85964912,187.1979198,11.39652594,3,971.5374943
Diplomystes camposensis,2,8539,-40,-73,44.54807692,186.6944453,11.19482029,3,971.5374943
Diplomystes camposensis,2,8538,-40,-73,45.85964912,187.1979198,11.39652594,3,971.5374943
Diplomystes camposensis,1,8538,-40,-73,45.85964912,187.1979198,11.39652594,3,971.5374943
Diplomystes camposensis,1,6733,-39,-73,86.61666667,134.1309531,6.433685386,6,2359.225673
Diplomystes camposensis,2,8536,-40,-73,50.04424779,189.2916641,13.57040073,3,971.5374943
Diplomystes camposensis,3,8507,-40,-73,38.5,185.2833344,2.664263362,4,971.5374943
Diplomystes camposensis,2,8531,-40,-73,101.7017544,194.25,19.25817239,3,971.5374943
Diplomystes camposensis,3,8536,-40,-73,50.04424779,189.2916641,13.57040073,3,971.5374943
Diplomystes camposensis,3,8536,-40,-73,50.04424779,189.2916641,13.57040073,3,971.5374943
Diplomystes camposensis,2,8536,-40,-73,50.04424779,189.2916641,13.57040073,3,971.5374943
Diplomystes camposensis,3,8507,-40,-73,38.5,185.2833344,2.664263362,4,971.5374943
Diplomystes camposensis,2,8536,-40,-73,50.04424779,189.2916641,13.57040073,3,971.5374943
Diplomystes camposensis,2,8539,-40,-73,44.54807692,186.6944453,11.19482029,3,971.5374943
Diplomystes camposensis,3,8539,-40,-73,44.54807692,186.6944453,11.19482029,3,971.5374943
Diplomystes camposensis,3,8507,-40,-73,38.5,185.2833344,2.664263362,4,971.5374943
Diplomystes camposensis,3,8507,-40,-73,38.5,185.2833344,2.664263362,4,971.5374943
Diplomystes camposensis,2,8536,-40,-73,50.04424779,189.2916641,13.57040073,3,971.5374943
Diplomystes camposensis,3,8507,-40,-73,38.5,185.2833344,2.664263362,4,971.5374943
Diplomystes camposensis,2,8539,-40,-73,44.54807692,186.6944453,11.19482029,3,971.5374943
Diplomystes camposensis,3,8507,-40,-73,38.5,185.2833344,2.664263362,4,971.5374943
Diplomystes camposensis,3,8507,-40,-73,38.5,185.2833344,2.664263362,4,971.5374943
Diplomystes camposensis,3,8507,-40,-73,38.5,185.2833344,2.664263362,4,971.5374943
Diplomystes camposensis,3,8507,-40,-73,38.5,185.2833344,2.664263362,4,971.5374943
Diplomystes camposensis,2,8536,-40,-73,50.04424779,189.2916641,13.57040073,3,971.5374943
Diplomystes camposensis,1,8538,-40,-73,45.85964912,187.1979198,11.39652594,3,971.5374943
Diplomystes camposensis,1,6733,-39,-73,86.61666667,134.1309531,6.433685386,6,2359.225673
Diplomystes camposensis,2,8538,-40,-73,45.85964912,187.1979198,11.39652594,3,971.5374943
Diplomystes camposensis,3,8536,-40,-73,50.04424779,189.2916641,13.57040073,3,971.5374943
Diplomystes camposensis,2,8539,-40,-73,44.54807692,186.6944453,11.19482029,3,971.5374943
Diplomystes camposensis,2,8507,-40,-73,38.5,185.2833344,2.664263362,4,971.5374943
Diplomystes camposensis,2,8536,-40,-73,50.04424779,189.2916641,13.57040073,3,971.5374943
Diplomystes camposensis,2,8539,-40,-73,44.54807692,186.6944453,11.19482029,3,971.5374943
Diplomystes camposensis,3,8507,-40,-73,38.5,185.2833344,2.664263362,4,971.5374943
Diplomystes camposensis,3,8536,-40,-73,50.04424779,189.2916641,13.57040073,3,971.5374943
Diplomystes camposensis,3,8538,-40,-73,45.85964912,187.1979198,11.39652594,3,971.5374943
Diplomystes camposensis,1,8538,-40,-73,45.85964912,187.1979198,11.39652594,3,971.5374943
Diplomystes camposensis,1,8538,-40,-73,45.85964912,187.1979198,11.39652594,3,971.5374943
Diplomystes camposensis,3,8539,-40,-73,44.54807692,186.6944453,11.19482029,3,971.5374943
Diplomystes camposensis,2,8536,-40,-73,50.04424779,189.2916641,13.57040073,3,971.5374943
Diplomystes camposensis,2,8507,-40,-73,38.5,185.2833344,2.664263362,4,971.5374943
Diplomystes camposensis,2,8536,-40,-73,50.04424779,189.2916641,13.57040073,3,971.5374943
Diplomystes camposensis,1,8538,-40,-73,45.85964912,187.1979198,11.39652594,3,971.5374943
Diplomystes camposensis,2,8538,-40,-73,45.85964912,187.1979198,11.39652594,3,971.5374943
Diplomystes camposensis,3,8507,-40,-73,38.5,185.2833344,2.664263362,4,971.5374943
Diplomystes camposensis,1,8538,-40,-73,45.85964912,187.1979198,11.39652594,3,971.5374943
Diplomystes camposensis,2,8536,-40,-73,50.04424779,189.2916641,13.57040073,3,971.5374943
Diplomystes camposensis,1,8538,-40,-73,45.85964912,187.1979198,11.39652594,3,971.5374943
Diplomystes camposensis,2,8507,-40,-73,38.5,185.2833344,2.664263362,4,971.5374943
Diplomystes camposensis,2,8536,-40,-73,50.04424779,189.2916641,13.57040073,3,971.5374943
Diplomystes camposensis,2,8538,-40,-73,45.85964912,187.1979198,11.39652594,3,971.5374943
Diplomystes camposensis,3,8539,-40,-73,44.54807692,186.6944453,11.19482029,3,971.5374943
Diplomystes camposensis,2,8538,-40,-73,45.85964912,187.1979198,11.39652594,3,971.5374943
Diplomystes camposensis,2,8539,-40,-73,44.54807692,186.6944453,11.19482029,3,971.5374943
Diplomystes camposensis,2,8536,-40,-73,50.04424779,189.2916641,13.57040073,3,971.5374943
Diplomystes camposensis,1,8538,-40,-73,45.85964912,187.1979198,11.39652594,3,971.5374943
Diplomystes camposensis,2,8539,-40,-73,44.54807692,186.6944453,11.19482029,3,971.5374943
Diplomystes incognitus,2,2752,-34,-71,339.8642534,50.17194534,3.611032486,6,165.4004226
Diplomystes nahuelbutaensis,4,1349,-38,-72,455.9098039,148.4282426,27.06829148,3,3019.392631
Diplomystes nahuelbutaensis,4,1349,-38,-72,455.9098039,148.4282426,27.06829148,3,3019.392631
Diplomystes nahuelbutaensis,4,1349,-38,-72,455.9098039,148.4282426,27.06829148,3,3019.392631
Diplomystes nahuelbutaensis,12,1918,-37,-72,338.9216418,111.7864594,2.509841725,5,967.7092813
Diplomystes nahuelbutaensis,3,1385,-38,-72,117.0362694,101.5833359,1.895766663,6,3526.717392
Diplomystes nahuelbutaensis,3,1549,-38,-72,276.0629921,129.6355156,11.21314184,4,419.5884732
Diplomystes nahuelbutaensis,3,1549,-38,-72,276.0629921,129.6355156,11.21314184,4,419.5884732
Diplomystes nahuelbutaensis,4,1349,-38,-72,455.9098039,148.4282426,27.06829148,3,3019.392631
Diplomystes nahuelbutaensis,2,1919,-37,-72,325.7125984,112.264937,2.674051057,5,967.7092813
Diplomystes nahuelbutaensis,3,1549,-38,-72,276.0629921,129.6355156,11.21314184,4,419.5884732
Diplomystes nahuelbutaensis,4,1349,-38,-72,455.9098039,148.4282426,27.06829148,3,3019.392631
Diplomystes nahuelbutaensis,4,1349,-38,-72,455.9098039,148.4282426,27.06829148,3,3019.392631
Diplomystes nahuelbutaensis,3,1563,-38,-72,161.2708333,108.7996618,3.086832117,4,419.5884732
Diplomystes nahuelbutaensis,4,1349,-38,-72,455.9098039,148.4282426,27.06829148,3,3019.392631
Diplomystes nahuelbutaensis,1,2062,-38,-72,298.8237548,132.9436729,13.7936481,6,3019.392631
Diplomystes nahuelbutaensis,1,1349,-38,-72,455.9098039,148.4282426,27.06829148,3,3019.392631
Diplomystes nahuelbutaensis,3,1549,-38,-72,276.0629921,129.6355156,11.21314184,4,419.5884732
Diplomystes nahuelbutaensis,2,1919,-37,-72,325.7125984,112.264937,2.674051057,5,967.7092813
Diplomystes nahuelbutaensis,3,1549,-38,-72,276.0629921,129.6355156,11.21314184,4,419.5884732
Diplomystes nahuelbutaensis,4,1349,-38,-72,455.9098039,148.4282426,27.06829148,3,3019.392631
Diplomystes nahuelbutaensis,3,1549,-38,-72,276.0629921,129.6355156,11.21314184,4,419.5884732
Diplomystes nahuelbutaensis,3,1563,-38,-72,161.2708333,108.7996618,3.086832117,4,419.5884732
Diplomystes nahuelbutaensis,3,1549,-38,-72,276.0629921,129.6355156,11.21314184,4,419.5884732
Diplomystes nahuelbutaensis,4,1349,-38,-72,455.9098039,148.4282426,27.06829148,3,3019.392631
Diplomystes nahuelbutaensis,3,1549,-38,-72,276.0629921,129.6355156,11.21314184,4,419.5884732
Diplomystes nahuelbutaensis,12,1919,-37,-72,325.7125984,112.264937,2.674051057,5,967.7092813
Diplomystes nahuelbutaensis,3,1549,-38,-72,276.0629921,129.6355156,11.21314184,4,419.5884732
Diplomystes nahuelbutaensis,4,1349,-38,-72,455.9098039,148.4282426,27.06829148,3,3019.392631
Diplomystes nahuelbutaensis,3,1549,-38,-72,276.0629921,129.6355156,11.21314184,4,419.5884732
Diplomystes nahuelbutaensis,4,1349,-38,-72,455.9098039,148.4282426,27.06829148,3,3019.392631
Diplomystes nahuelbutaensis,3,1549,-38,-72,276.0629921,129.6355156,11.21314184,4,419.5884732
Diplomystes nahuelbutaensis,3,1365,-38,-72,223.8059701,118.6614585,2.048679998,6,3526.717392
Diplomystes nahuelbutaensis,3,1549,-38,-72,276.0629921,129.6355156,11.21314184,4,419.5884732
Diplomystes nahuelbutaensis,3,1921,-37,-72,308.4888889,113.9680038,3.428372948,5,967.7092813
Diplomystes nahuelbutaensis,4,1349,-38,-72,455.9098039,148.4282426,27.06829148,3,3019.392631
Diplomystes nahuelbutaensis,4,1349,-38,-72,455.9098039,148.4282426,27.06829148,3,3019.392631
Diplomystes nahuelbutaensis,3,1549,-38,-72,276.0629921,129.6355156,11.21314184,4,419.5884732
Diplomystes nahuelbutaensis,1,1342,-38,-72,366.6785714,158.8839576,5.299810607,6,3019.392631
Diplomystes nahuelbutaensis,3,1549,-38,-72,276.0629921,129.6355156,11.21314184,4,419.5884732
Diplomystes nahuelbutaensis,4,1349,-38,-72,455.9098039,148.4282426,27.06829148,3,3019.392631
Diplomystes nahuelbutaensis,4,1349,-38,-72,455.9098039,148.4282426,27.06829148,3,3019.392631
Diplomystes nahuelbutaensis,3,1549,-38,-72,276.0629921,129.6355156,11.21314184,4,419.5884732
Diplomystes nahuelbutaensis,1,1342,-38,-72,366.6785714,158.8839576,5.299810607,6,3019.392631
Diplomystes nahuelbutaensis,1,1342,-38,-72,366.6785714,158.8839576,5.299810607,6,3019.392631
Diplomystes nahuelbutaensis,3,1549,-38,-72,276.0629921,129.6355156,11.21314184,4,419.5884732
Diplomystes nahuelbutaensis,3,1549,-38,-72,276.0629921,129.6355156,11.21314184,4,419.5884732
Diplomystes nahuelbutaensis,4,1349,-38,-72,455.9098039,148.4282426,27.06829148,3,3019.392631
Diplomystes nahuelbutaensis,1,1342,-38,-72,366.6785714,158.8839576,5.299810607,6,3019.392631
Diplomystes nahuelbutaensis,3,1549,-38,-72,276.0629921,129.6355156,11.21314184,4,419.5884732
Diplomystes nahuelbutaensis,3,1549,-38,-72,276.0629921,129.6355156,11.21314184,4,419.5884732
Diplomystes nahuelbutaensis,3,1921,-37,-72,308.4888889,113.9680038,3.428372948,5,967.7092813
Diplomystes nahuelbutaensis,3,1563,-38,-72,161.2708333,108.7996618,3.086832117,4,419.5884732
Diplomystes nahuelbutaensis,4,1349,-38,-72,455.9098039,148.4282426,27.06829148,3,3019.392631
Diplomystes nahuelbutaensis,3,1549,-38,-72,276.0629921,129.6355156,11.21314184,4,419.5884732
Diplomystes nahuelbutaensis,3,1921,-37,-72,308.4888889,113.9680038,3.428372948,5,967.7092813
Diplomystes nahuelbutaensis,1,1349,-38,-72,455.9098039,148.4282426,27.06829148,3,3019.392631
Diplomystes nahuelbutaensis,3,1563,-38,-72,161.2708333,108.7996618,3.086832117,4,419.5884732
Diplomystes nahuelbutaensis,3,1563,-38,-72,161.2708333,108.7996618,3.086832117,4,419.5884732
Diplomystes nahuelbutaensis,3,1353,-38,-72,357.6867925,140.7681836,6.289933997,4,3019.392631
Diplomystes nahuelbutaensis,12,1916,-37,-72,369.6431535,113.0148534,4.216141644,5,967.7092813
Diplomystes nahuelbutaensis,3,1563,-38,-72,161.2708333,108.7996618,3.086832117,4,419.5884732
Galaxias maculatus,3,5243,-39,-72,134,134.3333333,3.894006396,5,628.0236726
Galaxias maculatus,3,5243,-39,-72,134,134.3333333,3.894006396,5,628.0236726
Galaxias maculatus,3,5243,-39,-72,134,134.3333333,3.894006396,5,628.0236726
Galaxias maculatus,3,5243,-39,-72,134,134.3333333,3.894006396,5,628.0236726
Galaxias maculatus,4,1525,-37,-73,75.06299213,103.4748428,1.291669373,6,3526.717392
Galaxias maculatus,3,5243,-39,-72,134,134.3333333,3.894006396,5,628.0236726
Galaxias maculatus,2,8531,-40,-73,101.7017544,194.25,19.25817239,3,971.5374943
Galaxias maculatus,2,8531,-40,-73,101.7017544,194.25,19.25817239,3,971.5374943
Galaxias maculatus,3,5243,-39,-72,134,134.3333333,3.894006396,5,628.0236726
Galaxias maculatus,3,5243,-39,-72,134,134.3333333,3.894006396,5,628.0236726
Galaxias maculatus,3,5243,-39,-72,134,134.3333333,3.894006396,5,628.0236726
Galaxias maculatus,3,5243,-39,-72,134,134.3333333,3.894006396,5,628.0236726
Galaxias maculatus,4,1525,-37,-73,75.06299213,103.4748428,1.291669373,6,3526.717392
Galaxias maculatus,2,8531,-40,-73,101.7017544,194.25,19.25817239,3,971.5374943
Galaxias maculatus,3,5243,-39,-72,134,134.3333333,3.894006396,5,628.0236726
Galaxias maculatus,3,5243,-39,-72,134,134.3333333,3.894006396,5,628.0236726
Galaxias maculatus,3,5243,-39,-72,134,134.3333333,3.894006396,5,628.0236726
Galaxias maculatus,3,5243,-39,-72,134,134.3333333,3.894006396,5,628.0236726
Galaxias maculatus,3,5243,-39,-72,134,134.3333333,3.894006396,5,628.0236726
Galaxias maculatus,3,5243,-39,-72,134,134.3333333,3.894006396,5,628.0236726
Galaxias maculatus,3,5243,-39,-72,134,134.3333333,3.894006396,5,628.0236726
Galaxias maculatus,3,5243,-39,-72,134,134.3333333,3.894006396,5,628.0236726
Galaxias maculatus,1,8532,-40,-73,86.31818182,192.6666667,18.40214676,3,971.5374943
Galaxias maculatus,3,5243,-39,-72,134,134.3333333,3.894006396,5,628.0236726
Galaxias maculatus,2,8531,-40,-73,101.7017544,194.25,19.25817239,3,971.5374943
Galaxias maculatus,3,5243,-39,-72,134,134.3333333,3.894006396,5,628.0236726
Galaxias maculatus,3,5243,-39,-72,134,134.3333333,3.894006396,5,628.0236726
Galaxias maculatus,1,1172,-38,-72,256.4545455,122.4354573,1.286548742,6,3019.392631
Galaxias maculatus,1,1172,-38,-72,256.4545455,122.4354573,1.286548742,6,3019.392631
Galaxias maculatus,2,8532,-40,-73,86.31818182,192.6666667,18.40214676,3,971.5374943
Galaxias maculatus,2,8532,-40,-73,86.31818182,192.6666667,18.40214676,3,971.5374943
Galaxias maculatus,2,8532,-40,-73,86.31818182,192.6666667,18.40214676,3,971.5374943
Galaxias maculatus,2,8532,-40,-73,86.31818182,192.6666667,18.40214676,3,971.5374943
Galaxias maculatus,2,8532,-40,-73,86.31818182,192.6666667,18.40214676,3,971.5374943
Galaxias maculatus,3,5243,-39,-72,134,134.3333333,3.894006396,5,628.0236726
Galaxias maculatus,2,8532,-40,-73,86.31818182,192.6666667,18.40214676,3,971.5374943
Galaxias maculatus,3,1563,-38,-72,161.2708333,108.7996618,3.086832117,4,419.5884732
Galaxias maculatus,2,8531,-40,-73,101.7017544,194.25,19.25817239,3,971.5374943
Galaxias maculatus,2,8532,-40,-73,86.31818182,192.6666667,18.40214676,3,971.5374943
Galaxias maculatus,2,6775,-39,-73,91.29090909,139.761904,7.73398954,4,195.4099444
Galaxias maculatus,2,6775,-39,-73,91.29090909,139.761904,7.73398954,4,195.4099444
Galaxias maculatus,2,6775,-39,-73,91.29090909,139.761904,7.73398954,4,195.4099444
Galaxias maculatus,3,5243,-39,-72,134,134.3333333,3.894006396,5,628.0236726
Galaxias maculatus,1,2063,-38,-72,290.1971831,129.7125486,1.974997731,6,3019.392631
Galaxias maculatus,1,2063,-38,-72,290.1971831,129.7125486,1.974997731,6,3019.392631
Galaxias maculatus,3,5243,-39,-72,134,134.3333333,3.894006396,5,628.0236726
Galaxias maculatus,3,5243,-39,-72,134,134.3333333,3.894006396,5,628.0236726
Galaxias maculatus,3,5243,-39,-72,134,134.3333333,3.894006396,5,628.0236726
Galaxias maculatus,1,1173,-38,-72,241.6390977,120.9665176,2.296090808,6,3526.717392
Galaxias maculatus,1,1173,-38,-72,241.6390977,120.9665176,2.296090808,6,3526.717392
Galaxias maculatus,1,1173,-38,-72,241.6390977,120.9665176,2.296090808,6,3526.717392
Galaxias maculatus,3,8531,-40,-73,101.7017544,194.25,19.25817239,3,971.5374943
Galaxias maculatus,4,1525,-37,-73,75.06299213,103.4748428,1.291669373,6,3526.717392
Galaxias maculatus,4,1525,-37,-73,75.06299213,103.4748428,1.291669373,6,3526.717392
Galaxias maculatus,4,1525,-37,-73,75.06299213,103.4748428,1.291669373,6,3526.717392
Galaxias maculatus,4,1525,-37,-73,75.06299213,103.4748428,1.291669373,6,3526.717392
Galaxias maculatus,4,1525,-37,-73,75.06299213,103.4748428,1.291669373,6,3526.717392
Galaxias maculatus,4,1525,-37,-73,75.06299213,103.4748428,1.291669373,6,3526.717392
Galaxias maculatus,4,1525,-37,-73,75.06299213,103.4748428,1.291669373,6,3526.717392
Galaxias maculatus,4,1525,-37,-73,75.06299213,103.4748428,1.291669373,6,3526.717392
Galaxias maculatus,4,1525,-37,-73,75.06299213,103.4748428,1.291669373,6,3526.717392
Galaxias maculatus,4,1524,-37,-73,74.05737705,102.6450002,1.207989798,6,3526.717392
Galaxias maculatus,4,1524,-37,-73,74.05737705,102.6450002,1.207989798,6,3526.717392
Galaxias maculatus,1,2062,-38,-72,298.8237548,132.9436729,13.7936481,6,3019.392631
Galaxias maculatus,3,5243,-39,-72,134,134.3333333,3.894006396,5,628.0236726
Galaxias maculatus,1,2063,-38,-72,290.1971831,129.7125486,1.974997731,6,3019.392631
Galaxias maculatus,1,2063,-38,-72,290.1971831,129.7125486,1.974997731,6,3019.392631
Galaxias maculatus,1,2063,-38,-72,290.1971831,129.7125486,1.974997731,6,3019.392631
Galaxias maculatus,1,2063,-38,-72,290.1971831,129.7125486,1.974997731,6,3019.392631
Galaxias maculatus,1,2063,-38,-72,290.1971831,129.7125486,1.974997731,6,3019.392631
Galaxias maculatus,3,5243,-39,-72,134,134.3333333,3.894006396,5,628.0236726
Galaxias maculatus,3,5243,-39,-72,134,134.3333333,3.894006396,5,628.0236726
Galaxias maculatus,1,2067,-38,-72,264.8429119,123.1311731,1.984076042,6,3019.392631
Galaxias maculatus,1,2067,-38,-72,264.8429119,123.1311731,1.984076042,6,3019.392631
Galaxias maculatus,1,2067,-38,-72,264.8429119,123.1311731,1.984076042,6,3019.392631
Galaxias maculatus,1,2067,-38,-72,264.8429119,123.1311731,1.984076042,6,3019.392631
Galaxias maculatus,1,2067,-38,-72,264.8429119,123.1311731,1.984076042,6,3019.392631
Galaxias maculatus,1,2067,-38,-72,264.8429119,123.1311731,1.984076042,6,3019.392631
Galaxias maculatus,1,2067,-38,-72,264.8429119,123.1311731,1.984076042,6,3019.392631
Galaxias maculatus,1,2067,-38,-72,264.8429119,123.1311731,1.984076042,6,3019.392631
Galaxias maculatus,1,2067,-38,-72,264.8429119,123.1311731,1.984076042,6,3019.392631
Galaxias maculatus,1,1172,-38,-72,256.4545455,122.4354573,1.286548742,6,3019.392631
Galaxias maculatus,1,1173,-38,-72,241.6390977,120.9665176,2.296090808,6,3526.717392
Galaxias maculatus,1,1524,-37,-73,74.05737705,102.6450002,1.207989798,6,3526.717392
Galaxias maculatus,1,1524,-37,-73,74.05737705,102.6450002,1.207989798,6,3526.717392
Galaxias maculatus,1,1524,-37,-73,74.05737705,102.6450002,1.207989798,6,3526.717392
Galaxias maculatus,1,1353,-38,-72,357.6867925,140.7681836,6.289933997,4,3019.392631
Galaxias maculatus,1,1353,-38,-72,357.6867925,140.7681836,6.289933997,4,3019.392631
Galaxias maculatus,1,1353,-38,-72,357.6867925,140.7681836,6.289933997,4,3019.392631
Galaxias maculatus,1,1353,-38,-72,357.6867925,140.7681836,6.289933997,4,3019.392631
Galaxias maculatus,1,1353,-38,-72,357.6867925,140.7681836,6.289933997,4,3019.392631
Galaxias maculatus,2,8531,-40,-73,101.7017544,194.25,19.25817239,3,971.5374943
Galaxias maculatus,2,8531,-40,-73,101.7017544,194.25,19.25817239,3,971.5374943
Galaxias maculatus,2,8532,-40,-73,86.31818182,192.6666667,18.40214676,3,971.5374943
Galaxias maculatus,2,8532,-40,-73,86.31818182,192.6666667,18.40214676,3,971.5374943
Galaxias maculatus,2,8532,-40,-73,86.31818182,192.6666667,18.40214676,3,971.5374943
Galaxias maculatus,2,8536,-40,-73,50.04424779,189.2916641,13.57040073,3,971.5374943
Galaxias maculatus,2,8536,-40,-73,50.04424779,189.2916641,13.57040073,3,971.5374943
Galaxias maculatus,1,2067,-38,-72,264.8429119,123.1311731,1.984076042,6,3019.392631
Galaxias maculatus,1,2067,-38,-72,264.8429119,123.1311731,1.984076042,6,3019.392631
Galaxias maculatus,1,2067,-38,-72,264.8429119,123.1311731,1.984076042,6,3019.392631
Galaxias maculatus,1,2067,-38,-72,264.8429119,123.1311731,1.984076042,6,3019.392631
Galaxias maculatus,1,2067,-38,-72,264.8429119,123.1311731,1.984076042,6,3019.392631
Galaxias maculatus,1,2067,-38,-72,264.8429119,123.1311731,1.984076042,6,3019.392631
Galaxias maculatus,1,2067,-38,-72,264.8429119,123.1311731,1.984076042,6,3019.392631
Galaxias maculatus,1,2067,-38,-72,264.8429119,123.1311731,1.984076042,6,3019.392631
Galaxias maculatus,1,2067,-38,-72,264.8429119,123.1311731,1.984076042,6,3019.392631
Galaxias maculatus,1,2067,-38,-72,264.8429119,123.1311731,1.984076042,6,3019.392631
Galaxias maculatus,1,2067,-38,-72,264.8429119,123.1311731,1.984076042,6,3019.392631
Galaxias maculatus,1,2067,-38,-72,264.8429119,123.1311731,1.984076042,6,3019.392631
Galaxias maculatus,3,8539,-40,-73,44.54807692,186.6944453,11.19482029,3,971.5374943
Galaxias maculatus,3,5243,-39,-72,134,134.3333333,3.894006396,5,628.0236726
Galaxias maculatus,3,5243,-39,-72,134,134.3333333,3.894006396,5,628.0236726
Galaxias maculatus,3,5243,-39,-72,134,134.3333333,3.894006396,5,628.0236726
Galaxias maculatus,3,5243,-39,-72,134,134.3333333,3.894006396,5,628.0236726
Galaxias maculatus,1,1353,-38,-72,357.6867925,140.7681836,6.289933997,4,3019.392631
Galaxias maculatus,1,1353,-38,-72,357.6867925,140.7681836,6.289933997,4,3019.392631
Galaxias maculatus,1,1353,-38,-72,357.6867925,140.7681836,6.289933997,4,3019.392631
Galaxias maculatus,1,1353,-38,-72,357.6867925,140.7681836,6.289933997,4,3019.392631
Galaxias maculatus,1,1353,-38,-72,357.6867925,140.7681836,6.289933997,4,3019.392631
Galaxias maculatus,1,1353,-38,-72,357.6867925,140.7681836,6.289933997,4,3019.392631
Galaxias maculatus,1,1353,-38,-72,357.6867925,140.7681836,6.289933997,4,3019.392631
Galaxias maculatus,1,1353,-38,-72,357.6867925,140.7681836,6.289933997,4,3019.392631
Galaxias maculatus,1,1353,-38,-72,357.6867925,140.7681836,6.289933997,4,3019.392631
Galaxias maculatus,1,1353,-38,-72,357.6867925,140.7681836,6.289933997,4,3019.392631
Galaxias maculatus,1,1353,-38,-72,357.6867925,140.7681836,6.289933997,4,3019.392631
Galaxias maculatus,1,1353,-38,-72,357.6867925,140.7681836,6.289933997,4,3019.392631
Galaxias maculatus,1,1353,-38,-72,357.6867925,140.7681836,6.289933997,4,3019.392631
Galaxias maculatus,1,1353,-38,-72,357.6867925,140.7681836,6.289933997,4,3019.392631
Galaxias maculatus,1,1353,-38,-72,357.6867925,140.7681836,6.289933997,4,3019.392631
Galaxias maculatus,1,1353,-38,-72,357.6867925,140.7681836,6.289933997,4,3019.392631
Galaxias maculatus,1,1353,-38,-72,357.6867925,140.7681836,6.289933997,4,3019.392631
Galaxias maculatus,1,1353,-38,-72,357.6867925,140.7681836,6.289933997,4,3019.392631
Galaxias maculatus,1,1353,-38,-72,357.6867925,140.7681836,6.289933997,4,3019.392631
Galaxias maculatus,1,1353,-38,-72,357.6867925,140.7681836,6.289933997,4,3019.392631
Galaxias maculatus,1,1353,-38,-72,357.6867925,140.7681836,6.289933997,4,3019.392631
Galaxias maculatus,1,1353,-38,-72,357.6867925,140.7681836,6.289933997,4,3019.392631
Galaxias maculatus,1,1353,-38,-72,357.6867925,140.7681836,6.289933997,4,3019.392631
Galaxias maculatus,1,1353,-38,-72,357.6867925,140.7681836,6.289933997,4,3019.392631
Galaxias maculatus,1,1353,-38,-72,357.6867925,140.7681836,6.289933997,4,3019.392631
Galaxias maculatus,1,1353,-38,-72,357.6867925,140.7681836,6.289933997,4,3019.392631
Galaxias maculatus,3,1563,-38,-72,161.2708333,108.7996618,3.086832117,4,419.5884732
Galaxias maculatus,1,1353,-38,-72,357.6867925,140.7681836,6.289933997,4,3019.392631
Galaxias maculatus,3,1174,-38,-72,187.8987854,111.7043264,1.16080209,6,3526.717392
Galaxias maculatus,3,1174,-38,-72,187.8987854,111.7043264,1.16080209,6,3526.717392
Galaxias maculatus,3,1174,-38,-72,187.8987854,111.7043264,1.16080209,6,3526.717392
Galaxias maculatus,1,6733,-39,-73,86.61666667,134.1309531,6.433685386,6,2359.225673
Galaxias maculatus,1,6733,-39,-73,86.61666667,134.1309531,6.433685386,6,2359.225673
Galaxias maculatus,1,6733,-39,-73,86.61666667,134.1309531,6.433685386,6,2359.225673
Galaxias maculatus,1,6733,-39,-73,86.61666667,134.1309531,6.433685386,6,2359.225673
Galaxias maculatus,1,6733,-39,-73,86.61666667,134.1309531,6.433685386,6,2359.225673
Galaxias maculatus,2,8532,-40,-73,86.31818182,192.6666667,18.40214676,3,971.5374943
Galaxias maculatus,3,5243,-39,-72,134,134.3333333,3.894006396,5,628.0236726
Galaxias maculatus,3,5243,-39,-72,134,134.3333333,3.894006396,5,628.0236726
Galaxias maculatus,3,5243,-39,-72,134,134.3333333,3.894006396,5,628.0236726
Galaxias maculatus,3,5243,-39,-72,134,134.3333333,3.894006396,5,628.0236726
Galaxias maculatus,3,5243,-39,-72,134,134.3333333,3.894006396,5,628.0236726
Galaxias maculatus,3,1174,-38,-72,187.8987854,111.7043264,1.16080209,6,3526.717392
Galaxias maculatus,3,1174,-38,-72,187.8987854,111.7043264,1.16080209,6,3526.717392
Galaxias maculatus,4,1760,-38,-73,79.125,103.338334,1.344648499,6,6261.697266
Galaxias maculatus,3,5243,-39,-72,134,134.3333333,3.894006396,5,628.0236726
Galaxias maculatus,3,5243,-39,-72,134,134.3333333,3.894006396,5,628.0236726
Galaxias maculatus,3,1353,-38,-72,357.6867925,140.7681836,6.289933997,4,3019.392631
Galaxias maculatus,3,1353,-38,-72,357.6867925,140.7681836,6.289933997,4,3019.392631
Galaxias maculatus,2,8532,-40,-73,86.31818182,192.6666667,18.40214676,3,971.5374943
Galaxias maculatus,2,8532,-40,-73,86.31818182,192.6666667,18.40214676,3,971.5374943
Galaxias maculatus,1,2063,-38,-72,290.1971831,129.7125486,1.974997731,6,3019.392631
Galaxias maculatus,1,1172,-38,-72,256.4545455,122.4354573,1.286548742,6,3019.392631
Galaxias maculatus,1,1172,-38,-72,256.4545455,122.4354573,1.286548742,6,3019.392631
Galaxias maculatus,3,1608,-38,-73,87.00401606,100.1915891,1,5,154.1941464
Galaxias maculatus,1,1353,-38,-72,357.6867925,140.7681836,6.289933997,4,3019.392631
Galaxias maculatus,1,1353,-38,-72,357.6867925,140.7681836,6.289933997,4,3019.392631
Galaxias maculatus,1,1353,-38,-72,357.6867925,140.7681836,6.289933997,4,3019.392631
Galaxias maculatus,1,1353,-38,-72,357.6867925,140.7681836,6.289933997,4,3019.392631
Galaxias maculatus,1,1353,-38,-72,357.6867925,140.7681836,6.289933997,4,3019.392631
Galaxias maculatus,1,1353,-38,-72,357.6867925,140.7681836,6.289933997,4,3019.392631
Galaxias maculatus,1,1353,-38,-72,357.6867925,140.7681836,6.289933997,4,3019.392631
Galaxias maculatus,1,1353,-38,-72,357.6867925,140.7681836,6.289933997,4,3019.392631
Galaxias maculatus,1,1353,-38,-72,357.6867925,140.7681836,6.289933997,4,3019.392631
Galaxias maculatus,1,1353,-38,-72,357.6867925,140.7681836,6.289933997,4,3019.392631
Galaxias maculatus,1,1353,-38,-72,357.6867925,140.7681836,6.289933997,4,3019.392631
Galaxias maculatus,1,1353,-38,-72,357.6867925,140.7681836,6.289933997,4,3019.392631
Galaxias maculatus,1,1353,-38,-72,357.6867925,140.7681836,6.289933997,4,3019.392631
Galaxias maculatus,1,1353,-38,-72,357.6867925,140.7681836,6.289933997,4,3019.392631
Galaxias maculatus,1,1353,-38,-72,357.6867925,140.7681836,6.289933997,4,3019.392631
Galaxias maculatus,3,8531,-40,-73,101.7017544,194.25,19.25817239,3,971.5374943
Galaxias maculatus,3,8539,-40,-73,44.54807692,186.6944453,11.19482029,3,971.5374943
Galaxias maculatus,1,2062,-38,-72,298.8237548,132.9436729,13.7936481,6,3019.392631
Galaxias maculatus,1,2062,-38,-72,298.8237548,132.9436729,13.7936481,6,3019.392631
Galaxias maculatus,1,2062,-38,-72,298.8237548,132.9436729,13.7936481,6,3019.392631
Galaxias maculatus,1,2063,-38,-72,290.1971831,129.7125486,1.974997731,6,3019.392631
Galaxias maculatus,1,2067,-38,-72,264.8429119,123.1311731,1.984076042,6,3019.392631
Galaxias maculatus,1,1172,-38,-72,256.4545455,122.4354573,1.286548742,6,3019.392631
Galaxias maculatus,1,8507,-40,-73,38.5,185.2833344,2.664263362,4,971.5374943
Galaxias maculatus,4,1760,-38,-73,79.125,103.338334,1.344648499,6,6261.697266
Galaxias maculatus,4,1760,-38,-73,79.125,103.338334,1.344648499,6,6261.697266
Galaxias maculatus,4,1760,-38,-73,79.125,103.338334,1.344648499,6,6261.697266
Galaxias maculatus,4,1760,-38,-73,79.125,103.338334,1.344648499,6,6261.697266
Galaxias maculatus,1,8531,-40,-73,101.7017544,194.25,19.25817239,3,971.5374943
Galaxias maculatus,1,8532,-40,-73,86.31818182,192.6666667,18.40214676,3,971.5374943
Galaxias maculatus,1,8532,-40,-73,86.31818182,192.6666667,18.40214676,3,971.5374943
Galaxias maculatus,1,8532,-40,-73,86.31818182,192.6666667,18.40214676,3,971.5374943
Galaxias maculatus,1,8532,-40,-73,86.31818182,192.6666667,18.40214676,3,971.5374943
Galaxias maculatus,1,8532,-40,-73,86.31818182,192.6666667,18.40214676,3,971.5374943
Galaxias maculatus,1,8532,-40,-73,86.31818182,192.6666667,18.40214676,3,971.5374943
Galaxias maculatus,1,8532,-40,-73,86.31818182,192.6666667,18.40214676,3,971.5374943
Galaxias maculatus,1,8532,-40,-73,86.31818182,192.6666667,18.40214676,3,971.5374943
Galaxias maculatus,1,8532,-40,-73,86.31818182,192.6666667,18.40214676,3,971.5374943
Galaxias maculatus,1,8532,-40,-73,86.31818182,192.6666667,18.40214676,3,971.5374943
Galaxias maculatus,1,8532,-40,-73,86.31818182,192.6666667,18.40214676,3,971.5374943
Galaxias maculatus,1,8532,-40,-73,86.31818182,192.6666667,18.40214676,3,971.5374943
Galaxias maculatus,1,8532,-40,-73,86.31818182,192.6666667,18.40214676,3,971.5374943
Galaxias maculatus,1,8532,-40,-73,86.31818182,192.6666667,18.40214676,3,971.5374943
Galaxias maculatus,1,8532,-40,-73,86.31818182,192.6666667,18.40214676,3,971.5374943
Galaxias maculatus,1,8532,-40,-73,86.31818182,192.6666667,18.40214676,3,971.5374943
Galaxias maculatus,1,8532,-40,-73,86.31818182,192.6666667,18.40214676,3,971.5374943
Galaxias maculatus,1,8532,-40,-73,86.31818182,192.6666667,18.40214676,3,971.5374943
Galaxias maculatus,1,8532,-40,-73,86.31818182,192.6666667,18.40214676,3,971.5374943
Galaxias maculatus,1,8532,-40,-73,86.31818182,192.6666667,18.40214676,3,971.5374943
Galaxias maculatus,1,8532,-40,-73,86.31818182,192.6666667,18.40214676,3,971.5374943
Galaxias maculatus,1,8532,-40,-73,86.31818182,192.6666667,18.40214676,3,971.5374943
Galaxias maculatus,1,8539,-40,-73,44.54807692,186.6944453,11.19482029,3,971.5374943
Galaxias maculatus,1,8539,-40,-73,44.54807692,186.6944453,11.19482029,3,971.5374943
Galaxias maculatus,1,8526,-40,-72,244.7747748,194.3125019,7.668742135,3,971.5374943
Galaxias maculatus,1,8538,-40,-73,45.85964912,187.1979198,11.39652594,3,971.5374943
Galaxias maculatus,2,8507,-40,-73,38.5,185.2833344,2.664263362,4,971.5374943
Galaxias maculatus,2,8507,-40,-73,38.5,185.2833344,2.664263362,4,971.5374943
Galaxias maculatus,2,8507,-40,-73,38.5,185.2833344,2.664263362,4,971.5374943
Galaxias maculatus,2,8507,-40,-73,38.5,185.2833344,2.664263362,4,971.5374943
Galaxias maculatus,2,8507,-40,-73,38.5,185.2833344,2.664263362,4,971.5374943
Galaxias maculatus,2,8507,-40,-73,38.5,185.2833344,2.664263362,4,971.5374943
Galaxias maculatus,2,8507,-40,-73,38.5,185.2833344,2.664263362,4,971.5374943
Galaxias maculatus,2,8507,-40,-73,38.5,185.2833344,2.664263362,4,971.5374943
Galaxias maculatus,2,8507,-40,-73,38.5,185.2833344,2.664263362,4,971.5374943
Galaxias maculatus,2,8507,-40,-73,38.5,185.2833344,2.664263362,4,971.5374943
Galaxias maculatus,2,8530,-40,-73,110.9545455,194.9500031,25.84003993,3,971.5374943
Galaxias maculatus,2,8530,-40,-73,110.9545455,194.9500031,25.84003993,3,971.5374943
Galaxias maculatus,2,8530,-40,-73,110.9545455,194.9500031,25.84003993,3,971.5374943
Galaxias maculatus,2,8531,-40,-73,101.7017544,194.25,19.25817239,3,971.5374943
Galaxias maculatus,2,8531,-40,-73,101.7017544,194.25,19.25817239,3,971.5374943
Galaxias maculatus,2,8531,-40,-73,101.7017544,194.25,19.25817239,3,971.5374943
Galaxias maculatus,2,8531,-40,-73,101.7017544,194.25,19.25817239,3,971.5374943
Galaxias maculatus,2,8531,-40,-73,101.7017544,194.25,19.25817239,3,971.5374943
Galaxias maculatus,2,8531,-40,-73,101.7017544,194.25,19.25817239,3,971.5374943
Galaxias maculatus,2,8531,-40,-73,101.7017544,194.25,19.25817239,3,971.5374943
Galaxias maculatus,2,8531,-40,-73,101.7017544,194.25,19.25817239,3,971.5374943
Galaxias maculatus,2,8531,-40,-73,101.7017544,194.25,19.25817239,3,971.5374943
Galaxias maculatus,2,8531,-40,-73,101.7017544,194.25,19.25817239,3,971.5374943
Galaxias maculatus,2,8531,-40,-73,101.7017544,194.25,19.25817239,3,971.5374943
Galaxias maculatus,2,8531,-40,-73,101.7017544,194.25,19.25817239,3,971.5374943
Galaxias maculatus,2,8531,-40,-73,101.7017544,194.25,19.25817239,3,971.5374943
Galaxias maculatus,2,8531,-40,-73,101.7017544,194.25,19.25817239,3,971.5374943
Galaxias maculatus,2,8531,-40,-73,101.7017544,194.25,19.25817239,3,971.5374943
Galaxias maculatus,2,8531,-40,-73,101.7017544,194.25,19.25817239,3,971.5374943
Galaxias maculatus,2,8532,-40,-73,86.31818182,192.6666667,18.40214676,3,971.5374943
Galaxias maculatus,2,8532,-40,-73,86.31818182,192.6666667,18.40214676,3,971.5374943
Galaxias maculatus,2,8532,-40,-73,86.31818182,192.6666667,18.40214676,3,971.5374943
Galaxias maculatus,2,8532,-40,-73,86.31818182,192.6666667,18.40214676,3,971.5374943
Galaxias maculatus,2,8532,-40,-73,86.31818182,192.6666667,18.40214676,3,971.5374943
Galaxias maculatus,2,8532,-40,-73,86.31818182,192.6666667,18.40214676,3,971.5374943
Galaxias maculatus,2,8532,-40,-73,86.31818182,192.6666667,18.40214676,3,971.5374943
Galaxias maculatus,2,8532,-40,-73,86.31818182,192.6666667,18.40214676,3,971.5374943
Galaxias maculatus,2,8532,-40,-73,86.31818182,192.6666667,18.40214676,3,971.5374943
Galaxias maculatus,2,8532,-40,-73,86.31818182,192.6666667,18.40214676,3,971.5374943
Galaxias maculatus,2,8532,-40,-73,86.31818182,192.6666667,18.40214676,3,971.5374943
Galaxias maculatus,1,2062,-38,-72,298.8237548,132.9436729,13.7936481,6,3019.392631
Galaxias maculatus,2,8539,-40,-73,44.54807692,186.6944453,11.19482029,3,971.5374943
Galaxias maculatus,2,8539,-40,-73,44.54807692,186.6944453,11.19482029,3,971.5374943
Galaxias maculatus,2,8536,-40,-73,50.04424779,189.2916641,13.57040073,3,971.5374943
Galaxias maculatus,2,8536,-40,-73,50.04424779,189.2916641,13.57040073,3,971.5374943
Galaxias maculatus,2,8536,-40,-73,50.04424779,189.2916641,13.57040073,3,971.5374943
Galaxias maculatus,2,8538,-40,-73,45.85964912,187.1979198,11.39652594,3,971.5374943
Galaxias maculatus,2,8538,-40,-73,45.85964912,187.1979198,11.39652594,3,971.5374943
Galaxias maculatus,2,8538,-40,-73,45.85964912,187.1979198,11.39652594,3,971.5374943
Galaxias maculatus,3,1608,-38,-73,87.00401606,100.1915891,1,5,154.1941464
Galaxias maculatus,3,1608,-38,-73,87.00401606,100.1915891,1,5,154.1941464
Galaxias maculatus,3,1608,-38,-73,87.00401606,100.1915891,1,5,154.1941464
Galaxias maculatus,3,1608,-38,-73,87.00401606,100.1915891,1,5,154.1941464
Galaxias maculatus,3,1608,-38,-73,87.00401606,100.1915891,1,5,154.1941464
Galaxias maculatus,2,8538,-40,-73,45.85964912,187.1979198,11.39652594,3,971.5374943
Galaxias maculatus,2,8538,-40,-73,45.85964912,187.1979198,11.39652594,3,971.5374943
Galaxias maculatus,1,8532,-40,-73,86.31818182,192.6666667,18.40214676,3,971.5374943
Galaxias maculatus,1,8532,-40,-73,86.31818182,192.6666667,18.40214676,3,971.5374943
Galaxias maculatus,2,8538,-40,-73,45.85964912,187.1979198,11.39652594,3,971.5374943
Galaxias maculatus,2,8538,-40,-73,45.85964912,187.1979198,11.39652594,3,971.5374943
Galaxias maculatus,3,1609,-38,-73,86.55078125,100.1896818,1,5,154.1941464
Galaxias maculatus,3,8538,-40,-73,45.85964912,187.1979198,11.39652594,3,971.5374943
Galaxias maculatus,3,8538,-40,-73,45.85964912,187.1979198,11.39652594,3,971.5374943
Galaxias maculatus,3,8538,-40,-73,45.85964912,187.1979198,11.39652594,3,971.5374943
Galaxias maculatus,3,8538,-40,-73,45.85964912,187.1979198,11.39652594,3,971.5374943
Galaxias maculatus,3,8538,-40,-73,45.85964912,187.1979198,11.39652594,3,971.5374943
Galaxias maculatus,3,8538,-40,-73,45.85964912,187.1979198,11.39652594,3,971.5374943
Galaxias maculatus,3,8538,-40,-73,45.85964912,187.1979198,11.39652594,3,971.5374943
Galaxias maculatus,3,8538,-40,-73,45.85964912,187.1979198,11.39652594,3,971.5374943
Galaxias maculatus,3,8538,-40,-73,45.85964912,187.1979198,11.39652594,3,971.5374943
Galaxias maculatus,3,8538,-40,-73,45.85964912,187.1979198,11.39652594,3,971.5374943
Galaxias maculatus,3,1549,-38,-72,276.0629921,129.6355156,11.21314184,4,419.5884732
Galaxias maculatus,3,1549,-38,-72,276.0629921,129.6355156,11.21314184,4,419.5884732
Galaxias maculatus,3,1549,-38,-72,276.0629921,129.6355156,11.21314184,4,419.5884732
Galaxias maculatus,3,1549,-38,-72,276.0629921,129.6355156,11.21314184,4,419.5884732
Galaxias maculatus,3,1549,-38,-72,276.0629921,129.6355156,11.21314184,4,419.5884732
Galaxias maculatus,3,8532,-40,-73,86.31818182,192.6666667,18.40214676,3,971.5374943
Galaxias maculatus,3,8532,-40,-73,86.31818182,192.6666667,18.40214676,3,971.5374943
Galaxias maculatus,3,8532,-40,-73,86.31818182,192.6666667,18.40214676,3,971.5374943
Galaxias maculatus,3,8532,-40,-73,86.31818182,192.6666667,18.40214676,3,971.5374943
Galaxias maculatus,3,8532,-40,-73,86.31818182,192.6666667,18.40214676,3,971.5374943
Galaxias maculatus,3,8532,-40,-73,86.31818182,192.6666667,18.40214676,3,971.5374943
Galaxias maculatus,3,8532,-40,-73,86.31818182,192.6666667,18.40214676,3,971.5374943
Galaxias maculatus,3,8532,-40,-73,86.31818182,192.6666667,18.40214676,3,971.5374943
Galaxias maculatus,3,8532,-40,-73,86.31818182,192.6666667,18.40214676,3,971.5374943
Galaxias maculatus,3,8532,-40,-73,86.31818182,192.6666667,18.40214676,3,971.5374943
Galaxias maculatus,3,8532,-40,-73,86.31818182,192.6666667,18.40214676,3,971.5374943
Galaxias maculatus,3,8532,-40,-73,86.31818182,192.6666667,18.40214676,3,971.5374943
Galaxias maculatus,3,8532,-40,-73,86.31818182,192.6666667,18.40214676,3,971.5374943
Galaxias maculatus,3,8532,-40,-73,86.31818182,192.6666667,18.40214676,3,971.5374943
Galaxias maculatus,3,8532,-40,-73,86.31818182,192.6666667,18.40214676,3,971.5374943
Galaxias maculatus,3,8532,-40,-73,86.31818182,192.6666667,18.40214676,3,971.5374943
Galaxias maculatus,3,8532,-40,-73,86.31818182,192.6666667,18.40214676,3,971.5374943
Galaxias maculatus,3,8532,-40,-73,86.31818182,192.6666667,18.40214676,3,971.5374943
Galaxias maculatus,3,8532,-40,-73,86.31818182,192.6666667,18.40214676,3,971.5374943
Galaxias maculatus,3,8532,-40,-73,86.31818182,192.6666667,18.40214676,3,971.5374943
Galaxias maculatus,3,8532,-40,-73,86.31818182,192.6666667,18.40214676,3,971.5374943
Galaxias maculatus,3,8532,-40,-73,86.31818182,192.6666667,18.40214676,3,971.5374943
Galaxias maculatus,1,1353,-38,-72,357.6867925,140.7681836,6.289933997,4,3019.392631
Galaxias maculatus,1,1353,-38,-72,357.6867925,140.7681836,6.289933997,4,3019.392631
Galaxias maculatus,1,1353,-38,-72,357.6867925,140.7681836,6.289933997,4,3019.392631
Galaxias maculatus,2,8532,-40,-73,86.31818182,192.6666667,18.40214676,3,971.5374943
Galaxias maculatus,2,8532,-40,-73,86.31818182,192.6666667,18.40214676,3,971.5374943
Galaxias maculatus,3,8531,-40,-73,101.7017544,194.25,19.25817239,3,971.5374943
Galaxias maculatus,3,8531,-40,-73,101.7017544,194.25,19.25817239,3,971.5374943
Galaxias maculatus,3,8531,-40,-73,101.7017544,194.25,19.25817239,3,971.5374943
Galaxias maculatus,3,8531,-40,-73,101.7017544,194.25,19.25817239,3,971.5374943
Galaxias maculatus,3,8531,-40,-73,101.7017544,194.25,19.25817239,3,971.5374943
Galaxias maculatus,3,8531,-40,-73,101.7017544,194.25,19.25817239,3,971.5374943
Galaxias maculatus,3,8531,-40,-73,101.7017544,194.25,19.25817239,3,971.5374943
Galaxias maculatus,3,8531,-40,-73,101.7017544,194.25,19.25817239,3,971.5374943
Galaxias maculatus,3,8531,-40,-73,101.7017544,194.25,19.25817239,3,971.5374943
Galaxias maculatus,3,8531,-40,-73,101.7017544,194.25,19.25817239,3,971.5374943
Galaxias maculatus,3,8531,-40,-73,101.7017544,194.25,19.25817239,3,971.5374943
Galaxias maculatus,3,8531,-40,-73,101.7017544,194.25,19.25817239,3,971.5374943
Galaxias maculatus,3,8531,-40,-73,101.7017544,194.25,19.25817239,3,971.5374943
Galaxias maculatus,3,8531,-40,-73,101.7017544,194.25,19.25817239,3,971.5374943
Galaxias maculatus,3,8531,-40,-73,101.7017544,194.25,19.25817239,3,971.5374943
Galaxias maculatus,3,8531,-40,-73,101.7017544,194.25,19.25817239,3,971.5374943
Galaxias maculatus,3,8531,-40,-73,101.7017544,194.25,19.25817239,3,971.5374943
Galaxias maculatus,3,8531,-40,-73,101.7017544,194.25,19.25817239,3,971.5374943
Galaxias maculatus,3,8531,-40,-73,101.7017544,194.25,19.25817239,3,971.5374943
Galaxias maculatus,3,8531,-40,-73,101.7017544,194.25,19.25817239,3,971.5374943
Galaxias maculatus,3,8531,-40,-73,101.7017544,194.25,19.25817239,3,971.5374943
Galaxias maculatus,3,8531,-40,-73,101.7017544,194.25,19.25817239,3,971.5374943
Galaxias maculatus,3,8531,-40,-73,101.7017544,194.25,19.25817239,3,971.5374943
Galaxias maculatus,3,8531,-40,-73,101.7017544,194.25,19.25817239,3,971.5374943
Galaxias maculatus,3,8531,-40,-73,101.7017544,194.25,19.25817239,3,971.5374943
Galaxias maculatus,3,8531,-40,-73,101.7017544,194.25,19.25817239,3,971.5374943
Galaxias maculatus,3,8531,-40,-73,101.7017544,194.25,19.25817239,3,971.5374943
Galaxias maculatus,3,8531,-40,-73,101.7017544,194.25,19.25817239,3,971.5374943
Galaxias maculatus,3,8531,-40,-73,101.7017544,194.25,19.25817239,3,971.5374943
Galaxias maculatus,3,8531,-40,-73,101.7017544,194.25,19.25817239,3,971.5374943
Galaxias maculatus,3,8531,-40,-73,101.7017544,194.25,19.25817239,3,971.5374943
Galaxias maculatus,3,8531,-40,-73,101.7017544,194.25,19.25817239,3,971.5374943
Galaxias maculatus,3,8531,-40,-73,101.7017544,194.25,19.25817239,3,971.5374943
Galaxias maculatus,3,8531,-40,-73,101.7017544,194.25,19.25817239,3,971.5374943
Galaxias maculatus,3,8531,-40,-73,101.7017544,194.25,19.25817239,3,971.5374943
Galaxias maculatus,3,8531,-40,-73,101.7017544,194.25,19.25817239,3,971.5374943
Galaxias maculatus,3,8531,-40,-73,101.7017544,194.25,19.25817239,3,971.5374943
Galaxias maculatus,3,8531,-40,-73,101.7017544,194.25,19.25817239,3,971.5374943
Galaxias maculatus,3,8531,-40,-73,101.7017544,194.25,19.25817239,3,971.5374943
Galaxias maculatus,3,8531,-40,-73,101.7017544,194.25,19.25817239,3,971.5374943
Galaxias maculatus,3,8531,-40,-73,101.7017544,194.25,19.25817239,3,971.5374943
Galaxias maculatus,3,8531,-40,-73,101.7017544,194.25,19.25817239,3,971.5374943
Galaxias maculatus,3,8530,-40,-73,110.9545455,194.9500031,25.84003993,3,971.5374943
Galaxias maculatus,3,8530,-40,-73,110.9545455,194.9500031,25.84003993,3,971.5374943
Galaxias maculatus,3,8530,-40,-73,110.9545455,194.9500031,25.84003993,3,971.5374943
Galaxias maculatus,3,8530,-40,-73,110.9545455,194.9500031,25.84003993,3,971.5374943
Galaxias maculatus,3,8530,-40,-73,110.9545455,194.9500031,25.84003993,3,971.5374943
Galaxias maculatus,3,8530,-40,-73,110.9545455,194.9500031,25.84003993,3,971.5374943
Galaxias maculatus,3,8530,-40,-73,110.9545455,194.9500031,25.84003993,3,971.5374943
Galaxias maculatus,3,8536,-40,-73,50.04424779,189.2916641,13.57040073,3,971.5374943
Galaxias maculatus,3,8536,-40,-73,50.04424779,189.2916641,13.57040073,3,971.5374943
Galaxias maculatus,3,8536,-40,-73,50.04424779,189.2916641,13.57040073,3,971.5374943
Galaxias maculatus,3,8536,-40,-73,50.04424779,189.2916641,13.57040073,3,971.5374943
Galaxias maculatus,3,8536,-40,-73,50.04424779,189.2916641,13.57040073,3,971.5374943
Galaxias maculatus,3,1174,-38,-72,187.8987854,111.7043264,1.16080209,6,3526.717392
Galaxias maculatus,3,1174,-38,-72,187.8987854,111.7043264,1.16080209,6,3526.717392
Galaxias maculatus,3,1174,-38,-72,187.8987854,111.7043264,1.16080209,6,3526.717392
Galaxias maculatus,3,1174,-38,-72,187.8987854,111.7043264,1.16080209,6,3526.717392
Galaxias maculatus,3,8507,-40,-73,38.5,185.2833344,2.664263362,4,971.5374943
Galaxias maculatus,3,8507,-40,-73,38.5,185.2833344,2.664263362,4,971.5374943
Galaxias maculatus,3,8507,-40,-73,38.5,185.2833344,2.664263362,4,971.5374943
Galaxias maculatus,3,8507,-40,-73,38.5,185.2833344,2.664263362,4,971.5374943
Galaxias maculatus,3,8507,-40,-73,38.5,185.2833344,2.664263362,4,971.5374943
Galaxias maculatus,3,8507,-40,-73,38.5,185.2833344,2.664263362,4,971.5374943
Galaxias maculatus,3,8507,-40,-73,38.5,185.2833344,2.664263362,4,971.5374943
Galaxias maculatus,3,8507,-40,-73,38.5,185.2833344,2.664263362,4,971.5374943
Galaxias maculatus,3,8507,-40,-73,38.5,185.2833344,2.664263362,4,971.5374943
Galaxias maculatus,3,8507,-40,-73,38.5,185.2833344,2.664263362,4,971.5374943
Galaxias maculatus,3,8507,-40,-73,38.5,185.2833344,2.664263362,4,971.5374943
Galaxias maculatus,3,8507,-40,-73,38.5,185.2833344,2.664263362,4,971.5374943
Galaxias maculatus,1,6733,-39,-73,86.61666667,134.1309531,6.433685386,6,2359.225673
Galaxias maculatus,1,6733,-39,-73,86.61666667,134.1309531,6.433685386,6,2359.225673
Galaxias maculatus,1,6733,-39,-73,86.61666667,134.1309531,6.433685386,6,2359.225673
Galaxias maculatus,1,6733,-39,-73,86.61666667,134.1309531,6.433685386,6,2359.225673
Galaxias maculatus,3,8539,-40,-73,44.54807692,186.6944453,11.19482029,3,971.5374943
Galaxias maculatus,3,8538,-40,-73,45.85964912,187.1979198,11.39652594,3,971.5374943
Galaxias maculatus,3,8538,-40,-73,45.85964912,187.1979198,11.39652594,3,971.5374943
Galaxias maculatus,3,8538,-40,-73,45.85964912,187.1979198,11.39652594,3,971.5374943
Galaxias maculatus,3,8538,-40,-73,45.85964912,187.1979198,11.39652594,3,971.5374943
Galaxias maculatus,3,8538,-40,-73,45.85964912,187.1979198,11.39652594,3,971.5374943
Galaxias maculatus,3,8538,-40,-73,45.85964912,187.1979198,11.39652594,3,971.5374943
Galaxias maculatus,3,8538,-40,-73,45.85964912,187.1979198,11.39652594,3,971.5374943
Galaxias maculatus,3,8538,-40,-73,45.85964912,187.1979198,11.39652594,3,971.5374943
Galaxias maculatus,3,8538,-40,-73,45.85964912,187.1979198,11.39652594,3,971.5374943
Galaxias maculatus,3,8538,-40,-73,45.85964912,187.1979198,11.39652594,3,971.5374943
Galaxias maculatus,3,8538,-40,-73,45.85964912,187.1979198,11.39652594,3,971.5374943
Galaxias maculatus,1,8532,-40,-73,86.31818182,192.6666667,18.40214676,3,971.5374943
Galaxias maculatus,1,2063,-38,-72,290.1971831,129.7125486,1.974997731,6,3019.392631
Galaxias maculatus,4,4535,-39,-73,70.40178571,98.70238277,3.160259271,5,1745.722088
Galaxias maculatus,4,4535,-39,-73,70.40178571,98.70238277,3.160259271,5,1745.722088
Galaxias maculatus,1,1353,-38,-72,357.6867925,140.7681836,6.289933997,4,3019.392631
Galaxias maculatus,2,8532,-40,-73,86.31818182,192.6666667,18.40214676,3,971.5374943
Galaxias maculatus,2,8532,-40,-73,86.31818182,192.6666667,18.40214676,3,971.5374943
Galaxias maculatus,2,8532,-40,-73,86.31818182,192.6666667,18.40214676,3,971.5374943
Galaxias maculatus,2,8532,-40,-73,86.31818182,192.6666667,18.40214676,3,971.5374943
Galaxias maculatus,2,8532,-40,-73,86.31818182,192.6666667,18.40214676,3,971.5374943
Galaxias maculatus,2,8532,-40,-73,86.31818182,192.6666667,18.40214676,3,971.5374943
Galaxias maculatus,2,8532,-40,-73,86.31818182,192.6666667,18.40214676,3,971.5374943
Galaxias maculatus,2,8532,-40,-73,86.31818182,192.6666667,18.40214676,3,971.5374943
Galaxias maculatus,1,8530,-40,-73,110.9545455,194.9500031,25.84003993,3,971.5374943
Galaxias maculatus,2,8539,-40,-73,44.54807692,186.6944453,11.19482029,3,971.5374943
Galaxias maculatus,1,8531,-40,-73,101.7017544,194.25,19.25817239,3,971.5374943
Galaxias maculatus,1,8532,-40,-73,86.31818182,192.6666667,18.40214676,3,971.5374943
Galaxias maculatus,1,8532,-40,-73,86.31818182,192.6666667,18.40214676,3,971.5374943
Galaxias maculatus,1,8532,-40,-73,86.31818182,192.6666667,18.40214676,3,971.5374943
Galaxias maculatus,1,1524,-37,-73,74.05737705,102.6450002,1.207989798,6,3526.717392
Galaxias maculatus,1,1353,-38,-72,357.6867925,140.7681836,6.289933997,4,3019.392631
Galaxias maculatus,1,1353,-38,-72,357.6867925,140.7681836,6.289933997,4,3019.392631
Galaxias maculatus,1,1353,-38,-72,357.6867925,140.7681836,6.289933997,4,3019.392631
Galaxias maculatus,1,1353,-38,-72,357.6867925,140.7681836,6.289933997,4,3019.392631
Galaxias maculatus,1,1353,-38,-72,357.6867925,140.7681836,6.289933997,4,3019.392631
Galaxias maculatus,1,1353,-38,-72,357.6867925,140.7681836,6.289933997,4,3019.392631
Galaxias maculatus,1,1353,-38,-72,357.6867925,140.7681836,6.289933997,4,3019.392631
Galaxias maculatus,1,1353,-38,-72,357.6867925,140.7681836,6.289933997,4,3019.392631
Galaxias maculatus,1,1353,-38,-72,357.6867925,140.7681836,6.289933997,4,3019.392631
Galaxias maculatus,1,1353,-38,-72,357.6867925,140.7681836,6.289933997,4,3019.392631
Galaxias maculatus,1,1353,-38,-72,357.6867925,140.7681836,6.289933997,4,3019.392631
Galaxias maculatus,3,8532,-40,-73,86.31818182,192.6666667,18.40214676,3,971.5374943
Galaxias maculatus,3,8532,-40,-73,86.31818182,192.6666667,18.40214676,3,971.5374943
Galaxias maculatus,3,8532,-40,-73,86.31818182,192.6666667,18.40214676,3,971.5374943
Galaxias maculatus,3,8532,-40,-73,86.31818182,192.6666667,18.40214676,3,971.5374943
Galaxias maculatus,3,8532,-40,-73,86.31818182,192.6666667,18.40214676,3,971.5374943
Galaxias maculatus,2,8531,-40,-73,101.7017544,194.25,19.25817239,3,971.5374943
Galaxias maculatus,1,2064,-38,-72,282.364486,128.6732224,3.156730716,6,3019.392631
Galaxias maculatus,1,1353,-38,-72,357.6867925,140.7681836,6.289933997,4,3019.392631
Galaxias maculatus,1,1353,-38,-72,357.6867925,140.7681836,6.289933997,4,3019.392631
Galaxias maculatus,1,1353,-38,-72,357.6867925,140.7681836,6.289933997,4,3019.392631
Galaxias maculatus,2,8531,-40,-73,101.7017544,194.25,19.25817239,3,971.5374943
Galaxias maculatus,2,8531,-40,-73,101.7017544,194.25,19.25817239,3,971.5374943
Galaxias maculatus,2,8531,-40,-73,101.7017544,194.25,19.25817239,3,971.5374943
Galaxias maculatus,2,8531,-40,-73,101.7017544,194.25,19.25817239,3,971.5374943
Galaxias maculatus,3,8531,-40,-73,101.7017544,194.25,19.25817239,3,971.5374943
Galaxias maculatus,3,8531,-40,-73,101.7017544,194.25,19.25817239,3,971.5374943
Galaxias maculatus,2,8532,-40,-73,86.31818182,192.6666667,18.40214676,3,971.5374943
Galaxias maculatus,2,8539,-40,-73,44.54807692,186.6944453,11.19482029,3,971.5374943
Galaxias maculatus,3,8507,-40,-73,38.5,185.2833344,2.664263362,4,971.5374943
Galaxias maculatus,3,8531,-40,-73,101.7017544,194.25,19.25817239,3,971.5374943
Galaxias maculatus,3,8532,-40,-73,86.31818182,192.6666667,18.40214676,3,971.5374943
Galaxias maculatus,1,1353,-38,-72,357.6867925,140.7681836,6.289933997,4,3019.392631
Galaxias maculatus,1,1353,-38,-72,357.6867925,140.7681836,6.289933997,4,3019.392631
Galaxias platei,1,8532,-40,-73,86.31818182,192.6666667,18.40214676,3,971.5374943
Galaxias platei,1,8527,-40,-72,127.3928571,193.9722214,16.10434568,3,971.5374943
Galaxias platei,1,8527,-40,-72,127.3928571,193.9722214,16.10434568,3,971.5374943
Galaxias platei,1,8526,-40,-72,244.7747748,194.3125019,7.668742135,3,971.5374943
Galaxias platei,2,8507,-40,-73,38.5,185.2833344,2.664263362,4,971.5374943
Galaxias platei,2,8531,-40,-73,101.7017544,194.25,19.25817239,3,971.5374943
Galaxias platei,2,8536,-40,-73,50.04424779,189.2916641,13.57040073,3,971.5374943
Galaxias platei,1,8534,-40,-73,64.73394495,190.2333344,8.680153355,3,971.5374943
Galaxias platei,3,8532,-40,-73,86.31818182,192.6666667,18.40214676,3,971.5374943
Galaxias platei,1,8526,-40,-72,244.7747748,194.3125019,7.668742135,3,971.5374943
Galaxias platei,1,8526,-40,-72,244.7747748,194.3125019,7.668742135,3,971.5374943
Galaxias platei,1,8526,-40,-72,244.7747748,194.3125019,7.668742135,3,971.5374943
Galaxias platei,1,8526,-40,-72,244.7747748,194.3125019,7.668742135,3,971.5374943
Galaxias platei,1,8526,-40,-72,244.7747748,194.3125019,7.668742135,3,971.5374943
Galaxias platei,2,8528,-40,-72,127.1551724,193.8472214,10.735122,3,971.5374943
Galaxias platei,1,8531,-40,-73,101.7017544,194.25,19.25817239,3,971.5374943
Galaxias platei,2,8532,-40,-73,86.31818182,192.6666667,18.40214676,3,971.5374943
Galaxias platei,1,8526,-40,-72,244.7747748,194.3125019,7.668742135,3,971.5374943
Galaxias platei,1,8526,-40,-72,244.7747748,194.3125019,7.668742135,3,971.5374943
Galaxias platei,2,8530,-40,-73,110.9545455,194.9500031,25.84003993,3,971.5374943
Galaxias platei,3,8536,-40,-73,50.04424779,189.2916641,13.57040073,3,971.5374943
Galaxias platei,1,8536,-40,-73,50.04424779,189.2916641,13.57040073,3,971.5374943
Galaxias platei,1,8536,-40,-73,50.04424779,189.2916641,13.57040073,3,971.5374943
Galaxias platei,1,8536,-40,-73,50.04424779,189.2916641,13.57040073,3,971.5374943
Galaxias platei,2,8532,-40,-73,86.31818182,192.6666667,18.40214676,3,971.5374943
Galaxias platei,2,8532,-40,-73,86.31818182,192.6666667,18.40214676,3,971.5374943
Galaxias platei,1,8536,-40,-73,50.04424779,189.2916641,13.57040073,3,971.5374943
Galaxias platei,1,8531,-40,-73,101.7017544,194.25,19.25817239,3,971.5374943
Galaxias platei,1,8527,-40,-72,127.3928571,193.9722214,16.10434568,3,971.5374943
Galaxias platei,3,8531,-40,-73,101.7017544,194.25,19.25817239,3,971.5374943
Galaxias platei,1,8527,-40,-72,127.3928571,193.9722214,16.10434568,3,971.5374943
Galaxias platei,1,8539,-40,-73,44.54807692,186.6944453,11.19482029,3,971.5374943
Galaxias platei,1,8527,-40,-72,127.3928571,193.9722214,16.10434568,3,971.5374943
Galaxias platei,1,8527,-40,-72,127.3928571,193.9722214,16.10434568,3,971.5374943
Galaxias platei,1,8527,-40,-72,127.3928571,193.9722214,16.10434568,3,971.5374943
Galaxias platei,1,8527,-40,-72,127.3928571,193.9722214,16.10434568,3,971.5374943
Galaxias platei,1,8527,-40,-72,127.3928571,193.9722214,16.10434568,3,971.5374943
Galaxias platei,1,8527,-40,-72,127.3928571,193.9722214,16.10434568,3,971.5374943
Galaxias platei,1,8536,-40,-73,50.04424779,189.2916641,13.57040073,3,971.5374943
Galaxias platei,3,8531,-40,-73,101.7017544,194.25,19.25817239,3,971.5374943
Galaxias platei,2,8532,-40,-73,86.31818182,192.6666667,18.40214676,3,971.5374943
Galaxias platei,3,8531,-40,-73,101.7017544,194.25,19.25817239,3,971.5374943
Galaxias platei,2,8534,-40,-73,64.73394495,190.2333344,8.680153355,3,971.5374943
Galaxias platei,2,8534,-40,-73,64.73394495,190.2333344,8.680153355,3,971.5374943
Galaxias platei,3,8530,-40,-73,110.9545455,194.9500031,25.84003993,3,971.5374943
Galaxias platei,1,8527,-40,-72,127.3928571,193.9722214,16.10434568,3,971.5374943
Galaxias platei,1,8507,-40,-73,38.5,185.2833344,2.664263362,4,971.5374943
Galaxias platei,1,8528,-40,-72,127.1551724,193.8472214,10.735122,3,971.5374943
Galaxias platei,3,8531,-40,-73,101.7017544,194.25,19.25817239,3,971.5374943
Galaxias platei,1,8528,-40,-72,127.1551724,193.8472214,10.735122,3,971.5374943
Gambusia holbrooki,3,644,-37,-72,165.7529412,94.2245101,4.587652144,3,656.0660846
Gambusia holbrooki,1,6150,-35,-72,54.2,70.59523664,6.287205955,5,1275.259419
Gambusia holbrooki,3,644,-37,-72,165.7529412,94.2245101,4.587652144,3,656.0660846
Gambusia holbrooki,1,6150,-35,-72,54.2,70.59523664,6.287205955,5,1275.259419
Gambusia holbrooki,1,6150,-35,-72,54.2,70.59523664,6.287205955,5,1275.259419
Gambusia holbrooki,3,644,-37,-72,165.7529412,94.2245101,4.587652144,3,656.0660846
Gambusia holbrooki,3,644,-37,-72,165.7529412,94.2245101,4.587652144,3,656.0660846
Gambusia holbrooki,1,6150,-35,-72,54.2,70.59523664,6.287205955,5,1275.259419
Gambusia holbrooki,3,644,-37,-72,165.7529412,94.2245101,4.587652144,3,656.0660846
Gambusia holbrooki,1,6150,-35,-72,54.2,70.59523664,6.287205955,5,1275.259419
Gambusia holbrooki,3,644,-37,-72,165.7529412,94.2245101,4.587652144,3,656.0660846
Gambusia holbrooki,3,644,-37,-72,165.7529412,94.2245101,4.587652144,3,656.0660846
Gambusia holbrooki,3,644,-37,-72,165.7529412,94.2245101,4.587652144,3,656.0660846
Gambusia holbrooki,2,5717,-36,-72,89.8125,73.93333588,3.637341519,6,3290.497922
Gambusia holbrooki,3,644,-37,-72,165.7529412,94.2245101,4.587652144,3,656.0660846
Gambusia holbrooki,3,1942,-37,-72,115.223176,97.42375808,1.710490956,5,967.7092813
Gambusia holbrooki,3,644,-37,-72,165.7529412,94.2245101,4.587652144,3,656.0660846
Gambusia holbrooki,3,644,-37,-72,165.7529412,94.2245101,4.587652144,3,656.0660846
Gambusia holbrooki,1,6150,-35,-72,54.2,70.59523664,6.287205955,5,1275.259419
Gambusia holbrooki,4,6187,-35,-72,34.48484848,70.86666718,4.428001112,7,5570.866652
Gambusia holbrooki,1,6150,-35,-72,54.2,70.59523664,6.287205955,5,1275.259419
Gambusia holbrooki,3,644,-37,-72,165.7529412,94.2245101,4.587652144,3,656.0660846
Gambusia holbrooki,3,1942,-37,-72,115.223176,97.42375808,1.710490956,5,967.7092813
Gambusia holbrooki,3,1942,-37,-72,115.223176,97.42375808,1.710490956,5,967.7092813
Gambusia holbrooki,3,644,-37,-72,165.7529412,94.2245101,4.587652144,3,656.0660846
Gambusia holbrooki,1,1525,-37,-73,75.06299213,103.4748428,1.291669373,6,3526.717392
Gambusia holbrooki,2,5717,-36,-72,89.8125,73.93333588,3.637341519,6,3290.497922
Gambusia holbrooki,2,5717,-36,-72,89.8125,73.93333588,3.637341519,6,3290.497922
Gambusia holbrooki,2,5717,-36,-72,89.8125,73.93333588,3.637341519,6,3290.497922
Gambusia holbrooki,3,644,-37,-72,165.7529412,94.2245101,4.587652144,3,656.0660846
Gambusia holbrooki,3,644,-37,-72,165.7529412,94.2245101,4.587652144,3,656.0660846
Gambusia holbrooki,2,5717,-36,-72,89.8125,73.93333588,3.637341519,6,3290.497922
Gambusia holbrooki,3,1942,-37,-72,115.223176,97.42375808,1.710490956,5,967.7092813
Gambusia holbrooki,3,644,-37,-72,165.7529412,94.2245101,4.587652144,3,656.0660846
Gambusia holbrooki,3,644,-37,-72,165.7529412,94.2245101,4.587652144,3,656.0660846
Gambusia holbrooki,1,1525,-37,-73,75.06299213,103.4748428,1.291669373,6,3526.717392
Gambusia holbrooki,3,644,-37,-72,165.7529412,94.2245101,4.587652144,3,656.0660846
Gambusia holbrooki,3,644,-37,-72,165.7529412,94.2245101,4.587652144,3,656.0660846
Gambusia holbrooki,2,5717,-36,-72,89.8125,73.93333588,3.637341519,6,3290.497922
Gambusia holbrooki,3,1942,-37,-72,115.223176,97.42375808,1.710490956,5,967.7092813
Gambusia holbrooki,3,1942,-37,-72,115.223176,97.42375808,1.710490956,5,967.7092813
Gambusia holbrooki,3,644,-37,-72,165.7529412,94.2245101,4.587652144,3,656.0660846
Gambusia holbrooki,3,1942,-37,-72,115.223176,97.42375808,1.710490956,5,967.7092813
Gambusia holbrooki,3,644,-37,-72,165.7529412,94.2245101,4.587652144,3,656.0660846
Gambusia holbrooki,2,1933,-37,-72,178.921875,105.1404316,4.258407648,5,967.7092813
Gambusia holbrooki,2,5993,-36,-72,99.35238095,70.95833333,2.351056413,6,1160.414781
Gambusia holbrooki,3,1942,-37,-72,115.223176,97.42375808,1.710490956,5,967.7092813
Gambusia holbrooki,2,5717,-36,-72,89.8125,73.93333588,3.637341519,6,3290.497922
Gambusia holbrooki,2,5717,-36,-72,89.8125,73.93333588,3.637341519,6,3290.497922
Gambusia holbrooki,2,5717,-36,-72,89.8125,73.93333588,3.637341519,6,3290.497922
Gambusia holbrooki,1,1525,-37,-73,75.06299213,103.4748428,1.291669373,6,3526.717392
Gambusia holbrooki,3,644,-37,-72,165.7529412,94.2245101,4.587652144,3,656.0660846
Gambusia holbrooki,3,1942,-37,-72,115.223176,97.42375808,1.710490956,5,967.7092813
Gambusia holbrooki,3,644,-37,-72,165.7529412,94.2245101,4.587652144,3,656.0660846
Gambusia holbrooki,1,6150,-35,-72,54.2,70.59523664,6.287205955,5,1275.259419
Gambusia holbrooki,2,1933,-37,-72,178.921875,105.1404316,4.258407648,5,967.7092813
Gambusia holbrooki,2,1933,-37,-72,178.921875,105.1404316,4.258407648,5,967.7092813
Gambusia holbrooki,2,5717,-36,-72,89.8125,73.93333588,3.637341519,6,3290.497922
Gambusia holbrooki,3,1942,-37,-72,115.223176,97.42375808,1.710490956,5,967.7092813
Gambusia holbrooki,3,644,-37,-72,165.7529412,94.2245101,4.587652144,3,656.0660846
Gambusia holbrooki,2,5717,-36,-72,89.8125,73.93333588,3.637341519,6,3290.497922
Gambusia holbrooki,1,6150,-35,-72,54.2,70.59523664,6.287205955,5,1275.259419
Gambusia holbrooki,1,6150,-35,-72,54.2,70.59523664,6.287205955,5,1275.259419
Gambusia holbrooki,2,5717,-36,-72,89.8125,73.93333588,3.637341519,6,3290.497922
Gambusia holbrooki,2,5717,-36,-72,89.8125,73.93333588,3.637341519,6,3290.497922
Gambusia holbrooki,2,5993,-36,-72,99.35238095,70.95833333,2.351056413,6,1160.414781
Gambusia holbrooki,2,5993,-36,-72,99.35238095,70.95833333,2.351056413,6,1160.414781
Gambusia holbrooki,3,1942,-37,-72,115.223176,97.42375808,1.710490956,5,967.7092813
Gambusia holbrooki,4,6187,-35,-72,34.48484848,70.86666718,4.428001112,7,5570.866652
Gambusia holbrooki,2,1933,-37,-72,178.921875,105.1404316,4.258407648,5,967.7092813
Gambusia holbrooki,2,1933,-37,-72,178.921875,105.1404316,4.258407648,5,967.7092813
Gambusia holbrooki,2,1933,-37,-72,178.921875,105.1404316,4.258407648,5,967.7092813
Gambusia holbrooki,2,5717,-36,-72,89.8125,73.93333588,3.637341519,6,3290.497922
Gambusia holbrooki,2,5993,-36,-72,99.35238095,70.95833333,2.351056413,6,1160.414781
Gambusia holbrooki,2,5993,-36,-72,99.35238095,70.95833333,2.351056413,6,1160.414781
Gambusia holbrooki,2,5717,-36,-72,89.8125,73.93333588,3.637341519,6,3290.497922
Gambusia holbrooki,12,6185,-35,-72,42.15384615,70.0416654,2.680632787,7,5570.866652
Gambusia holbrooki,12,6185,-35,-72,42.15384615,70.0416654,2.680632787,7,5570.866652
Gambusia holbrooki,12,6185,-35,-72,42.15384615,70.0416654,2.680632787,7,5570.866652
Gambusia holbrooki,12,6185,-35,-72,42.15384615,70.0416654,2.680632787,7,5570.866652
Gambusia holbrooki,2,5993,-36,-72,99.35238095,70.95833333,2.351056413,6,1160.414781
Gambusia holbrooki,2,5993,-36,-72,99.35238095,70.95833333,2.351056413,6,1160.414781
Gambusia holbrooki,2,5993,-36,-72,99.35238095,70.95833333,2.351056413,6,1160.414781
Gambusia holbrooki,3,1942,-37,-72,115.223176,97.42375808,1.710490956,5,967.7092813
Gambusia holbrooki,1,6150,-35,-72,54.2,70.59523664,6.287205955,5,1275.259419
Gambusia holbrooki,1,6150,-35,-72,54.2,70.59523664,6.287205955,5,1275.259419
Gambusia holbrooki,1,6150,-35,-72,54.2,70.59523664,6.287205955,5,1275.259419
Gambusia holbrooki,2,3610,-34,-71,162.90625,43.16341121,5.718709548,2,1750.389286
Gambusia holbrooki,1,6150,-35,-72,54.2,70.59523664,6.287205955,5,1275.259419
Gambusia holbrooki,2,1933,-37,-72,178.921875,105.1404316,4.258407648,5,967.7092813
Gambusia holbrooki,2,1933,-37,-72,178.921875,105.1404316,4.258407648,5,967.7092813
Gambusia holbrooki,2,1933,-37,-72,178.921875,105.1404316,4.258407648,5,967.7092813
Gambusia holbrooki,2,1933,-37,-72,178.921875,105.1404316,4.258407648,5,967.7092813
Gambusia holbrooki,3,644,-37,-72,165.7529412,94.2245101,4.587652144,3,656.0660846
Gambusia holbrooki,2,1933,-37,-72,178.921875,105.1404316,4.258407648,5,967.7092813
Gambusia holbrooki,3,644,-37,-72,165.7529412,94.2245101,4.587652144,3,656.0660846
Gambusia holbrooki,2,1933,-37,-72,178.921875,105.1404316,4.258407648,5,967.7092813
Gambusia holbrooki,2,1933,-37,-72,178.921875,105.1404316,4.258407648,5,967.7092813
Gambusia holbrooki,3,5756,-36,-72,109.3333333,75.56666718,4.452714519,4,257.240611
Gambusia holbrooki,3,5756,-36,-72,109.3333333,75.56666718,4.452714519,4,257.240611
Gambusia holbrooki,2,5993,-36,-72,99.35238095,70.95833333,2.351056413,6,1160.414781
Gambusia holbrooki,2,1933,-37,-72,178.921875,105.1404316,4.258407648,5,967.7092813
Gambusia holbrooki,4,6187,-35,-72,34.48484848,70.86666718,4.428001112,7,5570.866652
Gambusia holbrooki,4,6187,-35,-72,34.48484848,70.86666718,4.428001112,7,5570.866652
Gambusia holbrooki,4,6187,-35,-72,34.48484848,70.86666718,4.428001112,7,5570.866652
Gambusia holbrooki,4,6187,-35,-72,34.48484848,70.86666718,4.428001112,7,5570.866652
Gambusia holbrooki,4,6187,-35,-72,34.48484848,70.86666718,4.428001112,7,5570.866652
Gambusia holbrooki,2,5717,-36,-72,89.8125,73.93333588,3.637341519,6,3290.497922
Gambusia holbrooki,3,644,-37,-72,165.7529412,94.2245101,4.587652144,3,656.0660846
Gambusia holbrooki,3,644,-37,-72,165.7529412,94.2245101,4.587652144,3,656.0660846
Gambusia holbrooki,4,6187,-35,-72,34.48484848,70.86666718,4.428001112,7,5570.866652
Gambusia holbrooki,2,3610,-34,-71,162.90625,43.16341121,5.718709548,2,1750.389286
Gambusia holbrooki,4,6187,-35,-72,34.48484848,70.86666718,4.428001112,7,5570.866652
Gambusia holbrooki,4,6187,-35,-72,34.48484848,70.86666718,4.428001112,7,5570.866652
Gambusia holbrooki,4,6187,-35,-72,34.48484848,70.86666718,4.428001112,7,5570.866652
Gambusia holbrooki,2,1933,-37,-72,178.921875,105.1404316,4.258407648,5,967.7092813
Gambusia holbrooki,2,1933,-37,-72,178.921875,105.1404316,4.258407648,5,967.7092813
Gambusia holbrooki,2,1933,-37,-72,178.921875,105.1404316,4.258407648,5,967.7092813
Gambusia holbrooki,2,1933,-37,-72,178.921875,105.1404316,4.258407648,5,967.7092813
Gambusia holbrooki,2,1933,-37,-72,178.921875,105.1404316,4.258407648,5,967.7092813
Gambusia holbrooki,2,1933,-37,-72,178.921875,105.1404316,4.258407648,5,967.7092813
Gambusia holbrooki,3,644,-37,-72,165.7529412,94.2245101,4.587652144,3,656.0660846
Gambusia holbrooki,3,5756,-36,-72,109.3333333,75.56666718,4.452714519,4,257.240611
Gambusia holbrooki,1,1524,-37,-73,74.05737705,102.6450002,1.207989798,6,3526.717392
Gambusia holbrooki,3,644,-37,-72,165.7529412,94.2245101,4.587652144,3,656.0660846
Gambusia holbrooki,3,644,-37,-72,165.7529412,94.2245101,4.587652144,3,656.0660846
Gambusia holbrooki,3,644,-37,-72,165.7529412,94.2245101,4.587652144,3,656.0660846
Gambusia holbrooki,2,1933,-37,-72,178.921875,105.1404316,4.258407648,5,967.7092813
Gambusia holbrooki,2,5993,-36,-72,99.35238095,70.95833333,2.351056413,6,1160.414781
Gambusia holbrooki,2,5993,-36,-72,99.35238095,70.95833333,2.351056413,6,1160.414781
Gambusia holbrooki,2,5993,-36,-72,99.35238095,70.95833333,2.351056413,6,1160.414781
Gambusia holbrooki,2,5993,-36,-72,99.35238095,70.95833333,2.351056413,6,1160.414781
Gambusia holbrooki,2,5993,-36,-72,99.35238095,70.95833333,2.351056413,6,1160.414781
Gambusia holbrooki,3,1942,-37,-72,115.223176,97.42375808,1.710490956,5,967.7092813
Gambusia holbrooki,2,1933,-37,-72,178.921875,105.1404316,4.258407648,5,967.7092813
Gambusia holbrooki,3,644,-37,-72,165.7529412,94.2245101,4.587652144,3,656.0660846
Gambusia holbrooki,3,5756,-36,-72,109.3333333,75.56666718,4.452714519,4,257.240611
Gambusia holbrooki,3,1942,-37,-72,115.223176,97.42375808,1.710490956,5,967.7092813
Gambusia holbrooki,3,644,-37,-72,165.7529412,94.2245101,4.587652144,3,656.0660846
Gambusia holbrooki,3,5372,-35,-72,28.65137615,69.65,4.354146694,7,5570.866652
Gambusia holbrooki,3,5372,-35,-72,28.65137615,69.65,4.354146694,7,5570.866652
Gambusia holbrooki,3,5372,-35,-72,28.65137615,69.65,4.354146694,7,5570.866652
Gambusia holbrooki,2,3708,-35,-71,146.7207207,64.8333346,2.378894906,6,1544.312195
Gambusia holbrooki,2,3708,-35,-71,146.7207207,64.8333346,2.378894906,6,1544.312195
Gambusia holbrooki,3,1942,-37,-72,115.223176,97.42375808,1.710490956,5,967.7092813
Gambusia holbrooki,1,1524,-37,-73,74.05737705,102.6450002,1.207989798,6,3526.717392
Gambusia holbrooki,1,6150,-35,-72,54.2,70.59523664,6.287205955,5,1275.259419
Gambusia holbrooki,4,6187,-35,-72,34.48484848,70.86666718,4.428001112,7,5570.866652
Gambusia holbrooki,2,2751,-34,-71,352.85,50.49393827,3.9829068,6,165.4004226
Gambusia holbrooki,2,2751,-34,-71,352.85,50.49393827,3.9829068,6,165.4004226
Gambusia holbrooki,2,2751,-34,-71,352.85,50.49393827,3.9829068,6,165.4004226
Gambusia holbrooki,1,1524,-37,-73,74.05737705,102.6450002,1.207989798,6,3526.717392
Gambusia holbrooki,2,3610,-34,-71,162.90625,43.16341121,5.718709548,2,1750.389286
Gambusia holbrooki,2,3610,-34,-71,162.90625,43.16341121,5.718709548,2,1750.389286
Gambusia holbrooki,2,1933,-37,-72,178.921875,105.1404316,4.258407648,5,967.7092813
Gambusia holbrooki,1,6150,-35,-72,54.2,70.59523664,6.287205955,5,1275.259419
Gambusia holbrooki,2,3611,-34,-71,158.4847162,43.36790461,4.839774885,2,1750.389286
Gambusia holbrooki,2,3611,-34,-71,158.4847162,43.36790461,4.839774885,2,1750.389286
Gambusia holbrooki,2,3611,-34,-71,158.4847162,43.36790461,4.839774885,2,1750.389286
Gambusia holbrooki,2,3611,-34,-71,158.4847162,43.36790461,4.839774885,2,1750.389286
Gambusia holbrooki,2,1933,-37,-72,178.921875,105.1404316,4.258407648,5,967.7092813
Gambusia holbrooki,3,1608,-38,-73,87.00401606,100.1915891,1,5,154.1941464
Gambusia holbrooki,1,1525,-37,-73,75.06299213,103.4748428,1.291669373,6,3526.717392
Gambusia holbrooki,2,1933,-37,-72,178.921875,105.1404316,4.258407648,5,967.7092813
Gambusia holbrooki,2,1933,-37,-72,178.921875,105.1404316,4.258407648,5,967.7092813
Gambusia holbrooki,2,1933,-37,-72,178.921875,105.1404316,4.258407648,5,967.7092813
Gambusia holbrooki,3,644,-37,-72,165.7529412,94.2245101,4.587652144,3,656.0660846
Gambusia holbrooki,3,5756,-36,-72,109.3333333,75.56666718,4.452714519,4,257.240611
Gambusia holbrooki,3,644,-37,-72,165.7529412,94.2245101,4.587652144,3,656.0660846
Gambusia holbrooki,3,644,-37,-72,165.7529412,94.2245101,4.587652144,3,656.0660846
Gambusia holbrooki,3,5756,-36,-72,109.3333333,75.56666718,4.452714519,4,257.240611
Gambusia holbrooki,2,3708,-35,-71,146.7207207,64.8333346,2.378894906,6,1544.312195
Gambusia holbrooki,2,3708,-35,-71,146.7207207,64.8333346,2.378894906,6,1544.312195
Gambusia holbrooki,3,5372,-35,-72,28.65137615,69.65,4.354146694,7,5570.866652
Gambusia holbrooki,2,3708,-35,-71,146.7207207,64.8333346,2.378894906,6,1544.312195
Gambusia holbrooki,4,6187,-35,-72,34.48484848,70.86666718,4.428001112,7,5570.866652
Gambusia holbrooki,4,6187,-35,-72,34.48484848,70.86666718,4.428001112,7,5570.866652
Gambusia holbrooki,4,6187,-35,-72,34.48484848,70.86666718,4.428001112,7,5570.866652
Gambusia holbrooki,4,6187,-35,-72,34.48484848,70.86666718,4.428001112,7,5570.866652
Gambusia holbrooki,3,818,-37,-72,163.8802083,91.6588527,3.600447729,5,955.1016828
Gambusia holbrooki,1,1525,-37,-73,75.06299213,103.4748428,1.291669373,6,3526.717392
Gambusia holbrooki,4,6187,-35,-72,34.48484848,70.86666718,4.428001112,7,5570.866652
Gambusia holbrooki,4,6187,-35,-72,34.48484848,70.86666718,4.428001112,7,5570.866652
Gambusia holbrooki,4,6187,-35,-72,34.48484848,70.86666718,4.428001112,7,5570.866652
Gambusia holbrooki,4,6187,-35,-72,34.48484848,70.86666718,4.428001112,7,5570.866652
Gambusia holbrooki,3,644,-37,-72,165.7529412,94.2245101,4.587652144,3,656.0660846
Gambusia holbrooki,3,5756,-36,-72,109.3333333,75.56666718,4.452714519,4,257.240611
Gambusia holbrooki,3,5756,-36,-72,109.3333333,75.56666718,4.452714519,4,257.240611
Gambusia holbrooki,1,1525,-37,-73,75.06299213,103.4748428,1.291669373,6,3526.717392
Gambusia holbrooki,4,1525,-37,-73,75.06299213,103.4748428,1.291669373,6,3526.717392
Gambusia holbrooki,2,3708,-35,-71,146.7207207,64.8333346,2.378894906,6,1544.312195
Gambusia holbrooki,2,5993,-36,-72,99.35238095,70.95833333,2.351056413,6,1160.414781
Gambusia holbrooki,2,5993,-36,-72,99.35238095,70.95833333,2.351056413,6,1160.414781
Gambusia holbrooki,3,1942,-37,-72,115.223176,97.42375808,1.710490956,5,967.7092813
Gambusia holbrooki,3,1942,-37,-72,115.223176,97.42375808,1.710490956,5,967.7092813
Gambusia holbrooki,3,1942,-37,-72,115.223176,97.42375808,1.710490956,5,967.7092813
Gambusia holbrooki,3,1942,-37,-72,115.223176,97.42375808,1.710490956,5,967.7092813
Gambusia holbrooki,3,1942,-37,-72,115.223176,97.42375808,1.710490956,5,967.7092813
Gambusia holbrooki,2,5993,-36,-72,99.35238095,70.95833333,2.351056413,6,1160.414781
Gambusia holbrooki,2,5993,-36,-72,99.35238095,70.95833333,2.351056413,6,1160.414781
Gambusia holbrooki,2,5993,-36,-72,99.35238095,70.95833333,2.351056413,6,1160.414781
Gambusia holbrooki,2,5993,-36,-72,99.35238095,70.95833333,2.351056413,6,1160.414781
Gambusia holbrooki,4,6187,-35,-72,34.48484848,70.86666718,4.428001112,7,5570.866652
Gambusia holbrooki,2,5993,-36,-72,99.35238095,70.95833333,2.351056413,6,1160.414781
Gambusia holbrooki,2,5993,-36,-72,99.35238095,70.95833333,2.351056413,6,1160.414781
Gambusia holbrooki,2,5717,-36,-72,89.8125,73.93333588,3.637341519,6,3290.497922
Gambusia holbrooki,2,1933,-37,-72,178.921875,105.1404316,4.258407648,5,967.7092813
Gambusia holbrooki,2,1933,-37,-72,178.921875,105.1404316,4.258407648,5,967.7092813
Gambusia holbrooki,2,1933,-37,-72,178.921875,105.1404316,4.258407648,5,967.7092813
Gambusia holbrooki,1,1525,-37,-73,75.06299213,103.4748428,1.291669373,6,3526.717392
Gambusia holbrooki,2,5764,-36,-72,81.12037037,71.27777863,4.391394707,6,3290.497922
Gambusia holbrooki,2,3708,-35,-71,146.7207207,64.8333346,2.378894906,6,1544.312195
Gambusia holbrooki,3,5372,-35,-72,28.65137615,69.65,4.354146694,7,5570.866652
Gambusia holbrooki,3,1942,-37,-72,115.223176,97.42375808,1.710490956,5,967.7092813
Gambusia holbrooki,1,1524,-37,-73,74.05737705,102.6450002,1.207989798,6,3526.717392
Gambusia holbrooki,1,1524,-37,-73,74.05737705,102.6450002,1.207989798,6,3526.717392
Gambusia holbrooki,1,1524,-37,-73,74.05737705,102.6450002,1.207989798,6,3526.717392
Gambusia holbrooki,1,1524,-37,-73,74.05737705,102.6450002,1.207989798,6,3526.717392
Gambusia holbrooki,1,6150,-35,-72,54.2,70.59523664,6.287205955,5,1275.259419
Gambusia holbrooki,1,6150,-35,-72,54.2,70.59523664,6.287205955,5,1275.259419
Gambusia holbrooki,1,6150,-35,-72,54.2,70.59523664,6.287205955,5,1275.259419
Gambusia holbrooki,4,6187,-35,-72,34.48484848,70.86666718,4.428001112,7,5570.866652
Gambusia holbrooki,2,5717,-36,-72,89.8125,73.93333588,3.637341519,6,3290.497922
Gambusia holbrooki,2,5717,-36,-72,89.8125,73.93333588,3.637341519,6,3290.497922
Gambusia holbrooki,2,5717,-36,-72,89.8125,73.93333588,3.637341519,6,3290.497922
Gambusia holbrooki,2,5717,-36,-72,89.8125,73.93333588,3.637341519,6,3290.497922
Gambusia holbrooki,2,5717,-36,-72,89.8125,73.93333588,3.637341519,6,3290.497922
Gambusia holbrooki,2,5717,-36,-72,89.8125,73.93333588,3.637341519,6,3290.497922
Gambusia holbrooki,2,5717,-36,-72,89.8125,73.93333588,3.637341519,6,3290.497922
Gambusia holbrooki,2,5717,-36,-72,89.8125,73.93333588,3.637341519,6,3290.497922
Gambusia holbrooki,2,1933,-37,-72,178.921875,105.1404316,4.258407648,5,967.7092813
Gambusia holbrooki,2,1933,-37,-72,178.921875,105.1404316,4.258407648,5,967.7092813
Gambusia holbrooki,2,1933,-37,-72,178.921875,105.1404316,4.258407648,5,967.7092813
Gambusia holbrooki,2,1933,-37,-72,178.921875,105.1404316,4.258407648,5,967.7092813
Gambusia holbrooki,2,3611,-34,-71,158.4847162,43.36790461,4.839774885,2,1750.389286
Gambusia holbrooki,2,1933,-37,-72,178.921875,105.1404316,4.258407648,5,967.7092813
Gambusia holbrooki,2,1933,-37,-72,178.921875,105.1404316,4.258407648,5,967.7092813
Gambusia holbrooki,2,1933,-37,-72,178.921875,105.1404316,4.258407648,5,967.7092813
Gambusia holbrooki,2,1933,-37,-72,178.921875,105.1404316,4.258407648,5,967.7092813
Gambusia holbrooki,2,1933,-37,-72,178.921875,105.1404316,4.258407648,5,967.7092813
Gambusia holbrooki,2,1933,-37,-72,178.921875,105.1404316,4.258407648,5,967.7092813
Gambusia holbrooki,2,1933,-37,-72,178.921875,105.1404316,4.258407648,5,967.7092813
Gambusia holbrooki,2,1933,-37,-72,178.921875,105.1404316,4.258407648,5,967.7092813
Gambusia holbrooki,2,5764,-36,-72,81.12037037,71.27777863,4.391394707,6,3290.497922
Gambusia holbrooki,2,5764,-36,-72,81.12037037,71.27777863,4.391394707,6,3290.497922
Gambusia holbrooki,2,5764,-36,-72,81.12037037,71.27777863,4.391394707,6,3290.497922
Gambusia holbrooki,3,5756,-36,-72,109.3333333,75.56666718,4.452714519,4,257.240611
Gambusia holbrooki,3,5756,-36,-72,109.3333333,75.56666718,4.452714519,4,257.240611
Gambusia holbrooki,2,5764,-36,-72,81.12037037,71.27777863,4.391394707,6,3290.497922
Gambusia holbrooki,2,3708,-35,-71,146.7207207,64.8333346,2.378894906,6,1544.312195
Gambusia holbrooki,2,3708,-35,-71,146.7207207,64.8333346,2.378894906,6,1544.312195
Gambusia holbrooki,2,3708,-35,-71,146.7207207,64.8333346,2.378894906,6,1544.312195
Gambusia holbrooki,2,2753,-34,-71,324.9545455,49.77689481,3.956382362,6,165.4004226
Gambusia holbrooki,4,6187,-35,-72,34.48484848,70.86666718,4.428001112,7,5570.866652
Gambusia holbrooki,4,6187,-35,-72,34.48484848,70.86666718,4.428001112,7,5570.866652
Gambusia holbrooki,2,1933,-37,-72,178.921875,105.1404316,4.258407648,5,967.7092813
Gambusia holbrooki,3,1609,-38,-73,86.55078125,100.1896818,1,5,154.1941464
Gambusia holbrooki,3,644,-37,-72,165.7529412,94.2245101,4.587652144,3,656.0660846
Gambusia holbrooki,3,5756,-36,-72,109.3333333,75.56666718,4.452714519,4,257.240611
Gambusia holbrooki,2,5764,-36,-72,81.12037037,71.27777863,4.391394707,6,3290.497922
Gambusia holbrooki,4,1525,-37,-73,75.06299213,103.4748428,1.291669373,6,3526.717392
Gambusia holbrooki,4,1525,-37,-73,75.06299213,103.4748428,1.291669373,6,3526.717392
Gambusia holbrooki,2,5993,-36,-72,99.35238095,70.95833333,2.351056413,6,1160.414781
Gambusia holbrooki,3,1942,-37,-72,115.223176,97.42375808,1.710490956,5,967.7092813
Gambusia holbrooki,2,5993,-36,-72,99.35238095,70.95833333,2.351056413,6,1160.414781
Gambusia holbrooki,2,5993,-36,-72,99.35238095,70.95833333,2.351056413,6,1160.414781
Gambusia holbrooki,2,5993,-36,-72,99.35238095,70.95833333,2.351056413,6,1160.414781
Gambusia holbrooki,2,5993,-36,-72,99.35238095,70.95833333,2.351056413,6,1160.414781
Gambusia holbrooki,2,5993,-36,-72,99.35238095,70.95833333,2.351056413,6,1160.414781
Gambusia holbrooki,3,1942,-37,-72,115.223176,97.42375808,1.710490956,5,967.7092813
Gambusia holbrooki,2,5993,-36,-72,99.35238095,70.95833333,2.351056413,6,1160.414781
Gambusia holbrooki,2,5993,-36,-72,99.35238095,70.95833333,2.351056413,6,1160.414781
Gambusia holbrooki,2,5993,-36,-72,99.35238095,70.95833333,2.351056413,6,1160.414781
Gambusia holbrooki,2,5993,-36,-72,99.35238095,70.95833333,2.351056413,6,1160.414781
Gambusia holbrooki,2,5993,-36,-72,99.35238095,70.95833333,2.351056413,6,1160.414781
Gambusia holbrooki,2,5993,-36,-72,99.35238095,70.95833333,2.351056413,6,1160.414781
Gambusia holbrooki,2,5993,-36,-72,99.35238095,70.95833333,2.351056413,6,1160.414781
Gambusia holbrooki,2,5717,-36,-72,89.8125,73.93333588,3.637341519,6,3290.497922
Gambusia holbrooki,3,5372,-35,-72,28.65137615,69.65,4.354146694,7,5570.866652
Gambusia holbrooki,3,5372,-35,-72,28.65137615,69.65,4.354146694,7,5570.866652
Gambusia holbrooki,3,5372,-35,-72,28.65137615,69.65,4.354146694,7,5570.866652
Gambusia holbrooki,3,5372,-35,-72,28.65137615,69.65,4.354146694,7,5570.866652
Gambusia holbrooki,3,5372,-35,-72,28.65137615,69.65,4.354146694,7,5570.866652
Gambusia holbrooki,3,5372,-35,-72,28.65137615,69.65,4.354146694,7,5570.866652
Gambusia holbrooki,3,5372,-35,-72,28.65137615,69.65,4.354146694,7,5570.866652
Gambusia holbrooki,3,5372,-35,-72,28.65137615,69.65,4.354146694,7,5570.866652
Gambusia holbrooki,3,5372,-35,-72,28.65137615,69.65,4.354146694,7,5570.866652
Gambusia holbrooki,3,5372,-35,-72,28.65137615,69.65,4.354146694,7,5570.866652
Gambusia holbrooki,3,5372,-35,-72,28.65137615,69.65,4.354146694,7,5570.866652
Gambusia holbrooki,1,1525,-37,-73,75.06299213,103.4748428,1.291669373,6,3526.717392
Gambusia holbrooki,2,3708,-35,-71,146.7207207,64.8333346,2.378894906,6,1544.312195
Gambusia holbrooki,2,3708,-35,-71,146.7207207,64.8333346,2.378894906,6,1544.312195
Gambusia holbrooki,2,3708,-35,-71,146.7207207,64.8333346,2.378894906,6,1544.312195
Gambusia holbrooki,3,5372,-35,-72,28.65137615,69.65,4.354146694,7,5570.866652
Gambusia holbrooki,2,3708,-35,-71,146.7207207,64.8333346,2.378894906,6,1544.312195
Gambusia holbrooki,1,1524,-37,-73,74.05737705,102.6450002,1.207989798,6,3526.717392
Gambusia holbrooki,2,2753,-34,-71,324.9545455,49.77689481,3.956382362,6,165.4004226
Gambusia holbrooki,2,2753,-34,-71,324.9545455,49.77689481,3.956382362,6,165.4004226
Gambusia holbrooki,1,6150,-35,-72,54.2,70.59523664,6.287205955,5,1275.259419
Gambusia holbrooki,1,6150,-35,-72,54.2,70.59523664,6.287205955,5,1275.259419
Gambusia holbrooki,2,5717,-36,-72,89.8125,73.93333588,3.637341519,6,3290.497922
Gambusia holbrooki,2,5993,-36,-72,99.35238095,70.95833333,2.351056413,6,1160.414781
Gambusia holbrooki,2,5717,-36,-72,89.8125,73.93333588,3.637341519,6,3290.497922
Gambusia holbrooki,2,5717,-36,-72,89.8125,73.93333588,3.637341519,6,3290.497922
Gambusia holbrooki,1,1525,-37,-73,75.06299213,103.4748428,1.291669373,6,3526.717392
Gambusia holbrooki,2,5717,-36,-72,89.8125,73.93333588,3.637341519,6,3290.497922
Gambusia holbrooki,2,3610,-34,-71,162.90625,43.16341121,5.718709548,2,1750.389286
Gambusia holbrooki,2,1933,-37,-72,178.921875,105.1404316,4.258407648,5,967.7092813
Gambusia holbrooki,2,3611,-34,-71,158.4847162,43.36790461,4.839774885,2,1750.389286
Gambusia holbrooki,2,3611,-34,-71,158.4847162,43.36790461,4.839774885,2,1750.389286
Gambusia holbrooki,2,3611,-34,-71,158.4847162,43.36790461,4.839774885,2,1750.389286
Gambusia holbrooki,2,1933,-37,-72,178.921875,105.1404316,4.258407648,5,967.7092813
Gambusia holbrooki,2,1933,-37,-72,178.921875,105.1404316,4.258407648,5,967.7092813
Gambusia holbrooki,2,1933,-37,-72,178.921875,105.1404316,4.258407648,5,967.7092813
Gambusia holbrooki,2,1933,-37,-72,178.921875,105.1404316,4.258407648,5,967.7092813
Gambusia holbrooki,2,5717,-36,-72,89.8125,73.93333588,3.637341519,6,3290.497922
Gambusia holbrooki,3,5372,-35,-72,28.65137615,69.65,4.354146694,7,5570.866652
Gambusia holbrooki,3,5756,-36,-72,109.3333333,75.56666718,4.452714519,4,257.240611
Gambusia holbrooki,3,5372,-35,-72,28.65137615,69.65,4.354146694,7,5570.866652
Gambusia holbrooki,2,3708,-35,-71,146.7207207,64.8333346,2.378894906,6,1544.312195
Gambusia holbrooki,2,3708,-35,-71,146.7207207,64.8333346,2.378894906,6,1544.312195
Gambusia holbrooki,2,3708,-35,-71,146.7207207,64.8333346,2.378894906,6,1544.312195
Gambusia holbrooki,2,3708,-35,-71,146.7207207,64.8333346,2.378894906,6,1544.312195
Gambusia holbrooki,3,5756,-36,-72,109.3333333,75.56666718,4.452714519,4,257.240611
Gambusia holbrooki,4,6187,-35,-72,34.48484848,70.86666718,4.428001112,7,5570.866652
Gambusia holbrooki,2,5993,-36,-72,99.35238095,70.95833333,2.351056413,6,1160.414781
Gambusia holbrooki,2,5993,-36,-72,99.35238095,70.95833333,2.351056413,6,1160.414781
Gambusia holbrooki,2,5993,-36,-72,99.35238095,70.95833333,2.351056413,6,1160.414781
Gambusia holbrooki,3,1608,-38,-73,87.00401606,100.1915891,1,5,154.1941464
Gambusia holbrooki,2,5993,-36,-72,99.35238095,70.95833333,2.351056413,6,1160.414781
Gambusia holbrooki,2,3610,-34,-71,162.90625,43.16341121,5.718709548,2,1750.389286
Gambusia holbrooki,2,5717,-36,-72,89.8125,73.93333588,3.637341519,6,3290.497922
Gambusia holbrooki,2,5717,-36,-72,89.8125,73.93333588,3.637341519,6,3290.497922
Gambusia holbrooki,2,5717,-36,-72,89.8125,73.93333588,3.637341519,6,3290.497922
Gambusia holbrooki,2,3610,-34,-71,162.90625,43.16341121,5.718709548,2,1750.389286
Gambusia holbrooki,2,3610,-34,-71,162.90625,43.16341121,5.718709548,2,1750.389286
Gambusia holbrooki,2,5764,-36,-72,81.12037037,71.27777863,4.391394707,6,3290.497922
Gambusia holbrooki,3,818,-37,-72,163.8802083,91.6588527,3.600447729,5,955.1016828
Gambusia holbrooki,3,818,-37,-72,163.8802083,91.6588527,3.600447729,5,955.1016828
Gambusia holbrooki,3,644,-37,-72,165.7529412,94.2245101,4.587652144,3,656.0660846
Gambusia holbrooki,3,644,-37,-72,165.7529412,94.2245101,4.587652144,3,656.0660846
Gambusia holbrooki,4,1525,-37,-73,75.06299213,103.4748428,1.291669373,6,3526.717392
Gambusia holbrooki,2,5993,-36,-72,99.35238095,70.95833333,2.351056413,6,1160.414781
Gambusia holbrooki,3,1942,-37,-72,115.223176,97.42375808,1.710490956,5,967.7092813
Gambusia holbrooki,2,5993,-36,-72,99.35238095,70.95833333,2.351056413,6,1160.414781
Gambusia holbrooki,3,1942,-37,-72,115.223176,97.42375808,1.710490956,5,967.7092813
Gambusia holbrooki,3,1942,-37,-72,115.223176,97.42375808,1.710490956,5,967.7092813
Gambusia holbrooki,2,5993,-36,-72,99.35238095,70.95833333,2.351056413,6,1160.414781
Gambusia holbrooki,2,2753,-34,-71,324.9545455,49.77689481,3.956382362,6,165.4004226
Gambusia holbrooki,2,5993,-36,-72,99.35238095,70.95833333,2.351056413,6,1160.414781
Gambusia holbrooki,2,5993,-36,-72,99.35238095,70.95833333,2.351056413,6,1160.414781
Gambusia holbrooki,2,5993,-36,-72,99.35238095,70.95833333,2.351056413,6,1160.414781
Gambusia holbrooki,2,2751,-34,-71,352.85,50.49393827,3.9829068,6,165.4004226
Gambusia holbrooki,2,5717,-36,-72,89.8125,73.93333588,3.637341519,6,3290.497922
Gambusia holbrooki,2,5717,-36,-72,89.8125,73.93333588,3.637341519,6,3290.497922
Gambusia holbrooki,2,5717,-36,-72,89.8125,73.93333588,3.637341519,6,3290.497922
Gambusia holbrooki,2,3610,-34,-71,162.90625,43.16341121,5.718709548,2,1750.389286
Gambusia holbrooki,2,5764,-36,-72,81.12037037,71.27777863,4.391394707,6,3290.497922
Gambusia holbrooki,2,2753,-34,-71,324.9545455,49.77689481,3.956382362,6,165.4004226
Gambusia holbrooki,3,5372,-35,-72,28.65137615,69.65,4.354146694,7,5570.866652
Gambusia holbrooki,3,5372,-35,-72,28.65137615,69.65,4.354146694,7,5570.866652
Gambusia holbrooki,2,3708,-35,-71,146.7207207,64.8333346,2.378894906,6,1544.312195
Gambusia holbrooki,3,1942,-37,-72,115.223176,97.42375808,1.710490956,5,967.7092813
Gambusia holbrooki,2,5993,-36,-72,99.35238095,70.95833333,2.351056413,6,1160.414781
Gambusia holbrooki,2,2753,-34,-71,324.9545455,49.77689481,3.956382362,6,165.4004226
Gambusia holbrooki,4,6187,-35,-72,34.48484848,70.86666718,4.428001112,7,5570.866652
Gambusia holbrooki,1,6150,-35,-72,54.2,70.59523664,6.287205955,5,1275.259419
Gambusia holbrooki,1,6150,-35,-72,54.2,70.59523664,6.287205955,5,1275.259419
Gambusia holbrooki,2,5993,-36,-72,99.35238095,70.95833333,2.351056413,6,1160.414781
Gambusia holbrooki,2,5717,-36,-72,89.8125,73.93333588,3.637341519,6,3290.497922
Gambusia holbrooki,2,5717,-36,-72,89.8125,73.93333588,3.637341519,6,3290.497922
Gambusia holbrooki,3,1608,-38,-73,87.00401606,100.1915891,1,5,154.1941464
Gambusia holbrooki,3,1608,-38,-73,87.00401606,100.1915891,1,5,154.1941464
Gambusia holbrooki,2,5717,-36,-72,89.8125,73.93333588,3.637341519,6,3290.497922
Gambusia holbrooki,2,5717,-36,-72,89.8125,73.93333588,3.637341519,6,3290.497922
Gambusia holbrooki,2,5717,-36,-72,89.8125,73.93333588,3.637341519,6,3290.497922
Gambusia holbrooki,2,5717,-36,-72,89.8125,73.93333588,3.637341519,6,3290.497922
Gambusia holbrooki,2,5717,-36,-72,89.8125,73.93333588,3.637341519,6,3290.497922
Gambusia holbrooki,1,1525,-37,-73,75.06299213,103.4748428,1.291669373,6,3526.717392
Gambusia holbrooki,2,5717,-36,-72,89.8125,73.93333588,3.637341519,6,3290.497922
Gambusia holbrooki,2,5717,-36,-72,89.8125,73.93333588,3.637341519,6,3290.497922
Gambusia holbrooki,2,5717,-36,-72,89.8125,73.93333588,3.637341519,6,3290.497922
Gambusia holbrooki,2,1933,-37,-72,178.921875,105.1404316,4.258407648,5,967.7092813
Gambusia holbrooki,2,1933,-37,-72,178.921875,105.1404316,4.258407648,5,967.7092813
Gambusia holbrooki,2,1933,-37,-72,178.921875,105.1404316,4.258407648,5,967.7092813
Gambusia holbrooki,3,1608,-38,-73,87.00401606,100.1915891,1,5,154.1941464
Gambusia holbrooki,2,5764,-36,-72,81.12037037,71.27777863,4.391394707,6,3290.497922
Gambusia holbrooki,3,644,-37,-72,165.7529412,94.2245101,4.587652144,3,656.0660846
Gambusia holbrooki,2,5993,-36,-72,99.35238095,70.95833333,2.351056413,6,1160.414781
Gambusia holbrooki,2,5717,-36,-72,89.8125,73.93333588,3.637341519,6,3290.497922
Gambusia holbrooki,1,1525,-37,-73,75.06299213,103.4748428,1.291669373,6,3526.717392
Gambusia holbrooki,3,5372,-35,-72,28.65137615,69.65,4.354146694,7,5570.866652
Gambusia holbrooki,3,5372,-35,-72,28.65137615,69.65,4.354146694,7,5570.866652
Gambusia holbrooki,3,5372,-35,-72,28.65137615,69.65,4.354146694,7,5570.866652
Gambusia holbrooki,3,5372,-35,-72,28.65137615,69.65,4.354146694,7,5570.866652
Gambusia holbrooki,2,3708,-35,-71,146.7207207,64.8333346,2.378894906,6,1544.312195
Gambusia holbrooki,2,3708,-35,-71,146.7207207,64.8333346,2.378894906,6,1544.312195
Gambusia holbrooki,2,3708,-35,-71,146.7207207,64.8333346,2.378894906,6,1544.312195
Gambusia holbrooki,2,3708,-35,-71,146.7207207,64.8333346,2.378894906,6,1544.312195
Gambusia holbrooki,2,3708,-35,-71,146.7207207,64.8333346,2.378894906,6,1544.312195
Gambusia holbrooki,2,3708,-35,-71,146.7207207,64.8333346,2.378894906,6,1544.312195
Gambusia holbrooki,3,1942,-37,-72,115.223176,97.42375808,1.710490956,5,967.7092813
Gambusia holbrooki,4,6187,-35,-72,34.48484848,70.86666718,4.428001112,7,5570.866652
Gambusia holbrooki,4,6187,-35,-72,34.48484848,70.86666718,4.428001112,7,5570.866652
Gambusia holbrooki,4,6187,-35,-72,34.48484848,70.86666718,4.428001112,7,5570.866652
Gambusia holbrooki,4,6187,-35,-72,34.48484848,70.86666718,4.428001112,7,5570.866652
Gambusia holbrooki,4,6187,-35,-72,34.48484848,70.86666718,4.428001112,7,5570.866652
Gambusia holbrooki,4,6187,-35,-72,34.48484848,70.86666718,4.428001112,7,5570.866652
Gambusia holbrooki,3,1608,-38,-73,87.00401606,100.1915891,1,5,154.1941464
Gambusia holbrooki,3,1608,-38,-73,87.00401606,100.1915891,1,5,154.1941464
Gambusia holbrooki,2,5993,-36,-72,99.35238095,70.95833333,2.351056413,6,1160.414781
Gambusia holbrooki,2,5717,-36,-72,89.8125,73.93333588,3.637341519,6,3290.497922
Gambusia holbrooki,2,2751,-34,-71,352.85,50.49393827,3.9829068,6,165.4004226
Gambusia holbrooki,2,5717,-36,-72,89.8125,73.93333588,3.637341519,6,3290.497922
Gambusia holbrooki,2,5717,-36,-72,89.8125,73.93333588,3.637341519,6,3290.497922
Gambusia holbrooki,3,1608,-38,-73,87.00401606,100.1915891,1,5,154.1941464
Gambusia holbrooki,3,5372,-35,-72,28.65137615,69.65,4.354146694,7,5570.866652
Gambusia holbrooki,2,5717,-36,-72,89.8125,73.93333588,3.637341519,6,3290.497922
Gambusia holbrooki,2,5717,-36,-72,89.8125,73.93333588,3.637341519,6,3290.497922
Gambusia holbrooki,3,5372,-35,-72,28.65137615,69.65,4.354146694,7,5570.866652
Gambusia holbrooki,3,5372,-35,-72,28.65137615,69.65,4.354146694,7,5570.866652
Gambusia holbrooki,1,6150,-35,-72,54.2,70.59523664,6.287205955,5,1275.259419
Gambusia holbrooki,3,5372,-35,-72,28.65137615,69.65,4.354146694,7,5570.866652
Gambusia holbrooki,4,1525,-37,-73,75.06299213,103.4748428,1.291669373,6,3526.717392
Gambusia holbrooki,3,5372,-35,-72,28.65137615,69.65,4.354146694,7,5570.866652
Gambusia holbrooki,3,5372,-35,-72,28.65137615,69.65,4.354146694,7,5570.866652
Gambusia holbrooki,2,3708,-35,-71,146.7207207,64.8333346,2.378894906,6,1544.312195
Gambusia holbrooki,2,5717,-36,-72,89.8125,73.93333588,3.637341519,6,3290.497922
Gambusia holbrooki,2,5717,-36,-72,89.8125,73.93333588,3.637341519,6,3290.497922
Gambusia holbrooki,3,5372,-35,-72,28.65137615,69.65,4.354146694,7,5570.866652
Gambusia holbrooki,2,5993,-36,-72,99.35238095,70.95833333,2.351056413,6,1160.414781
Gambusia holbrooki,2,5993,-36,-72,99.35238095,70.95833333,2.351056413,6,1160.414781
Gambusia holbrooki,2,5764,-36,-72,81.12037037,71.27777863,4.391394707,6,3290.497922
Gambusia holbrooki,2,5717,-36,-72,89.8125,73.93333588,3.637341519,6,3290.497922
Gambusia holbrooki,2,5717,-36,-72,89.8125,73.93333588,3.637341519,6,3290.497922
Gambusia holbrooki,2,5717,-36,-72,89.8125,73.93333588,3.637341519,6,3290.497922
Gambusia holbrooki,2,5717,-36,-72,89.8125,73.93333588,3.637341519,6,3290.497922
Gambusia holbrooki,2,5993,-36,-72,99.35238095,70.95833333,2.351056413,6,1160.414781
Gambusia holbrooki,2,5717,-36,-72,89.8125,73.93333588,3.637341519,6,3290.497922
Gambusia holbrooki,2,5717,-36,-72,89.8125,73.93333588,3.637341519,6,3290.497922
Gambusia holbrooki,3,1608,-38,-73,87.00401606,100.1915891,1,5,154.1941464
Gambusia holbrooki,3,1608,-38,-73,87.00401606,100.1915891,1,5,154.1941464
Gambusia holbrooki,1,1524,-37,-73,74.05737705,102.6450002,1.207989798,6,3526.717392
Gambusia holbrooki,1,1524,-37,-73,74.05737705,102.6450002,1.207989798,6,3526.717392
Gambusia holbrooki,3,1608,-38,-73,87.00401606,100.1915891,1,5,154.1941464
Gambusia holbrooki,2,5764,-36,-72,81.12037037,71.27777863,4.391394707,6,3290.497922
Gambusia holbrooki,2,5764,-36,-72,81.12037037,71.27777863,4.391394707,6,3290.497922
Gambusia holbrooki,2,5764,-36,-72,81.12037037,71.27777863,4.391394707,6,3290.497922
Gambusia holbrooki,2,5764,-36,-72,81.12037037,71.27777863,4.391394707,6,3290.497922
Gambusia holbrooki,2,5764,-36,-72,81.12037037,71.27777863,4.391394707,6,3290.497922
Gambusia holbrooki,2,5764,-36,-72,81.12037037,71.27777863,4.391394707,6,3290.497922
Gambusia holbrooki,2,5764,-36,-72,81.12037037,71.27777863,4.391394707,6,3290.497922
Gambusia holbrooki,3,1608,-38,-73,87.00401606,100.1915891,1,5,154.1941464
Gambusia holbrooki,2,2751,-34,-71,352.85,50.49393827,3.9829068,6,165.4004226
Gambusia holbrooki,2,5717,-36,-72,89.8125,73.93333588,3.637341519,6,3290.497922
Gambusia holbrooki,3,1608,-38,-73,87.00401606,100.1915891,1,5,154.1941464
Gambusia holbrooki,2,2751,-34,-71,352.85,50.49393827,3.9829068,6,165.4004226
Gambusia holbrooki,4,6187,-35,-72,34.48484848,70.86666718,4.428001112,7,5570.866652
Gambusia holbrooki,1,6150,-35,-72,54.2,70.59523664,6.287205955,5,1275.259419
Gambusia holbrooki,1,1525,-37,-73,75.06299213,103.4748428,1.291669373,6,3526.717392
Gambusia holbrooki,2,2751,-34,-71,352.85,50.49393827,3.9829068,6,165.4004226
Gambusia holbrooki,2,5993,-36,-72,99.35238095,70.95833333,2.351056413,6,1160.414781
Gambusia holbrooki,3,1608,-38,-73,87.00401606,100.1915891,1,5,154.1941464
Gambusia holbrooki,2,2751,-34,-71,352.85,50.49393827,3.9829068,6,165.4004226
Gambusia holbrooki,2,2751,-34,-71,352.85,50.49393827,3.9829068,6,165.4004226
Gambusia holbrooki,2,2751,-34,-71,352.85,50.49393827,3.9829068,6,165.4004226
Gambusia holbrooki,2,2751,-34,-71,352.85,50.49393827,3.9829068,6,165.4004226
Gambusia holbrooki,4,1525,-37,-73,75.06299213,103.4748428,1.291669373,6,3526.717392
Gambusia holbrooki,3,1608,-38,-73,87.00401606,100.1915891,1,5,154.1941464
Gambusia holbrooki,3,1608,-38,-73,87.00401606,100.1915891,1,5,154.1941464
Gambusia holbrooki,3,1608,-38,-73,87.00401606,100.1915891,1,5,154.1941464
Gambusia holbrooki,1,1524,-37,-73,74.05737705,102.6450002,1.207989798,6,3526.717392
Gambusia holbrooki,3,1608,-38,-73,87.00401606,100.1915891,1,5,154.1941464
Gambusia holbrooki,3,1608,-38,-73,87.00401606,100.1915891,1,5,154.1941464
Gambusia holbrooki,2,5764,-36,-72,81.12037037,71.27777863,4.391394707,6,3290.497922
Gambusia holbrooki,3,5372,-35,-72,28.65137615,69.65,4.354146694,7,5570.866652
Gambusia holbrooki,3,644,-37,-72,165.7529412,94.2245101,4.587652144,3,656.0660846
Gambusia holbrooki,2,5993,-36,-72,99.35238095,70.95833333,2.351056413,6,1160.414781
Gambusia holbrooki,4,6187,-35,-72,34.48484848,70.86666718,4.428001112,7,5570.866652
Gambusia holbrooki,2,3708,-35,-71,146.7207207,64.8333346,2.378894906,6,1544.312195
Gambusia holbrooki,1,1524,-37,-73,74.05737705,102.6450002,1.207989798,6,3526.717392
Gambusia holbrooki,2,3708,-35,-71,146.7207207,64.8333346,2.378894906,6,1544.312195
Gambusia holbrooki,2,2751,-34,-71,352.85,50.49393827,3.9829068,6,165.4004226
Gambusia holbrooki,2,2751,-34,-71,352.85,50.49393827,3.9829068,6,165.4004226
Gambusia holbrooki,3,5372,-35,-72,28.65137615,69.65,4.354146694,7,5570.866652
Gambusia holbrooki,3,1608,-38,-73,87.00401606,100.1915891,1,5,154.1941464
Gambusia holbrooki,3,1608,-38,-73,87.00401606,100.1915891,1,5,154.1941464
Gambusia holbrooki,2,5993,-36,-72,99.35238095,70.95833333,2.351056413,6,1160.414781
Gambusia holbrooki,1,1525,-37,-73,75.06299213,103.4748428,1.291669373,6,3526.717392
Gambusia holbrooki,4,1525,-37,-73,75.06299213,103.4748428,1.291669373,6,3526.717392
Gambusia holbrooki,2,5717,-36,-72,89.8125,73.93333588,3.637341519,6,3290.497922
Gambusia holbrooki,3,644,-37,-72,165.7529412,94.2245101,4.587652144,3,656.0660846
Gambusia holbrooki,2,5717,-36,-72,89.8125,73.93333588,3.637341519,6,3290.497922
Gambusia holbrooki,3,5372,-35,-72,28.65137615,69.65,4.354146694,7,5570.866652
Gambusia holbrooki,3,1608,-38,-73,87.00401606,100.1915891,1,5,154.1941464
Gambusia holbrooki,3,1608,-38,-73,87.00401606,100.1915891,1,5,154.1941464
Gambusia holbrooki,3,818,-37,-72,163.8802083,91.6588527,3.600447729,5,955.1016828
Gambusia holbrooki,3,1608,-38,-73,87.00401606,100.1915891,1,5,154.1941464
Gambusia holbrooki,2,2751,-34,-71,352.85,50.49393827,3.9829068,6,165.4004226
Gambusia holbrooki,3,1608,-38,-73,87.00401606,100.1915891,1,5,154.1941464
Gambusia holbrooki,3,5372,-35,-72,28.65137615,69.65,4.354146694,7,5570.866652
Gambusia holbrooki,2,5764,-36,-72,81.12037037,71.27777863,4.391394707,6,3290.497922
Gambusia holbrooki,2,2751,-34,-71,352.85,50.49393827,3.9829068,6,165.4004226
Gambusia holbrooki,1,1525,-37,-73,75.06299213,103.4748428,1.291669373,6,3526.717392
Gambusia holbrooki,2,2751,-34,-71,352.85,50.49393827,3.9829068,6,165.4004226
Gambusia holbrooki,2,5764,-36,-72,81.12037037,71.27777863,4.391394707,6,3290.497922
Gambusia holbrooki,3,5372,-35,-72,28.65137615,69.65,4.354146694,7,5570.866652
Gambusia holbrooki,3,1608,-38,-73,87.00401606,100.1915891,1,5,154.1941464
Gambusia holbrooki,2,5764,-36,-72,81.12037037,71.27777863,4.391394707,6,3290.497922
Gambusia holbrooki,3,1608,-38,-73,87.00401606,100.1915891,1,5,154.1941464
Gambusia holbrooki,2,5993,-36,-72,99.35238095,70.95833333,2.351056413,6,1160.414781
Gambusia holbrooki,1,1525,-37,-73,75.06299213,103.4748428,1.291669373,6,3526.717392
Gambusia holbrooki,3,1608,-38,-73,87.00401606,100.1915891,1,5,154.1941464
Gambusia holbrooki,2,3708,-35,-71,146.7207207,64.8333346,2.378894906,6,1544.312195
Gambusia holbrooki,3,1608,-38,-73,87.00401606,100.1915891,1,5,154.1941464
Gambusia holbrooki,3,1608,-38,-73,87.00401606,100.1915891,1,5,154.1941464
Gambusia holbrooki,3,1608,-38,-73,87.00401606,100.1915891,1,5,154.1941464
Gambusia holbrooki,2,5993,-36,-72,99.35238095,70.95833333,2.351056413,6,1160.414781
Gambusia holbrooki,3,5372,-35,-72,28.65137615,69.65,4.354146694,7,5570.866652
Gambusia holbrooki,2,5764,-36,-72,81.12037037,71.27777863,4.391394707,6,3290.497922
Gambusia holbrooki,2,2751,-34,-71,352.85,50.49393827,3.9829068,6,165.4004226
Gambusia holbrooki,1,1524,-37,-73,74.05737705,102.6450002,1.207989798,6,3526.717392
Gambusia holbrooki,2,1933,-37,-72,178.921875,105.1404316,4.258407648,5,967.7092813
Gambusia holbrooki,2,5993,-36,-72,99.35238095,70.95833333,2.351056413,6,1160.414781
Gambusia holbrooki,2,5764,-36,-72,81.12037037,71.27777863,4.391394707,6,3290.497922
Gambusia holbrooki,3,5372,-35,-72,28.65137615,69.65,4.354146694,7,5570.866652
Gambusia holbrooki,2,5764,-36,-72,81.12037037,71.27777863,4.391394707,6,3290.497922
Gambusia holbrooki,2,5764,-36,-72,81.12037037,71.27777863,4.391394707,6,3290.497922
Gambusia holbrooki,3,1608,-38,-73,87.00401606,100.1915891,1,5,154.1941464
Gambusia holbrooki,3,818,-37,-72,163.8802083,91.6588527,3.600447729,5,955.1016828
Gambusia holbrooki,2,5717,-36,-72,89.8125,73.93333588,3.637341519,6,3290.497922
Gambusia holbrooki,1,1525,-37,-73,75.06299213,103.4748428,1.291669373,6,3526.717392
Gambusia holbrooki,3,1608,-38,-73,87.00401606,100.1915891,1,5,154.1941464
Gambusia holbrooki,3,1608,-38,-73,87.00401606,100.1915891,1,5,154.1941464
Gambusia holbrooki,2,5993,-36,-72,99.35238095,70.95833333,2.351056413,6,1160.414781
Gambusia holbrooki,3,1608,-38,-73,87.00401606,100.1915891,1,5,154.1941464
Gambusia holbrooki,3,5372,-35,-72,28.65137615,69.65,4.354146694,7,5570.866652
Gambusia holbrooki,3,5372,-35,-72,28.65137615,69.65,4.354146694,7,5570.866652
Gambusia holbrooki,2,5764,-36,-72,81.12037037,71.27777863,4.391394707,6,3290.497922
Gambusia holbrooki,2,5717,-36,-72,89.8125,73.93333588,3.637341519,6,3290.497922
Gambusia holbrooki,2,5764,-36,-72,81.12037037,71.27777863,4.391394707,6,3290.497922
Gambusia holbrooki,2,5764,-36,-72,81.12037037,71.27777863,4.391394707,6,3290.497922
Gambusia holbrooki,2,5764,-36,-72,81.12037037,71.27777863,4.391394707,6,3290.497922
Gambusia holbrooki,2,5993,-36,-72,99.35238095,70.95833333,2.351056413,6,1160.414781
Gambusia holbrooki,2,5993,-36,-72,99.35238095,70.95833333,2.351056413,6,1160.414781
Gambusia holbrooki,3,818,-37,-72,163.8802083,91.6588527,3.600447729,5,955.1016828
Gambusia holbrooki,4,1525,-37,-73,75.06299213,103.4748428,1.291669373,6,3526.717392
Gambusia holbrooki,3,644,-37,-72,165.7529412,94.2245101,4.587652144,3,656.0660846
Gambusia holbrooki,3,1608,-38,-73,87.00401606,100.1915891,1,5,154.1941464
Gambusia holbrooki,3,1608,-38,-73,87.00401606,100.1915891,1,5,154.1941464
Gambusia holbrooki,3,1608,-38,-73,87.00401606,100.1915891,1,5,154.1941464
Gambusia holbrooki,2,5764,-36,-72,81.12037037,71.27777863,4.391394707,6,3290.497922
Gambusia holbrooki,1,1525,-37,-73,75.06299213,103.4748428,1.291669373,6,3526.717392
Gambusia holbrooki,2,5993,-36,-72,99.35238095,70.95833333,2.351056413,6,1160.414781
Gambusia holbrooki,2,5993,-36,-72,99.35238095,70.95833333,2.351056413,6,1160.414781
Gambusia holbrooki,3,5372,-35,-72,28.65137615,69.65,4.354146694,7,5570.866652
Gambusia holbrooki,3,5372,-35,-72,28.65137615,69.65,4.354146694,7,5570.866652
Gambusia holbrooki,3,1608,-38,-73,87.00401606,100.1915891,1,5,154.1941464
Gambusia holbrooki,2,5764,-36,-72,81.12037037,71.27777863,4.391394707,6,3290.497922
Gambusia holbrooki,2,5764,-36,-72,81.12037037,71.27777863,4.391394707,6,3290.497922
Gambusia holbrooki,3,5372,-35,-72,28.65137615,69.65,4.354146694,7,5570.866652
Gambusia holbrooki,2,5764,-36,-72,81.12037037,71.27777863,4.391394707,6,3290.497922
Gambusia holbrooki,2,5764,-36,-72,81.12037037,71.27777863,4.391394707,6,3290.497922
Gambusia holbrooki,3,5372,-35,-72,28.65137615,69.65,4.354146694,7,5570.866652
Gambusia holbrooki,3,818,-37,-72,163.8802083,91.6588527,3.600447729,5,955.1016828
Gambusia holbrooki,2,5764,-36,-72,81.12037037,71.27777863,4.391394707,6,3290.497922
Gambusia holbrooki,2,5764,-36,-72,81.12037037,71.27777863,4.391394707,6,3290.497922
Gambusia holbrooki,3,5372,-35,-72,28.65137615,69.65,4.354146694,7,5570.866652
Gambusia holbrooki,3,1608,-38,-73,87.00401606,100.1915891,1,5,154.1941464
Gambusia holbrooki,2,5993,-36,-72,99.35238095,70.95833333,2.351056413,6,1160.414781
Gambusia holbrooki,3,5372,-35,-72,28.65137615,69.65,4.354146694,7,5570.866652
Gambusia holbrooki,3,5372,-35,-72,28.65137615,69.65,4.354146694,7,5570.866652
Gambusia holbrooki,3,5372,-35,-72,28.65137615,69.65,4.354146694,7,5570.866652
Gambusia holbrooki,3,1608,-38,-73,87.00401606,100.1915891,1,5,154.1941464
Gambusia holbrooki,2,5764,-36,-72,81.12037037,71.27777863,4.391394707,6,3290.497922
Gambusia holbrooki,3,5372,-35,-72,28.65137615,69.65,4.354146694,7,5570.866652
Gambusia holbrooki,3,1608,-38,-73,87.00401606,100.1915891,1,5,154.1941464
Gambusia holbrooki,3,1608,-38,-73,87.00401606,100.1915891,1,5,154.1941464
Gambusia holbrooki,3,1608,-38,-73,87.00401606,100.1915891,1,5,154.1941464
Geotria australis,3,5243,-39,-72,134,134.3333333,3.894006396,5,628.0236726
Geotria australis,1,6733,-39,-73,86.61666667,134.1309531,6.433685386,6,2359.225673
Geotria australis,3,5243,-39,-72,134,134.3333333,3.894006396,5,628.0236726
Geotria australis,3,5243,-39,-72,134,134.3333333,3.894006396,5,628.0236726
Geotria australis,1,6733,-39,-73,86.61666667,134.1309531,6.433685386,6,2359.225673
Geotria australis,3,8538,-40,-73,45.85964912,187.1979198,11.39652594,3,971.5374943
Geotria australis,3,5243,-39,-72,134,134.3333333,3.894006396,5,628.0236726
Geotria australis,1,6733,-39,-73,86.61666667,134.1309531,6.433685386,6,2359.225673
Geotria australis,2,8530,-40,-73,110.9545455,194.9500031,25.84003993,3,971.5374943
Geotria australis,1,6733,-39,-73,86.61666667,134.1309531,6.433685386,6,2359.225673
Geotria australis,3,8538,-40,-73,45.85964912,187.1979198,11.39652594,3,971.5374943
Geotria australis,3,5243,-39,-72,134,134.3333333,3.894006396,5,628.0236726
Geotria australis,3,8531,-40,-73,101.7017544,194.25,19.25817239,3,971.5374943
Geotria australis,2,8530,-40,-73,110.9545455,194.9500031,25.84003993,3,971.5374943
Geotria australis,2,8531,-40,-73,101.7017544,194.25,19.25817239,3,971.5374943
Geotria australis,4,4535,-39,-73,70.40178571,98.70238277,3.160259271,5,1745.722088
Geotria australis,3,5243,-39,-72,134,134.3333333,3.894006396,5,628.0236726
Geotria australis,3,8538,-40,-73,45.85964912,187.1979198,11.39652594,3,971.5374943
Geotria australis,3,8531,-40,-73,101.7017544,194.25,19.25817239,3,971.5374943
Geotria australis,3,5243,-39,-72,134,134.3333333,3.894006396,5,628.0236726
Geotria australis,2,8530,-40,-73,110.9545455,194.9500031,25.84003993,3,971.5374943
Geotria australis,3,8538,-40,-73,45.85964912,187.1979198,11.39652594,3,971.5374943
Geotria australis,3,8531,-40,-73,101.7017544,194.25,19.25817239,3,971.5374943
Geotria australis,2,8536,-40,-73,50.04424779,189.2916641,13.57040073,3,971.5374943
Geotria australis,4,644,-37,-72,165.7529412,94.2245101,4.587652144,3,656.0660846
Geotria australis,4,644,-37,-72,165.7529412,94.2245101,4.587652144,3,656.0660846
Geotria australis,4,4535,-39,-73,70.40178571,98.70238277,3.160259271,5,1745.722088
Geotria australis,4,644,-37,-72,165.7529412,94.2245101,4.587652144,3,656.0660846
Geotria australis,4,4535,-39,-73,70.40178571,98.70238277,3.160259271,5,1745.722088
Geotria australis,3,8538,-40,-73,45.85964912,187.1979198,11.39652594,3,971.5374943
Geotria australis,2,8536,-40,-73,50.04424779,189.2916641,13.57040073,3,971.5374943
Geotria australis,2,8539,-40,-73,44.54807692,186.6944453,11.19482029,3,971.5374943
Geotria australis,3,8536,-40,-73,50.04424779,189.2916641,13.57040073,3,971.5374943
Geotria australis,3,8538,-40,-73,45.85964912,187.1979198,11.39652594,3,971.5374943
Geotria australis,3,8536,-40,-73,50.04424779,189.2916641,13.57040073,3,971.5374943
Geotria australis,4,4535,-39,-73,70.40178571,98.70238277,3.160259271,5,1745.722088
Geotria australis,2,8538,-40,-73,45.85964912,187.1979198,11.39652594,3,971.5374943
Geotria australis,4,4535,-39,-73,70.40178571,98.70238277,3.160259271,5,1745.722088
Geotria australis,2,8538,-40,-73,45.85964912,187.1979198,11.39652594,3,971.5374943
Geotria australis,3,5243,-39,-72,134,134.3333333,3.894006396,5,628.0236726
Geotria australis,3,5243,-39,-72,134,134.3333333,3.894006396,5,628.0236726
Geotria australis,3,8531,-40,-73,101.7017544,194.25,19.25817239,3,971.5374943
Geotria australis,1,6733,-39,-73,86.61666667,134.1309531,6.433685386,6,2359.225673
Geotria australis,2,8536,-40,-73,50.04424779,189.2916641,13.57040073,3,971.5374943
Geotria australis,3,5243,-39,-72,134,134.3333333,3.894006396,5,628.0236726
Geotria australis,3,5243,-39,-72,134,134.3333333,3.894006396,5,628.0236726
Geotria australis,3,8536,-40,-73,50.04424779,189.2916641,13.57040073,3,971.5374943
Geotria australis,3,5243,-39,-72,134,134.3333333,3.894006396,5,628.0236726
Geotria australis,3,1563,-38,-72,161.2708333,108.7996618,3.086832117,4,419.5884732
Geotria australis,3,5243,-39,-72,134,134.3333333,3.894006396,5,628.0236726
Geotria australis,2,8531,-40,-73,101.7017544,194.25,19.25817239,3,971.5374943
Geotria australis,3,5243,-39,-72,134,134.3333333,3.894006396,5,628.0236726
Geotria australis,4,644,-37,-72,165.7529412,94.2245101,4.587652144,3,656.0660846
Geotria australis,3,8531,-40,-73,101.7017544,194.25,19.25817239,3,971.5374943
Geotria australis,3,8538,-40,-73,45.85964912,187.1979198,11.39652594,3,971.5374943
Geotria australis,4,4535,-39,-73,70.40178571,98.70238277,3.160259271,5,1745.722088
Geotria australis,2,8538,-40,-73,45.85964912,187.1979198,11.39652594,3,971.5374943
Geotria australis,2,8538,-40,-73,45.85964912,187.1979198,11.39652594,3,971.5374943
Geotria australis,3,5243,-39,-72,134,134.3333333,3.894006396,5,628.0236726
Geotria australis,3,5243,-39,-72,134,134.3333333,3.894006396,5,628.0236726
Geotria australis,3,8531,-40,-73,101.7017544,194.25,19.25817239,3,971.5374943
Geotria australis,3,5243,-39,-72,134,134.3333333,3.894006396,5,628.0236726
Geotria australis,3,5243,-39,-72,134,134.3333333,3.894006396,5,628.0236726
Geotria australis,3,8536,-40,-73,50.04424779,189.2916641,13.57040073,3,971.5374943
Geotria australis,2,8538,-40,-73,45.85964912,187.1979198,11.39652594,3,971.5374943
Geotria australis,2,8538,-40,-73,45.85964912,187.1979198,11.39652594,3,971.5374943
Geotria australis,3,5243,-39,-72,134,134.3333333,3.894006396,5,628.0236726
Geotria australis,1,6733,-39,-73,86.61666667,134.1309531,6.433685386,6,2359.225673
Geotria australis,2,6775,-39,-73,91.29090909,139.761904,7.73398954,4,195.4099444
Geotria australis,1,8526,-40,-72,244.7747748,194.3125019,7.668742135,3,971.5374943
Geotria australis,3,5243,-39,-72,134,134.3333333,3.894006396,5,628.0236726
Geotria australis,3,8536,-40,-73,50.04424779,189.2916641,13.57040073,3,971.5374943
Geotria australis,3,8530,-40,-73,110.9545455,194.9500031,25.84003993,3,971.5374943
Geotria australis,3,5243,-39,-72,134,134.3333333,3.894006396,5,628.0236726
Geotria australis,3,5243,-39,-72,134,134.3333333,3.894006396,5,628.0236726
Geotria australis,1,6733,-39,-73,86.61666667,134.1309531,6.433685386,6,2359.225673
Geotria australis,3,8538,-40,-73,45.85964912,187.1979198,11.39652594,3,971.5374943
Geotria australis,2,6775,-39,-73,91.29090909,139.761904,7.73398954,4,195.4099444
Geotria australis,2,8532,-40,-73,86.31818182,192.6666667,18.40214676,3,971.5374943
Geotria australis,2,8536,-40,-73,50.04424779,189.2916641,13.57040073,3,971.5374943
Geotria australis,3,8536,-40,-73,50.04424779,189.2916641,13.57040073,3,971.5374943
Geotria australis,1,8536,-40,-73,50.04424779,189.2916641,13.57040073,3,971.5374943
Geotria australis,3,5243,-39,-72,134,134.3333333,3.894006396,5,628.0236726
Geotria australis,3,8531,-40,-73,101.7017544,194.25,19.25817239,3,971.5374943
Geotria australis,3,8538,-40,-73,45.85964912,187.1979198,11.39652594,3,971.5374943
Geotria australis,3,5243,-39,-72,134,134.3333333,3.894006396,5,628.0236726
Geotria australis,3,8538,-40,-73,45.85964912,187.1979198,11.39652594,3,971.5374943
Geotria australis,2,8538,-40,-73,45.85964912,187.1979198,11.39652594,3,971.5374943
Geotria australis,3,8530,-40,-73,110.9545455,194.9500031,25.84003993,3,971.5374943
Geotria australis,2,8538,-40,-73,45.85964912,187.1979198,11.39652594,3,971.5374943
Geotria australis,2,8536,-40,-73,50.04424779,189.2916641,13.57040073,3,971.5374943
Geotria australis,1,6733,-39,-73,86.61666667,134.1309531,6.433685386,6,2359.225673
Geotria australis,1,6733,-39,-73,86.61666667,134.1309531,6.433685386,6,2359.225673
Geotria australis,4,4535,-39,-73,70.40178571,98.70238277,3.160259271,5,1745.722088
Geotria australis,3,5243,-39,-72,134,134.3333333,3.894006396,5,628.0236726
Geotria australis,3,5243,-39,-72,134,134.3333333,3.894006396,5,628.0236726
Geotria australis,3,5243,-39,-72,134,134.3333333,3.894006396,5,628.0236726
Geotria australis,3,5243,-39,-72,134,134.3333333,3.894006396,5,628.0236726
Geotria australis,2,8538,-40,-73,45.85964912,187.1979198,11.39652594,3,971.5374943
Geotria australis,1,8538,-40,-73,45.85964912,187.1979198,11.39652594,3,971.5374943
Geotria australis,2,8538,-40,-73,45.85964912,187.1979198,11.39652594,3,971.5374943
Geotria australis,1,6733,-39,-73,86.61666667,134.1309531,6.433685386,6,2359.225673
Geotria australis,1,6733,-39,-73,86.61666667,134.1309531,6.433685386,6,2359.225673
Geotria australis,3,5243,-39,-72,134,134.3333333,3.894006396,5,628.0236726
Geotria australis,3,5243,-39,-72,134,134.3333333,3.894006396,5,628.0236726
Geotria australis,3,8538,-40,-73,45.85964912,187.1979198,11.39652594,3,971.5374943
Geotria australis,3,8536,-40,-73,50.04424779,189.2916641,13.57040073,3,971.5374943
Geotria australis,4,4535,-39,-73,70.40178571,98.70238277,3.160259271,5,1745.722088
Geotria australis,2,6775,-39,-73,91.29090909,139.761904,7.73398954,4,195.4099444
Geotria australis,3,5243,-39,-72,134,134.3333333,3.894006396,5,628.0236726
Geotria australis,3,5243,-39,-72,134,134.3333333,3.894006396,5,628.0236726
Geotria australis,4,4535,-39,-73,70.40178571,98.70238277,3.160259271,5,1745.722088
Geotria australis,3,8538,-40,-73,45.85964912,187.1979198,11.39652594,3,971.5374943
Geotria australis,3,8538,-40,-73,45.85964912,187.1979198,11.39652594,3,971.5374943
Geotria australis,3,8530,-40,-73,110.9545455,194.9500031,25.84003993,3,971.5374943
Geotria australis,3,8536,-40,-73,50.04424779,189.2916641,13.57040073,3,971.5374943
Geotria australis,3,5243,-39,-72,134,134.3333333,3.894006396,5,628.0236726
Geotria australis,3,5243,-39,-72,134,134.3333333,3.894006396,5,628.0236726
Geotria australis,3,5243,-39,-72,134,134.3333333,3.894006396,5,628.0236726
Geotria australis,2,8531,-40,-73,101.7017544,194.25,19.25817239,3,971.5374943
Geotria australis,3,644,-37,-72,165.7529412,94.2245101,4.587652144,3,656.0660846
Geotria australis,2,8538,-40,-73,45.85964912,187.1979198,11.39652594,3,971.5374943
Geotria australis,2,8538,-40,-73,45.85964912,187.1979198,11.39652594,3,971.5374943
Geotria australis,3,5243,-39,-72,134,134.3333333,3.894006396,5,628.0236726
Geotria australis,3,8536,-40,-73,50.04424779,189.2916641,13.57040073,3,971.5374943
Geotria australis,3,8538,-40,-73,45.85964912,187.1979198,11.39652594,3,971.5374943
Geotria australis,3,5243,-39,-72,134,134.3333333,3.894006396,5,628.0236726
Geotria australis,1,8507,-40,-73,38.5,185.2833344,2.664263362,4,971.5374943
Geotria australis,2,8538,-40,-73,45.85964912,187.1979198,11.39652594,3,971.5374943
Geotria australis,1,8536,-40,-73,50.04424779,189.2916641,13.57040073,3,971.5374943
Geotria australis,3,5243,-39,-72,134,134.3333333,3.894006396,5,628.0236726
Geotria australis,3,8538,-40,-73,45.85964912,187.1979198,11.39652594,3,971.5374943
Geotria australis,3,1563,-38,-72,161.2708333,108.7996618,3.086832117,4,419.5884732
Geotria australis,2,8538,-40,-73,45.85964912,187.1979198,11.39652594,3,971.5374943
Geotria australis,2,6775,-39,-73,91.29090909,139.761904,7.73398954,4,195.4099444
Geotria australis,3,5243,-39,-72,134,134.3333333,3.894006396,5,628.0236726
Geotria australis,3,8530,-40,-73,110.9545455,194.9500031,25.84003993,3,971.5374943
Geotria australis,1,8507,-40,-73,38.5,185.2833344,2.664263362,4,971.5374943
Geotria australis,2,8538,-40,-73,45.85964912,187.1979198,11.39652594,3,971.5374943
Geotria australis,3,5243,-39,-72,134,134.3333333,3.894006396,5,628.0236726
Geotria australis,3,8536,-40,-73,50.04424779,189.2916641,13.57040073,3,971.5374943
Geotria australis,3,8538,-40,-73,45.85964912,187.1979198,11.39652594,3,971.5374943
Geotria australis,3,1563,-38,-72,161.2708333,108.7996618,3.086832117,4,419.5884732
Geotria australis,1,8532,-40,-73,86.31818182,192.6666667,18.40214676,3,971.5374943
Geotria australis,2,8538,-40,-73,45.85964912,187.1979198,11.39652594,3,971.5374943
Geotria australis,1,8536,-40,-73,50.04424779,189.2916641,13.57040073,3,971.5374943
Geotria australis,2,8538,-40,-73,45.85964912,187.1979198,11.39652594,3,971.5374943
Geotria australis,2,6775,-39,-73,91.29090909,139.761904,7.73398954,4,195.4099444
Geotria australis,3,5243,-39,-72,134,134.3333333,3.894006396,5,628.0236726
Geotria australis,2,8532,-40,-73,86.31818182,192.6666667,18.40214676,3,971.5374943
Geotria australis,3,8538,-40,-73,45.85964912,187.1979198,11.39652594,3,971.5374943
Geotria australis,2,8538,-40,-73,45.85964912,187.1979198,11.39652594,3,971.5374943
Geotria australis,2,8538,-40,-73,45.85964912,187.1979198,11.39652594,3,971.5374943
Geotria australis,3,5243,-39,-72,134,134.3333333,3.894006396,5,628.0236726
Geotria australis,3,8538,-40,-73,45.85964912,187.1979198,11.39652594,3,971.5374943
Geotria australis,3,8538,-40,-73,45.85964912,187.1979198,11.39652594,3,971.5374943
Geotria australis,3,8507,-40,-73,38.5,185.2833344,2.664263362,4,971.5374943
Geotria australis,3,8530,-40,-73,110.9545455,194.9500031,25.84003993,3,971.5374943
Geotria australis,2,8538,-40,-73,45.85964912,187.1979198,11.39652594,3,971.5374943
Geotria australis,1,8538,-40,-73,45.85964912,187.1979198,11.39652594,3,971.5374943
Geotria australis,3,5243,-39,-72,134,134.3333333,3.894006396,5,628.0236726
Geotria australis,3,1608,-38,-73,87.00401606,100.1915891,1,5,154.1941464
Geotria australis,3,5243,-39,-72,134,134.3333333,3.894006396,5,628.0236726
Geotria australis,3,8538,-40,-73,45.85964912,187.1979198,11.39652594,3,971.5374943
Geotria australis,3,1563,-38,-72,161.2708333,108.7996618,3.086832117,4,419.5884732
Geotria australis,2,8507,-40,-73,38.5,185.2833344,2.664263362,4,971.5374943
Geotria australis,1,6733,-39,-73,86.61666667,134.1309531,6.433685386,6,2359.225673
Geotria australis,2,8507,-40,-73,38.5,185.2833344,2.664263362,4,971.5374943
Geotria australis,2,8536,-40,-73,50.04424779,189.2916641,13.57040073,3,971.5374943
Geotria australis,3,8538,-40,-73,45.85964912,187.1979198,11.39652594,3,971.5374943
Geotria australis,3,5243,-39,-72,134,134.3333333,3.894006396,5,628.0236726
Geotria australis,3,8507,-40,-73,38.5,185.2833344,2.664263362,4,971.5374943
Geotria australis,2,8539,-40,-73,44.54807692,186.6944453,11.19482029,3,971.5374943
Geotria australis,2,8507,-40,-73,38.5,185.2833344,2.664263362,4,971.5374943
Geotria australis,2,8507,-40,-73,38.5,185.2833344,2.664263362,4,971.5374943
Geotria australis,3,8530,-40,-73,110.9545455,194.9500031,25.84003993,3,971.5374943
Geotria australis,1,8531,-40,-73,101.7017544,194.25,19.25817239,3,971.5374943
Geotria australis,2,8538,-40,-73,45.85964912,187.1979198,11.39652594,3,971.5374943
Geotria australis,3,8538,-40,-73,45.85964912,187.1979198,11.39652594,3,971.5374943
Geotria australis,3,5243,-39,-72,134,134.3333333,3.894006396,5,628.0236726
Geotria australis,2,8539,-40,-73,44.54807692,186.6944453,11.19482029,3,971.5374943
Geotria australis,2,8507,-40,-73,38.5,185.2833344,2.664263362,4,971.5374943
Geotria australis,2,8538,-40,-73,45.85964912,187.1979198,11.39652594,3,971.5374943
Geotria australis,2,8539,-40,-73,44.54807692,186.6944453,11.19482029,3,971.5374943
Geotria australis,3,1563,-38,-72,161.2708333,108.7996618,3.086832117,4,419.5884732
Geotria australis,3,8530,-40,-73,110.9545455,194.9500031,25.84003993,3,971.5374943
Geotria australis,3,1563,-38,-72,161.2708333,108.7996618,3.086832117,4,419.5884732
Geotria australis,3,1563,-38,-72,161.2708333,108.7996618,3.086832117,4,419.5884732
Geotria australis,1,8538,-40,-73,45.85964912,187.1979198,11.39652594,3,971.5374943
Geotria australis,4,4535,-39,-73,70.40178571,98.70238277,3.160259271,5,1745.722088
Geotria australis,3,1563,-38,-72,161.2708333,108.7996618,3.086832117,4,419.5884732
Geotria australis,1,6733,-39,-73,86.61666667,134.1309531,6.433685386,6,2359.225673
Geotria australis,2,8538,-40,-73,45.85964912,187.1979198,11.39652594,3,971.5374943
Geotria australis,2,8539,-40,-73,44.54807692,186.6944453,11.19482029,3,971.5374943
Geotria australis,2,8539,-40,-73,44.54807692,186.6944453,11.19482029,3,971.5374943
Geotria australis,3,1563,-38,-72,161.2708333,108.7996618,3.086832117,4,419.5884732
Geotria australis,3,1563,-38,-72,161.2708333,108.7996618,3.086832117,4,419.5884732
Geotria australis,2,8538,-40,-73,45.85964912,187.1979198,11.39652594,3,971.5374943
Geotria australis,3,1608,-38,-73,87.00401606,100.1915891,1,5,154.1941464
Geotria australis,2,8539,-40,-73,44.54807692,186.6944453,11.19482029,3,971.5374943
Geotria australis,3,8538,-40,-73,45.85964912,187.1979198,11.39652594,3,971.5374943
Geotria australis,3,8530,-40,-73,110.9545455,194.9500031,25.84003993,3,971.5374943
Geotria australis,3,644,-37,-72,165.7529412,94.2245101,4.587652144,3,656.0660846
Geotria australis,2,8536,-40,-73,50.04424779,189.2916641,13.57040073,3,971.5374943
Geotria australis,1,8538,-40,-73,45.85964912,187.1979198,11.39652594,3,971.5374943
Geotria australis,3,1563,-38,-72,161.2708333,108.7996618,3.086832117,4,419.5884732
Geotria australis,2,8538,-40,-73,45.85964912,187.1979198,11.39652594,3,971.5374943
Geotria australis,3,8536,-40,-73,50.04424779,189.2916641,13.57040073,3,971.5374943
Geotria australis,3,8538,-40,-73,45.85964912,187.1979198,11.39652594,3,971.5374943
Geotria australis,3,1563,-38,-72,161.2708333,108.7996618,3.086832117,4,419.5884732
Geotria australis,3,1563,-38,-72,161.2708333,108.7996618,3.086832117,4,419.5884732
Geotria australis,2,8538,-40,-73,45.85964912,187.1979198,11.39652594,3,971.5374943
Geotria australis,1,8536,-40,-73,50.04424779,189.2916641,13.57040073,3,971.5374943
Geotria australis,1,6733,-39,-73,86.61666667,134.1309531,6.433685386,6,2359.225673
Geotria australis,2,8538,-40,-73,45.85964912,187.1979198,11.39652594,3,971.5374943
Geotria australis,2,8539,-40,-73,44.54807692,186.6944453,11.19482029,3,971.5374943
Geotria australis,2,8536,-40,-73,50.04424779,189.2916641,13.57040073,3,971.5374943
Geotria australis,1,8507,-40,-73,38.5,185.2833344,2.664263362,4,971.5374943
Geotria australis,1,8538,-40,-73,45.85964912,187.1979198,11.39652594,3,971.5374943
Geotria australis,2,8538,-40,-73,45.85964912,187.1979198,11.39652594,3,971.5374943
Geotria australis,3,8538,-40,-73,45.85964912,187.1979198,11.39652594,3,971.5374943
Geotria australis,2,8539,-40,-73,44.54807692,186.6944453,11.19482029,3,971.5374943
Geotria australis,3,8538,-40,-73,45.85964912,187.1979198,11.39652594,3,971.5374943
Geotria australis,2,8538,-40,-73,45.85964912,187.1979198,11.39652594,3,971.5374943
Geotria australis,1,8536,-40,-73,50.04424779,189.2916641,13.57040073,3,971.5374943
Geotria australis,2,8536,-40,-73,50.04424779,189.2916641,13.57040073,3,971.5374943
Geotria australis,3,1563,-38,-72,161.2708333,108.7996618,3.086832117,4,419.5884732
Geotria australis,3,5243,-39,-72,134,134.3333333,3.894006396,5,628.0236726
Geotria australis,3,644,-37,-72,165.7529412,94.2245101,4.587652144,3,656.0660846
Geotria australis,2,8536,-40,-73,50.04424779,189.2916641,13.57040073,3,971.5374943
Geotria australis,1,8536,-40,-73,50.04424779,189.2916641,13.57040073,3,971.5374943
Geotria australis,3,8538,-40,-73,45.85964912,187.1979198,11.39652594,3,971.5374943
Geotria australis,3,5243,-39,-72,134,134.3333333,3.894006396,5,628.0236726
Geotria australis,2,8538,-40,-73,45.85964912,187.1979198,11.39652594,3,971.5374943
Geotria australis,3,8532,-40,-73,86.31818182,192.6666667,18.40214676,3,971.5374943
Geotria australis,2,6775,-39,-73,91.29090909,139.761904,7.73398954,4,195.4099444
Geotria australis,3,5243,-39,-72,134,134.3333333,3.894006396,5,628.0236726
Geotria australis,3,5243,-39,-72,134,134.3333333,3.894006396,5,628.0236726
Geotria australis,3,5243,-39,-72,134,134.3333333,3.894006396,5,628.0236726
Geotria australis,2,8536,-40,-73,50.04424779,189.2916641,13.57040073,3,971.5374943
Geotria australis,2,6775,-39,-73,91.29090909,139.761904,7.73398954,4,195.4099444
Geotria australis,2,8538,-40,-73,45.85964912,187.1979198,11.39652594,3,971.5374943
Geotria australis,3,1563,-38,-72,161.2708333,108.7996618,3.086832117,4,419.5884732
Geotria australis,2,8536,-40,-73,50.04424779,189.2916641,13.57040073,3,971.5374943
Geotria australis,3,8538,-40,-73,45.85964912,187.1979198,11.39652594,3,971.5374943
Geotria australis,3,5243,-39,-72,134,134.3333333,3.894006396,5,628.0236726
Geotria australis,2,8536,-40,-73,50.04424779,189.2916641,13.57040073,3,971.5374943
Geotria australis,3,8538,-40,-73,45.85964912,187.1979198,11.39652594,3,971.5374943
Geotria australis,2,6775,-39,-73,91.29090909,139.761904,7.73398954,4,195.4099444
Geotria australis,3,8538,-40,-73,45.85964912,187.1979198,11.39652594,3,971.5374943
Geotria australis,2,8536,-40,-73,50.04424779,189.2916641,13.57040073,3,971.5374943
Geotria australis,2,8538,-40,-73,45.85964912,187.1979198,11.39652594,3,971.5374943
Geotria australis,3,1563,-38,-72,161.2708333,108.7996618,3.086832117,4,419.5884732
Geotria australis,3,8538,-40,-73,45.85964912,187.1979198,11.39652594,3,971.5374943
Geotria australis,2,8538,-40,-73,45.85964912,187.1979198,11.39652594,3,971.5374943
Geotria australis,2,8538,-40,-73,45.85964912,187.1979198,11.39652594,3,971.5374943
Geotria australis,2,8536,-40,-73,50.04424779,189.2916641,13.57040073,3,971.5374943
Geotria australis,3,8532,-40,-73,86.31818182,192.6666667,18.40214676,3,971.5374943
Geotria australis,2,8536,-40,-73,50.04424779,189.2916641,13.57040073,3,971.5374943
Geotria australis,2,8538,-40,-73,45.85964912,187.1979198,11.39652594,3,971.5374943
Geotria australis,2,8536,-40,-73,50.04424779,189.2916641,13.57040073,3,971.5374943
Geotria australis,2,8536,-40,-73,50.04424779,189.2916641,13.57040073,3,971.5374943
Geotria australis,2,6775,-39,-73,91.29090909,139.761904,7.73398954,4,195.4099444
Geotria australis,3,5243,-39,-72,134,134.3333333,3.894006396,5,628.0236726
Geotria australis,2,8507,-40,-73,38.5,185.2833344,2.664263362,4,971.5374943
Geotria australis,3,8538,-40,-73,45.85964912,187.1979198,11.39652594,3,971.5374943
Geotria australis,1,6733,-39,-73,86.61666667,134.1309531,6.433685386,6,2359.225673
Geotria australis,1,6733,-39,-73,86.61666667,134.1309531,6.433685386,6,2359.225673
Geotria australis,2,6775,-39,-73,91.29090909,139.761904,7.73398954,4,195.4099444
Geotria australis,2,6775,-39,-73,91.29090909,139.761904,7.73398954,4,195.4099444
Geotria australis,2,8532,-40,-73,86.31818182,192.6666667,18.40214676,3,971.5374943
Geotria australis,2,8536,-40,-73,50.04424779,189.2916641,13.57040073,3,971.5374943
Geotria australis,2,8538,-40,-73,45.85964912,187.1979198,11.39652594,3,971.5374943
Geotria australis,3,5243,-39,-72,134,134.3333333,3.894006396,5,628.0236726
Geotria australis,2,8536,-40,-73,50.04424779,189.2916641,13.57040073,3,971.5374943
Geotria australis,2,8538,-40,-73,45.85964912,187.1979198,11.39652594,3,971.5374943
Geotria australis,1,8530,-40,-73,110.9545455,194.9500031,25.84003993,3,971.5374943
Geotria australis,2,8538,-40,-73,45.85964912,187.1979198,11.39652594,3,971.5374943
Geotria australis,2,6775,-39,-73,91.29090909,139.761904,7.73398954,4,195.4099444
Geotria australis,3,8538,-40,-73,45.85964912,187.1979198,11.39652594,3,971.5374943
Geotria australis,3,8538,-40,-73,45.85964912,187.1979198,11.39652594,3,971.5374943
Geotria australis,2,6775,-39,-73,91.29090909,139.761904,7.73398954,4,195.4099444
Geotria australis,3,8532,-40,-73,86.31818182,192.6666667,18.40214676,3,971.5374943
Geotria australis,2,6775,-39,-73,91.29090909,139.761904,7.73398954,4,195.4099444
Geotria australis,3,5243,-39,-72,134,134.3333333,3.894006396,5,628.0236726
Geotria australis,2,6775,-39,-73,91.29090909,139.761904,7.73398954,4,195.4099444
Geotria australis,3,5243,-39,-72,134,134.3333333,3.894006396,5,628.0236726
Geotria australis,3,5243,-39,-72,134,134.3333333,3.894006396,5,628.0236726
Geotria australis,2,6775,-39,-73,91.29090909,139.761904,7.73398954,4,195.4099444
Geotria australis,3,1563,-38,-72,161.2708333,108.7996618,3.086832117,4,419.5884732
Geotria australis,1,8530,-40,-73,110.9545455,194.9500031,25.84003993,3,971.5374943
Geotria australis,2,6775,-39,-73,91.29090909,139.761904,7.73398954,4,195.4099444
Geotria australis,1,6733,-39,-73,86.61666667,134.1309531,6.433685386,6,2359.225673
Geotria australis,2,8538,-40,-73,45.85964912,187.1979198,11.39652594,3,971.5374943
Geotria australis,2,8532,-40,-73,86.31818182,192.6666667,18.40214676,3,971.5374943
Geotria australis,2,8538,-40,-73,45.85964912,187.1979198,11.39652594,3,971.5374943
Geotria australis,2,6775,-39,-73,91.29090909,139.761904,7.73398954,4,195.4099444
Geotria australis,2,8532,-40,-73,86.31818182,192.6666667,18.40214676,3,971.5374943
Geotria australis,2,8538,-40,-73,45.85964912,187.1979198,11.39652594,3,971.5374943
Geotria australis,2,8538,-40,-73,45.85964912,187.1979198,11.39652594,3,971.5374943
Geotria australis,2,8536,-40,-73,50.04424779,189.2916641,13.57040073,3,971.5374943
Geotria australis,2,8538,-40,-73,45.85964912,187.1979198,11.39652594,3,971.5374943
Geotria australis,3,8532,-40,-73,86.31818182,192.6666667,18.40214676,3,971.5374943
Geotria australis,3,5243,-39,-72,134,134.3333333,3.894006396,5,628.0236726
Geotria australis,3,5243,-39,-72,134,134.3333333,3.894006396,5,628.0236726
Geotria australis,2,8536,-40,-73,50.04424779,189.2916641,13.57040073,3,971.5374943
Geotria australis,2,6775,-39,-73,91.29090909,139.761904,7.73398954,4,195.4099444
Geotria australis,2,8538,-40,-73,45.85964912,187.1979198,11.39652594,3,971.5374943
Geotria australis,2,8532,-40,-73,86.31818182,192.6666667,18.40214676,3,971.5374943
Geotria australis,2,6775,-39,-73,91.29090909,139.761904,7.73398954,4,195.4099444
Geotria australis,3,5243,-39,-72,134,134.3333333,3.894006396,5,628.0236726
Geotria australis,2,8532,-40,-73,86.31818182,192.6666667,18.40214676,3,971.5374943
Geotria australis,2,8538,-40,-73,45.85964912,187.1979198,11.39652594,3,971.5374943
Geotria australis,3,5243,-39,-72,134,134.3333333,3.894006396,5,628.0236726
Geotria australis,2,6775,-39,-73,91.29090909,139.761904,7.73398954,4,195.4099444
Geotria australis,3,5243,-39,-72,134,134.3333333,3.894006396,5,628.0236726
Geotria australis,3,5243,-39,-72,134,134.3333333,3.894006396,5,628.0236726
Geotria australis,2,8538,-40,-73,45.85964912,187.1979198,11.39652594,3,971.5374943
Geotria australis,2,6775,-39,-73,91.29090909,139.761904,7.73398954,4,195.4099444
Geotria australis,2,8538,-40,-73,45.85964912,187.1979198,11.39652594,3,971.5374943
Geotria australis,3,5243,-39,-72,134,134.3333333,3.894006396,5,628.0236726
Geotria australis,3,5243,-39,-72,134,134.3333333,3.894006396,5,628.0236726
Geotria australis,3,5243,-39,-72,134,134.3333333,3.894006396,5,628.0236726
Geotria australis,2,8538,-40,-73,45.85964912,187.1979198,11.39652594,3,971.5374943
Hatcheria macraei,2,8507,-40,-73,38.5,185.2833344,2.664263362,4,971.5374943
Hatcheria macraei,2,8507,-40,-73,38.5,185.2833344,2.664263362,4,971.5374943
Hatcheria macraei,2,8507,-40,-73,38.5,185.2833344,2.664263362,4,971.5374943
Hatcheria macraei,2,8507,-40,-73,38.5,185.2833344,2.664263362,4,971.5374943
Hatcheria macraei,3,8507,-40,-73,38.5,185.2833344,2.664263362,4,971.5374943
Oncorhynchus mykiss,12,1918,-37,-72,338.9216418,111.7864594,2.509841725,5,967.7092813
Oncorhynchus mykiss,1,1353,-38,-72,357.6867925,140.7681836,6.289933997,4,3019.392631
Oncorhynchus mykiss,1,1349,-38,-72,455.9098039,148.4282426,27.06829148,3,3019.392631
Oncorhynchus mykiss,1,1353,-38,-72,357.6867925,140.7681836,6.289933997,4,3019.392631
Oncorhynchus mykiss,1,1349,-38,-72,455.9098039,148.4282426,27.06829148,3,3019.392631
Oncorhynchus mykiss,1,1353,-38,-72,357.6867925,140.7681836,6.289933997,4,3019.392631
Oncorhynchus mykiss,1,1349,-38,-72,455.9098039,148.4282426,27.06829148,3,3019.392631
Oncorhynchus mykiss,1,1349,-38,-72,455.9098039,148.4282426,27.06829148,3,3019.392631
Oncorhynchus mykiss,2,1917,-37,-72,354.5454545,112.3168151,3.603549118,5,967.7092813
Oncorhynchus mykiss,1,1349,-38,-72,455.9098039,148.4282426,27.06829148,3,3019.392631
Oncorhynchus mykiss,1,1172,-38,-72,256.4545455,122.4354573,1.286548742,6,3019.392631
Oncorhynchus mykiss,12,1918,-37,-72,338.9216418,111.7864594,2.509841725,5,967.7092813
Oncorhynchus mykiss,2,1919,-37,-72,325.7125984,112.264937,2.674051057,5,967.7092813
Oncorhynchus mykiss,12,1916,-37,-72,369.6431535,113.0148534,4.216141644,5,967.7092813
Oncorhynchus mykiss,1,1353,-38,-72,357.6867925,140.7681836,6.289933997,4,3019.392631
Oncorhynchus mykiss,1,1349,-38,-72,455.9098039,148.4282426,27.06829148,3,3019.392631
Oncorhynchus mykiss,1,1353,-38,-72,357.6867925,140.7681836,6.289933997,4,3019.392631
Oncorhynchus mykiss,1,1349,-38,-72,455.9098039,148.4282426,27.06829148,3,3019.392631
Oncorhynchus mykiss,2,8539,-40,-73,44.54807692,186.6944453,11.19482029,3,971.5374943
Oncorhynchus mykiss,1,1349,-38,-72,455.9098039,148.4282426,27.06829148,3,3019.392631
Oncorhynchus mykiss,3,1353,-38,-72,357.6867925,140.7681836,6.289933997,4,3019.392631
Oncorhynchus mykiss,12,1918,-37,-72,338.9216418,111.7864594,2.509841725,5,967.7092813
Oncorhynchus mykiss,12,1918,-37,-72,338.9216418,111.7864594,2.509841725,5,967.7092813
Oncorhynchus mykiss,1,1353,-38,-72,357.6867925,140.7681836,6.289933997,4,3019.392631
Oncorhynchus mykiss,1,1353,-38,-72,357.6867925,140.7681836,6.289933997,4,3019.392631
Oncorhynchus mykiss,1,1349,-38,-72,455.9098039,148.4282426,27.06829148,3,3019.392631
Oncorhynchus mykiss,1,1172,-38,-72,256.4545455,122.4354573,1.286548742,6,3019.392631
Oncorhynchus mykiss,3,1549,-38,-72,276.0629921,129.6355156,11.21314184,4,419.5884732
Oncorhynchus mykiss,1,1349,-38,-72,455.9098039,148.4282426,27.06829148,3,3019.392631
Oncorhynchus mykiss,1,1353,-38,-72,357.6867925,140.7681836,6.289933997,4,3019.392631
Oncorhynchus mykiss,1,1172,-38,-72,256.4545455,122.4354573,1.286548742,6,3019.392631
Oncorhynchus mykiss,3,5243,-39,-72,134,134.3333333,3.894006396,5,628.0236726
Oncorhynchus mykiss,2,1917,-37,-72,354.5454545,112.3168151,3.603549118,5,967.7092813
Oncorhynchus mykiss,4,1349,-38,-72,455.9098039,148.4282426,27.06829148,3,3019.392631
Oncorhynchus mykiss,1,1349,-38,-72,455.9098039,148.4282426,27.06829148,3,3019.392631
Oncorhynchus mykiss,2,8538,-40,-73,45.85964912,187.1979198,11.39652594,3,971.5374943
Oncorhynchus mykiss,1,1349,-38,-72,455.9098039,148.4282426,27.06829148,3,3019.392631
Oncorhynchus mykiss,2,1917,-37,-72,354.5454545,112.3168151,3.603549118,5,967.7092813
Oncorhynchus mykiss,2,6775,-39,-73,91.29090909,139.761904,7.73398954,4,195.4099444
Oncorhynchus mykiss,1,1349,-38,-72,455.9098039,148.4282426,27.06829148,3,3019.392631
Oncorhynchus mykiss,1,1342,-38,-72,366.6785714,158.8839576,5.299810607,6,3019.392631
Oncorhynchus mykiss,1,1342,-38,-72,366.6785714,158.8839576,5.299810607,6,3019.392631
Oncorhynchus mykiss,2,1917,-37,-72,354.5454545,112.3168151,3.603549118,5,967.7092813
Oncorhynchus mykiss,2,1917,-37,-72,354.5454545,112.3168151,3.603549118,5,967.7092813
Oncorhynchus mykiss,12,1916,-37,-72,369.6431535,113.0148534,4.216141644,5,967.7092813
Oncorhynchus mykiss,1,2067,-38,-72,264.8429119,123.1311731,1.984076042,6,3019.392631
Oncorhynchus mykiss,1,1172,-38,-72,256.4545455,122.4354573,1.286548742,6,3019.392631
Oncorhynchus mykiss,3,5243,-39,-72,134,134.3333333,3.894006396,5,628.0236726
Oncorhynchus mykiss,2,8531,-40,-73,101.7017544,194.25,19.25817239,3,971.5374943
Oncorhynchus mykiss,2,6775,-39,-73,91.29090909,139.761904,7.73398954,4,195.4099444
Oncorhynchus mykiss,1,2067,-38,-72,264.8429119,123.1311731,1.984076042,6,3019.392631
Oncorhynchus mykiss,2,1917,-37,-72,354.5454545,112.3168151,3.603549118,5,967.7092813
Oncorhynchus mykiss,1,8532,-40,-73,86.31818182,192.6666667,18.40214676,3,971.5374943
Oncorhynchus mykiss,12,1916,-37,-72,369.6431535,113.0148534,4.216141644,5,967.7092813
Oncorhynchus mykiss,1,8528,-40,-72,127.1551724,193.8472214,10.735122,3,971.5374943
Oncorhynchus mykiss,2,1917,-37,-72,354.5454545,112.3168151,3.603549118,5,967.7092813
Oncorhynchus mykiss,2,1917,-37,-72,354.5454545,112.3168151,3.603549118,5,967.7092813
Oncorhynchus mykiss,1,1349,-38,-72,455.9098039,148.4282426,27.06829148,3,3019.392631
Oncorhynchus mykiss,1,1349,-38,-72,455.9098039,148.4282426,27.06829148,3,3019.392631
Oncorhynchus mykiss,12,1916,-37,-72,369.6431535,113.0148534,4.216141644,5,967.7092813
Oncorhynchus mykiss,1,2067,-38,-72,264.8429119,123.1311731,1.984076042,6,3019.392631
Oncorhynchus mykiss,4,1349,-38,-72,455.9098039,148.4282426,27.06829148,3,3019.392631
Oncorhynchus mykiss,2,1917,-37,-72,354.5454545,112.3168151,3.603549118,5,967.7092813
Oncorhynchus mykiss,3,5243,-39,-72,134,134.3333333,3.894006396,5,628.0236726
Oncorhynchus mykiss,12,1918,-37,-72,338.9216418,111.7864594,2.509841725,5,967.7092813
Oncorhynchus mykiss,1,1349,-38,-72,455.9098039,148.4282426,27.06829148,3,3019.392631
Oncorhynchus mykiss,2,1919,-37,-72,325.7125984,112.264937,2.674051057,5,967.7092813
Oncorhynchus mykiss,4,1349,-38,-72,455.9098039,148.4282426,27.06829148,3,3019.392631
Oncorhynchus mykiss,1,8528,-40,-72,127.1551724,193.8472214,10.735122,3,971.5374943
Oncorhynchus mykiss,1,1349,-38,-72,455.9098039,148.4282426,27.06829148,3,3019.392631
Oncorhynchus mykiss,3,5243,-39,-72,134,134.3333333,3.894006396,5,628.0236726
Oncorhynchus mykiss,3,5243,-39,-72,134,134.3333333,3.894006396,5,628.0236726
Oncorhynchus mykiss,1,1172,-38,-72,256.4545455,122.4354573,1.286548742,6,3019.392631
Oncorhynchus mykiss,1,8528,-40,-72,127.1551724,193.8472214,10.735122,3,971.5374943
Oncorhynchus mykiss,12,1916,-37,-72,369.6431535,113.0148534,4.216141644,5,967.7092813
Oncorhynchus mykiss,2,1919,-37,-72,325.7125984,112.264937,2.674051057,5,967.7092813
Oncorhynchus mykiss,2,1916,-37,-72,369.6431535,113.0148534,4.216141644,5,967.7092813
Oncorhynchus mykiss,2,8531,-40,-73,101.7017544,194.25,19.25817239,3,971.5374943
Oncorhynchus mykiss,3,5243,-39,-72,134,134.3333333,3.894006396,5,628.0236726
Oncorhynchus mykiss,1,1353,-38,-72,357.6867925,140.7681836,6.289933997,4,3019.392631
Oncorhynchus mykiss,1,1172,-38,-72,256.4545455,122.4354573,1.286548742,6,3019.392631
Oncorhynchus mykiss,12,1918,-37,-72,338.9216418,111.7864594,2.509841725,5,967.7092813
Oncorhynchus mykiss,1,1353,-38,-72,357.6867925,140.7681836,6.289933997,4,3019.392631
Oncorhynchus mykiss,3,5243,-39,-72,134,134.3333333,3.894006396,5,628.0236726
Oncorhynchus mykiss,12,1918,-37,-72,338.9216418,111.7864594,2.509841725,5,967.7092813
Oncorhynchus mykiss,1,1349,-38,-72,455.9098039,148.4282426,27.06829148,3,3019.392631
Oncorhynchus mykiss,2,1916,-37,-72,369.6431535,113.0148534,4.216141644,5,967.7092813
Oncorhynchus mykiss,1,1349,-38,-72,455.9098039,148.4282426,27.06829148,3,3019.392631
Oncorhynchus mykiss,1,1349,-38,-72,455.9098039,148.4282426,27.06829148,3,3019.392631
Oncorhynchus mykiss,1,2067,-38,-72,264.8429119,123.1311731,1.984076042,6,3019.392631
Oncorhynchus mykiss,1,2067,-38,-72,264.8429119,123.1311731,1.984076042,6,3019.392631
Oncorhynchus mykiss,2,1919,-37,-72,325.7125984,112.264937,2.674051057,5,967.7092813
Oncorhynchus mykiss,1,1349,-38,-72,455.9098039,148.4282426,27.06829148,3,3019.392631
Oncorhynchus mykiss,2,1916,-37,-72,369.6431535,113.0148534,4.216141644,5,967.7092813
Oncorhynchus mykiss,2,8530,-40,-73,110.9545455,194.9500031,25.84003993,3,971.5374943
Oncorhynchus mykiss,12,1916,-37,-72,369.6431535,113.0148534,4.216141644,5,967.7092813
Oncorhynchus mykiss,12,1916,-37,-72,369.6431535,113.0148534,4.216141644,5,967.7092813
Oncorhynchus mykiss,3,5243,-39,-72,134,134.3333333,3.894006396,5,628.0236726
Oncorhynchus mykiss,12,1916,-37,-72,369.6431535,113.0148534,4.216141644,5,967.7092813
Oncorhynchus mykiss,12,1918,-37,-72,338.9216418,111.7864594,2.509841725,5,967.7092813
Oncorhynchus mykiss,1,1172,-38,-72,256.4545455,122.4354573,1.286548742,6,3019.392631
Oncorhynchus mykiss,2,6775,-39,-73,91.29090909,139.761904,7.73398954,4,195.4099444
Oncorhynchus mykiss,1,1353,-38,-72,357.6867925,140.7681836,6.289933997,4,3019.392631
Oncorhynchus mykiss,3,5243,-39,-72,134,134.3333333,3.894006396,5,628.0236726
Oncorhynchus mykiss,1,1172,-38,-72,256.4545455,122.4354573,1.286548742,6,3019.392631
Oncorhynchus mykiss,1,1172,-38,-72,256.4545455,122.4354573,1.286548742,6,3019.392631
Oncorhynchus mykiss,1,1349,-38,-72,455.9098039,148.4282426,27.06829148,3,3019.392631
Oncorhynchus mykiss,12,1917,-37,-72,354.5454545,112.3168151,3.603549118,5,967.7092813
Oncorhynchus mykiss,2,8530,-40,-73,110.9545455,194.9500031,25.84003993,3,971.5374943
Oncorhynchus mykiss,1,2067,-38,-72,264.8429119,123.1311731,1.984076042,6,3019.392631
Oncorhynchus mykiss,3,5243,-39,-72,134,134.3333333,3.894006396,5,628.0236726
Oncorhynchus mykiss,12,1918,-37,-72,338.9216418,111.7864594,2.509841725,5,967.7092813
Oncorhynchus mykiss,12,1907,-37,-72,551.5406504,121.6116509,2.011950759,5,967.7092813
Oncorhynchus mykiss,12,1917,-37,-72,354.5454545,112.3168151,3.603549118,5,967.7092813
Oncorhynchus mykiss,2,8531,-40,-73,101.7017544,194.25,19.25817239,3,971.5374943
Oncorhynchus mykiss,2,8531,-40,-73,101.7017544,194.25,19.25817239,3,971.5374943
Oncorhynchus mykiss,2,8531,-40,-73,101.7017544,194.25,19.25817239,3,971.5374943
Oncorhynchus mykiss,12,1907,-37,-72,551.5406504,121.6116509,2.011950759,5,967.7092813
Oncorhynchus mykiss,1,2067,-38,-72,264.8429119,123.1311731,1.984076042,6,3019.392631
Oncorhynchus mykiss,1,8539,-40,-73,44.54807692,186.6944453,11.19482029,3,971.5374943
Oncorhynchus mykiss,1,1353,-38,-72,357.6867925,140.7681836,6.289933997,4,3019.392631
Oncorhynchus mykiss,12,1918,-37,-72,338.9216418,111.7864594,2.509841725,5,967.7092813
Oncorhynchus mykiss,2,8538,-40,-73,45.85964912,187.1979198,11.39652594,3,971.5374943
Oncorhynchus mykiss,1,1353,-38,-72,357.6867925,140.7681836,6.289933997,4,3019.392631
Oncorhynchus mykiss,1,1353,-38,-72,357.6867925,140.7681836,6.289933997,4,3019.392631
Oncorhynchus mykiss,1,1349,-38,-72,455.9098039,148.4282426,27.06829148,3,3019.392631
Oncorhynchus mykiss,12,1918,-37,-72,338.9216418,111.7864594,2.509841725,5,967.7092813
Oncorhynchus mykiss,2,6775,-39,-73,91.29090909,139.761904,7.73398954,4,195.4099444
Oncorhynchus mykiss,2,1917,-37,-72,354.5454545,112.3168151,3.603549118,5,967.7092813
Oncorhynchus mykiss,3,8539,-40,-73,44.54807692,186.6944453,11.19482029,3,971.5374943
Oncorhynchus mykiss,1,1353,-38,-72,357.6867925,140.7681836,6.289933997,4,3019.392631
Oncorhynchus mykiss,1,1172,-38,-72,256.4545455,122.4354573,1.286548742,6,3019.392631
Oncorhynchus mykiss,2,1916,-37,-72,369.6431535,113.0148534,4.216141644,5,967.7092813
Oncorhynchus mykiss,2,6775,-39,-73,91.29090909,139.761904,7.73398954,4,195.4099444
Oncorhynchus mykiss,3,1353,-38,-72,357.6867925,140.7681836,6.289933997,4,3019.392631
Oncorhynchus mykiss,1,1353,-38,-72,357.6867925,140.7681836,6.289933997,4,3019.392631
Oncorhynchus mykiss,3,5243,-39,-72,134,134.3333333,3.894006396,5,628.0236726
Oncorhynchus mykiss,1,1524,-37,-73,74.05737705,102.6450002,1.207989798,6,3526.717392
Oncorhynchus mykiss,3,5243,-39,-72,134,134.3333333,3.894006396,5,628.0236726
Oncorhynchus mykiss,3,5243,-39,-72,134,134.3333333,3.894006396,5,628.0236726
Oncorhynchus mykiss,12,1918,-37,-72,338.9216418,111.7864594,2.509841725,5,967.7092813
Oncorhynchus mykiss,2,6775,-39,-73,91.29090909,139.761904,7.73398954,4,195.4099444
Oncorhynchus mykiss,1,1760,-38,-73,79.125,103.338334,1.344648499,6,6261.697266
Oncorhynchus mykiss,1,8528,-40,-72,127.1551724,193.8472214,10.735122,3,971.5374943
Oncorhynchus mykiss,2,1919,-37,-72,325.7125984,112.264937,2.674051057,5,967.7092813
Oncorhynchus mykiss,2,1917,-37,-72,354.5454545,112.3168151,3.603549118,5,967.7092813
Oncorhynchus mykiss,1,1349,-38,-72,455.9098039,148.4282426,27.06829148,3,3019.392631
Oncorhynchus mykiss,12,1919,-37,-72,325.7125984,112.264937,2.674051057,5,967.7092813
Oncorhynchus mykiss,2,8530,-40,-73,110.9545455,194.9500031,25.84003993,3,971.5374943
Oncorhynchus mykiss,4,1349,-38,-72,455.9098039,148.4282426,27.06829148,3,3019.392631
Oncorhynchus mykiss,1,1353,-38,-72,357.6867925,140.7681836,6.289933997,4,3019.392631
Oncorhynchus mykiss,12,1916,-37,-72,369.6431535,113.0148534,4.216141644,5,967.7092813
Oncorhynchus mykiss,1,8528,-40,-72,127.1551724,193.8472214,10.735122,3,971.5374943
Oncorhynchus mykiss,12,1907,-37,-72,551.5406504,121.6116509,2.011950759,5,967.7092813
Oncorhynchus mykiss,1,1353,-38,-72,357.6867925,140.7681836,6.289933997,4,3019.392631
Oncorhynchus mykiss,2,1917,-37,-72,354.5454545,112.3168151,3.603549118,5,967.7092813
Oncorhynchus mykiss,1,1349,-38,-72,455.9098039,148.4282426,27.06829148,3,3019.392631
Oncorhynchus mykiss,1,1349,-38,-72,455.9098039,148.4282426,27.06829148,3,3019.392631
Oncorhynchus mykiss,3,8539,-40,-73,44.54807692,186.6944453,11.19482029,3,971.5374943
Oncorhynchus mykiss,3,5243,-39,-72,134,134.3333333,3.894006396,5,628.0236726
Oncorhynchus mykiss,1,1760,-38,-73,79.125,103.338334,1.344648499,6,6261.697266
Oncorhynchus mykiss,3,5243,-39,-72,134,134.3333333,3.894006396,5,628.0236726
Oncorhynchus mykiss,3,5243,-39,-72,134,134.3333333,3.894006396,5,628.0236726
Oncorhynchus mykiss,1,1349,-38,-72,455.9098039,148.4282426,27.06829148,3,3019.392631
Oncorhynchus mykiss,1,8507,-40,-73,38.5,185.2833344,2.664263362,4,971.5374943
Oncorhynchus mykiss,2,8530,-40,-73,110.9545455,194.9500031,25.84003993,3,971.5374943
Oncorhynchus mykiss,1,1342,-38,-72,366.6785714,158.8839576,5.299810607,6,3019.392631
Oncorhynchus mykiss,3,5243,-39,-72,134,134.3333333,3.894006396,5,628.0236726
Oncorhynchus mykiss,1,1172,-38,-72,256.4545455,122.4354573,1.286548742,6,3019.392631
Oncorhynchus mykiss,1,1172,-38,-72,256.4545455,122.4354573,1.286548742,6,3019.392631
Oncorhynchus mykiss,1,7862,-34,-70,909.8095238,50.29166603,13.99677827,4,110.863717
Oncorhynchus mykiss,3,5243,-39,-72,134,134.3333333,3.894006396,5,628.0236726
Oncorhynchus mykiss,1,1353,-38,-72,357.6867925,140.7681836,6.289933997,4,3019.392631
Oncorhynchus mykiss,1,1349,-38,-72,455.9098039,148.4282426,27.06829148,3,3019.392631
Oncorhynchus mykiss,1,8507,-40,-73,38.5,185.2833344,2.664263362,4,971.5374943
Oncorhynchus mykiss,1,2063,-38,-72,290.1971831,129.7125486,1.974997731,6,3019.392631
Oncorhynchus mykiss,1,1353,-38,-72,357.6867925,140.7681836,6.289933997,4,3019.392631
Oncorhynchus mykiss,12,1916,-37,-72,369.6431535,113.0148534,4.216141644,5,967.7092813
Oncorhynchus mykiss,1,1349,-38,-72,455.9098039,148.4282426,27.06829148,3,3019.392631
Oncorhynchus mykiss,12,1919,-37,-72,325.7125984,112.264937,2.674051057,5,967.7092813
Oncorhynchus mykiss,3,5243,-39,-72,134,134.3333333,3.894006396,5,628.0236726
Oncorhynchus mykiss,3,5243,-39,-72,134,134.3333333,3.894006396,5,628.0236726
Oncorhynchus mykiss,3,5243,-39,-72,134,134.3333333,3.894006396,5,628.0236726
Oncorhynchus mykiss,1,1353,-38,-72,357.6867925,140.7681836,6.289933997,4,3019.392631
Oncorhynchus mykiss,1,2067,-38,-72,264.8429119,123.1311731,1.984076042,6,3019.392631
Oncorhynchus mykiss,1,1353,-38,-72,357.6867925,140.7681836,6.289933997,4,3019.392631
Oncorhynchus mykiss,1,1353,-38,-72,357.6867925,140.7681836,6.289933997,4,3019.392631
Oncorhynchus mykiss,2,1919,-37,-72,325.7125984,112.264937,2.674051057,5,967.7092813
Oncorhynchus mykiss,1,1349,-38,-72,455.9098039,148.4282426,27.06829148,3,3019.392631
Oncorhynchus mykiss,1,1351,-38,-72,403.459144,142.8271616,4.5816708,3,3019.392631
Oncorhynchus mykiss,2,8530,-40,-73,110.9545455,194.9500031,25.84003993,3,971.5374943
Oncorhynchus mykiss,4,1349,-38,-72,455.9098039,148.4282426,27.06829148,3,3019.392631
Oncorhynchus mykiss,1,1349,-38,-72,455.9098039,148.4282426,27.06829148,3,3019.392631
Oncorhynchus mykiss,1,1349,-38,-72,455.9098039,148.4282426,27.06829148,3,3019.392631
Oncorhynchus mykiss,2,8530,-40,-73,110.9545455,194.9500031,25.84003993,3,971.5374943
Oncorhynchus mykiss,3,8538,-40,-73,45.85964912,187.1979198,11.39652594,3,971.5374943
Oncorhynchus mykiss,4,1349,-38,-72,455.9098039,148.4282426,27.06829148,3,3019.392631
Oncorhynchus mykiss,4,1349,-38,-72,455.9098039,148.4282426,27.06829148,3,3019.392631
Oncorhynchus mykiss,1,8507,-40,-73,38.5,185.2833344,2.664263362,4,971.5374943
Oncorhynchus mykiss,2,1917,-37,-72,354.5454545,112.3168151,3.603549118,5,967.7092813
Oncorhynchus mykiss,2,1916,-37,-72,369.6431535,113.0148534,4.216141644,5,967.7092813
Oncorhynchus mykiss,2,1916,-37,-72,369.6431535,113.0148534,4.216141644,5,967.7092813
Oncorhynchus mykiss,12,1916,-37,-72,369.6431535,113.0148534,4.216141644,5,967.7092813
Oncorhynchus mykiss,1,2067,-38,-72,264.8429119,123.1311731,1.984076042,6,3019.392631
Oncorhynchus mykiss,1,1353,-38,-72,357.6867925,140.7681836,6.289933997,4,3019.392631
Oncorhynchus mykiss,12,1917,-37,-72,354.5454545,112.3168151,3.603549118,5,967.7092813
Oncorhynchus mykiss,12,1917,-37,-72,354.5454545,112.3168151,3.603549118,5,967.7092813
Oncorhynchus mykiss,12,1916,-37,-72,369.6431535,113.0148534,4.216141644,5,967.7092813
Oncorhynchus mykiss,1,8538,-40,-73,45.85964912,187.1979198,11.39652594,3,971.5374943
Oncorhynchus mykiss,1,1349,-38,-72,455.9098039,148.4282426,27.06829148,3,3019.392631
Oncorhynchus mykiss,1,8538,-40,-73,45.85964912,187.1979198,11.39652594,3,971.5374943
Oncorhynchus mykiss,1,1351,-38,-72,403.459144,142.8271616,4.5816708,3,3019.392631
Oncorhynchus mykiss,1,1349,-38,-72,455.9098039,148.4282426,27.06829148,3,3019.392631
Oncorhynchus mykiss,1,1349,-38,-72,455.9098039,148.4282426,27.06829148,3,3019.392631
Oncorhynchus mykiss,1,1353,-38,-72,357.6867925,140.7681836,6.289933997,4,3019.392631
Oncorhynchus mykiss,3,5243,-39,-72,134,134.3333333,3.894006396,5,628.0236726
Oncorhynchus mykiss,1,1349,-38,-72,455.9098039,148.4282426,27.06829148,3,3019.392631
Oncorhynchus mykiss,3,5243,-39,-72,134,134.3333333,3.894006396,5,628.0236726
Oncorhynchus mykiss,12,1916,-37,-72,369.6431535,113.0148534,4.216141644,5,967.7092813
Oncorhynchus mykiss,3,5243,-39,-72,134,134.3333333,3.894006396,5,628.0236726
Oncorhynchus mykiss,12,1916,-37,-72,369.6431535,113.0148534,4.216141644,5,967.7092813
Oncorhynchus mykiss,1,1342,-38,-72,366.6785714,158.8839576,5.299810607,6,3019.392631
Oncorhynchus mykiss,12,1916,-37,-72,369.6431535,113.0148534,4.216141644,5,967.7092813
Oncorhynchus mykiss,2,1916,-37,-72,369.6431535,113.0148534,4.216141644,5,967.7092813
Oncorhynchus mykiss,4,2270,-38,-72,416.0440252,176.5795445,2.294542228,4,3019.392631
Oncorhynchus mykiss,1,8528,-40,-72,127.1551724,193.8472214,10.735122,3,971.5374943
Oncorhynchus mykiss,2,1916,-37,-72,369.6431535,113.0148534,4.216141644,5,967.7092813
Oncorhynchus mykiss,2,1916,-37,-72,369.6431535,113.0148534,4.216141644,5,967.7092813
Oncorhynchus mykiss,12,1919,-37,-72,325.7125984,112.264937,2.674051057,5,967.7092813
Oncorhynchus mykiss,1,2067,-38,-72,264.8429119,123.1311731,1.984076042,6,3019.392631
Oncorhynchus mykiss,1,8531,-40,-73,101.7017544,194.25,19.25817239,3,971.5374943
Oncorhynchus mykiss,1,1760,-38,-73,79.125,103.338334,1.344648499,6,6261.697266
Oncorhynchus mykiss,12,1907,-37,-72,551.5406504,121.6116509,2.011950759,5,967.7092813
Oncorhynchus mykiss,3,8539,-40,-73,44.54807692,186.6944453,11.19482029,3,971.5374943
Oncorhynchus mykiss,2,1916,-37,-72,369.6431535,113.0148534,4.216141644,5,967.7092813
Oncorhynchus mykiss,1,1172,-38,-72,256.4545455,122.4354573,1.286548742,6,3019.392631
Oncorhynchus mykiss,1,1172,-38,-72,256.4545455,122.4354573,1.286548742,6,3019.392631
Oncorhynchus mykiss,2,1919,-37,-72,325.7125984,112.264937,2.674051057,5,967.7092813
Oncorhynchus mykiss,1,1351,-38,-72,403.459144,142.8271616,4.5816708,3,3019.392631
Oncorhynchus mykiss,12,1907,-37,-72,551.5406504,121.6116509,2.011950759,5,967.7092813
Oncorhynchus mykiss,2,8538,-40,-73,45.85964912,187.1979198,11.39652594,3,971.5374943
Oncorhynchus mykiss,12,1916,-37,-72,369.6431535,113.0148534,4.216141644,5,967.7092813
Oncorhynchus mykiss,2,8538,-40,-73,45.85964912,187.1979198,11.39652594,3,971.5374943
Oncorhynchus mykiss,3,5243,-39,-72,134,134.3333333,3.894006396,5,628.0236726
Oncorhynchus mykiss,3,5243,-39,-72,134,134.3333333,3.894006396,5,628.0236726
Oncorhynchus mykiss,1,1349,-38,-72,455.9098039,148.4282426,27.06829148,3,3019.392631
Oncorhynchus mykiss,4,1349,-38,-72,455.9098039,148.4282426,27.06829148,3,3019.392631
Oncorhynchus mykiss,1,1342,-38,-72,366.6785714,158.8839576,5.299810607,6,3019.392631
Oncorhynchus mykiss,1,8539,-40,-73,44.54807692,186.6944453,11.19482029,3,971.5374943
Oncorhynchus mykiss,3,8538,-40,-73,45.85964912,187.1979198,11.39652594,3,971.5374943
Oncorhynchus mykiss,1,8507,-40,-73,38.5,185.2833344,2.664263362,4,971.5374943
Oncorhynchus mykiss,12,1916,-37,-72,369.6431535,113.0148534,4.216141644,5,967.7092813
Oncorhynchus mykiss,1,1351,-38,-72,403.459144,142.8271616,4.5816708,3,3019.392631
Oncorhynchus mykiss,2,1916,-37,-72,369.6431535,113.0148534,4.216141644,5,967.7092813
Oncorhynchus mykiss,4,2270,-38,-72,416.0440252,176.5795445,2.294542228,4,3019.392631
Oncorhynchus mykiss,3,1549,-38,-72,276.0629921,129.6355156,11.21314184,4,419.5884732
Oncorhynchus mykiss,1,1353,-38,-72,357.6867925,140.7681836,6.289933997,4,3019.392631
Oncorhynchus mykiss,1,1353,-38,-72,357.6867925,140.7681836,6.289933997,4,3019.392631
Oncorhynchus mykiss,1,1351,-38,-72,403.459144,142.8271616,4.5816708,3,3019.392631
Oncorhynchus mykiss,1,8531,-40,-73,101.7017544,194.25,19.25817239,3,971.5374943
Oncorhynchus mykiss,12,1907,-37,-72,551.5406504,121.6116509,2.011950759,5,967.7092813
Oncorhynchus mykiss,2,8531,-40,-73,101.7017544,194.25,19.25817239,3,971.5374943
Oncorhynchus mykiss,3,1353,-38,-72,357.6867925,140.7681836,6.289933997,4,3019.392631
Oncorhynchus mykiss,3,1353,-38,-72,357.6867925,140.7681836,6.289933997,4,3019.392631
Oncorhynchus mykiss,1,1353,-38,-72,357.6867925,140.7681836,6.289933997,4,3019.392631
Oncorhynchus mykiss,2,8538,-40,-73,45.85964912,187.1979198,11.39652594,3,971.5374943
Oncorhynchus mykiss,1,1353,-38,-72,357.6867925,140.7681836,6.289933997,4,3019.392631
Oncorhynchus mykiss,1,1353,-38,-72,357.6867925,140.7681836,6.289933997,4,3019.392631
Oncorhynchus mykiss,2,8538,-40,-73,45.85964912,187.1979198,11.39652594,3,971.5374943
Oncorhynchus mykiss,12,1916,-37,-72,369.6431535,113.0148534,4.216141644,5,967.7092813
Oncorhynchus mykiss,2,1919,-37,-72,325.7125984,112.264937,2.674051057,5,967.7092813
Oncorhynchus mykiss,1,2063,-38,-72,290.1971831,129.7125486,1.974997731,6,3019.392631
Oncorhynchus mykiss,1,1351,-38,-72,403.459144,142.8271616,4.5816708,3,3019.392631
Oncorhynchus mykiss,1,1351,-38,-72,403.459144,142.8271616,4.5816708,3,3019.392631
Oncorhynchus mykiss,1,1351,-38,-72,403.459144,142.8271616,4.5816708,3,3019.392631
Oncorhynchus mykiss,3,5243,-39,-72,134,134.3333333,3.894006396,5,628.0236726
Oncorhynchus mykiss,1,1349,-38,-72,455.9098039,148.4282426,27.06829148,3,3019.392631
Oncorhynchus mykiss,1,1351,-38,-72,403.459144,142.8271616,4.5816708,3,3019.392631
Oncorhynchus mykiss,1,1349,-38,-72,455.9098039,148.4282426,27.06829148,3,3019.392631
Oncorhynchus mykiss,1,1349,-38,-72,455.9098039,148.4282426,27.06829148,3,3019.392631
Oncorhynchus mykiss,12,1916,-37,-72,369.6431535,113.0148534,4.216141644,5,967.7092813
Oncorhynchus mykiss,12,1916,-37,-72,369.6431535,113.0148534,4.216141644,5,967.7092813
Oncorhynchus mykiss,1,1349,-38,-72,455.9098039,148.4282426,27.06829148,3,3019.392631
Oncorhynchus mykiss,2,8530,-40,-73,110.9545455,194.9500031,25.84003993,3,971.5374943
Oncorhynchus mykiss,3,8538,-40,-73,45.85964912,187.1979198,11.39652594,3,971.5374943
Oncorhynchus mykiss,12,1918,-37,-72,338.9216418,111.7864594,2.509841725,5,967.7092813
Oncorhynchus mykiss,12,1918,-37,-72,338.9216418,111.7864594,2.509841725,5,967.7092813
Oncorhynchus mykiss,2,1919,-37,-72,325.7125984,112.264937,2.674051057,5,967.7092813
Oncorhynchus mykiss,2,1916,-37,-72,369.6431535,113.0148534,4.216141644,5,967.7092813
Oncorhynchus mykiss,2,1907,-37,-72,551.5406504,121.6116509,2.011950759,5,967.7092813
Oncorhynchus mykiss,3,1921,-37,-72,308.4888889,113.9680038,3.428372948,5,967.7092813
Oncorhynchus mykiss,2,1916,-37,-72,369.6431535,113.0148534,4.216141644,5,967.7092813
Oncorhynchus mykiss,2,1916,-37,-72,369.6431535,113.0148534,4.216141644,5,967.7092813
Oncorhynchus mykiss,2,1916,-37,-72,369.6431535,113.0148534,4.216141644,5,967.7092813
Oncorhynchus mykiss,4,2270,-38,-72,416.0440252,176.5795445,2.294542228,4,3019.392631
Oncorhynchus mykiss,4,2270,-38,-72,416.0440252,176.5795445,2.294542228,4,3019.392631
Oncorhynchus mykiss,2,1916,-37,-72,369.6431535,113.0148534,4.216141644,5,967.7092813
Oncorhynchus mykiss,2,1916,-37,-72,369.6431535,113.0148534,4.216141644,5,967.7092813
Oncorhynchus mykiss,2,1907,-37,-72,551.5406504,121.6116509,2.011950759,5,967.7092813
Oncorhynchus mykiss,1,1172,-38,-72,256.4545455,122.4354573,1.286548742,6,3019.392631
Oncorhynchus mykiss,1,1172,-38,-72,256.4545455,122.4354573,1.286548742,6,3019.392631
Oncorhynchus mykiss,12,1917,-37,-72,354.5454545,112.3168151,3.603549118,5,967.7092813
Oncorhynchus mykiss,12,1917,-37,-72,354.5454545,112.3168151,3.603549118,5,967.7092813
Oncorhynchus mykiss,2,8536,-40,-73,50.04424779,189.2916641,13.57040073,3,971.5374943
Oncorhynchus mykiss,12,1919,-37,-72,325.7125984,112.264937,2.674051057,5,967.7092813
Oncorhynchus mykiss,12,1907,-37,-72,551.5406504,121.6116509,2.011950759,5,967.7092813
Oncorhynchus mykiss,12,1907,-37,-72,551.5406504,121.6116509,2.011950759,5,967.7092813
Oncorhynchus mykiss,12,1907,-37,-72,551.5406504,121.6116509,2.011950759,5,967.7092813
Oncorhynchus mykiss,12,1907,-37,-72,551.5406504,121.6116509,2.011950759,5,967.7092813
Oncorhynchus mykiss,12,1907,-37,-72,551.5406504,121.6116509,2.011950759,5,967.7092813
Oncorhynchus mykiss,12,1907,-37,-72,551.5406504,121.6116509,2.011950759,5,967.7092813
Oncorhynchus mykiss,1,8538,-40,-73,45.85964912,187.1979198,11.39652594,3,971.5374943
Oncorhynchus mykiss,1,1353,-38,-72,357.6867925,140.7681836,6.289933997,4,3019.392631
Oncorhynchus mykiss,2,1916,-37,-72,369.6431535,113.0148534,4.216141644,5,967.7092813
Oncorhynchus mykiss,1,6733,-39,-73,86.61666667,134.1309531,6.433685386,6,2359.225673
Oncorhynchus mykiss,12,1916,-37,-72,369.6431535,113.0148534,4.216141644,5,967.7092813
Oncorhynchus mykiss,12,1916,-37,-72,369.6431535,113.0148534,4.216141644,5,967.7092813
Oncorhynchus mykiss,12,1907,-37,-72,551.5406504,121.6116509,2.011950759,5,967.7092813
Oncorhynchus mykiss,1,1349,-38,-72,455.9098039,148.4282426,27.06829148,3,3019.392631
Oncorhynchus mykiss,2,8538,-40,-73,45.85964912,187.1979198,11.39652594,3,971.5374943
Oncorhynchus mykiss,2,1918,-37,-72,338.9216418,111.7864594,2.509841725,5,967.7092813
Oncorhynchus mykiss,2,1917,-37,-72,354.5454545,112.3168151,3.603549118,5,967.7092813
Oncorhynchus mykiss,3,8538,-40,-73,45.85964912,187.1979198,11.39652594,3,971.5374943
Oncorhynchus mykiss,12,1918,-37,-72,338.9216418,111.7864594,2.509841725,5,967.7092813
Oncorhynchus mykiss,12,1918,-37,-72,338.9216418,111.7864594,2.509841725,5,967.7092813
Oncorhynchus mykiss,1,1349,-38,-72,455.9098039,148.4282426,27.06829148,3,3019.392631
Oncorhynchus mykiss,12,1918,-37,-72,338.9216418,111.7864594,2.509841725,5,967.7092813
Oncorhynchus mykiss,12,1918,-37,-72,338.9216418,111.7864594,2.509841725,5,967.7092813
Oncorhynchus mykiss,4,1349,-38,-72,455.9098039,148.4282426,27.06829148,3,3019.392631
Oncorhynchus mykiss,4,1349,-38,-72,455.9098039,148.4282426,27.06829148,3,3019.392631
Oncorhynchus mykiss,2,1919,-37,-72,325.7125984,112.264937,2.674051057,5,967.7092813
Oncorhynchus mykiss,2,1916,-37,-72,369.6431535,113.0148534,4.216141644,5,967.7092813
Oncorhynchus mykiss,1,1351,-38,-72,403.459144,142.8271616,4.5816708,3,3019.392631
Oncorhynchus mykiss,1,1342,-38,-72,366.6785714,158.8839576,5.299810607,6,3019.392631
Oncorhynchus mykiss,1,1342,-38,-72,366.6785714,158.8839576,5.299810607,6,3019.392631
Oncorhynchus mykiss,12,1916,-37,-72,369.6431535,113.0148534,4.216141644,5,967.7092813
Oncorhynchus mykiss,4,2270,-38,-72,416.0440252,176.5795445,2.294542228,4,3019.392631
Oncorhynchus mykiss,2,1919,-37,-72,325.7125984,112.264937,2.674051057,5,967.7092813
Oncorhynchus mykiss,2,1919,-37,-72,325.7125984,112.264937,2.674051057,5,967.7092813
Oncorhynchus mykiss,2,1919,-37,-72,325.7125984,112.264937,2.674051057,5,967.7092813
Oncorhynchus mykiss,1,8528,-40,-72,127.1551724,193.8472214,10.735122,3,971.5374943
Oncorhynchus mykiss,2,8536,-40,-73,50.04424779,189.2916641,13.57040073,3,971.5374943
Oncorhynchus mykiss,1,6733,-39,-73,86.61666667,134.1309531,6.433685386,6,2359.225673
Oncorhynchus mykiss,1,2067,-38,-72,264.8429119,123.1311731,1.984076042,6,3019.392631
Oncorhynchus mykiss,1,8538,-40,-73,45.85964912,187.1979198,11.39652594,3,971.5374943
Oncorhynchus mykiss,1,1353,-38,-72,357.6867925,140.7681836,6.289933997,4,3019.392631
Oncorhynchus mykiss,2,8538,-40,-73,45.85964912,187.1979198,11.39652594,3,971.5374943
Oncorhynchus mykiss,2,1916,-37,-72,369.6431535,113.0148534,4.216141644,5,967.7092813
Oncorhynchus mykiss,1,1353,-38,-72,357.6867925,140.7681836,6.289933997,4,3019.392631
Oncorhynchus mykiss,1,1172,-38,-72,256.4545455,122.4354573,1.286548742,6,3019.392631
Oncorhynchus mykiss,3,5243,-39,-72,134,134.3333333,3.894006396,5,628.0236726
Oncorhynchus mykiss,3,5243,-39,-72,134,134.3333333,3.894006396,5,628.0236726
Oncorhynchus mykiss,1,1351,-38,-72,403.459144,142.8271616,4.5816708,3,3019.392631
Oncorhynchus mykiss,1,1351,-38,-72,403.459144,142.8271616,4.5816708,3,3019.392631
Oncorhynchus mykiss,1,1342,-38,-72,366.6785714,158.8839576,5.299810607,6,3019.392631
Oncorhynchus mykiss,12,1918,-37,-72,338.9216418,111.7864594,2.509841725,5,967.7092813
Oncorhynchus mykiss,1,2062,-38,-72,298.8237548,132.9436729,13.7936481,6,3019.392631
Oncorhynchus mykiss,1,2062,-38,-72,298.8237548,132.9436729,13.7936481,6,3019.392631
Oncorhynchus mykiss,2,1916,-37,-72,369.6431535,113.0148534,4.216141644,5,967.7092813
Oncorhynchus mykiss,2,1916,-37,-72,369.6431535,113.0148534,4.216141644,5,967.7092813
Oncorhynchus mykiss,2,1916,-37,-72,369.6431535,113.0148534,4.216141644,5,967.7092813
Oncorhynchus mykiss,1,1351,-38,-72,403.459144,142.8271616,4.5816708,3,3019.392631
Oncorhynchus mykiss,2,1916,-37,-72,369.6431535,113.0148534,4.216141644,5,967.7092813
Oncorhynchus mykiss,4,2270,-38,-72,416.0440252,176.5795445,2.294542228,4,3019.392631
Oncorhynchus mykiss,4,2270,-38,-72,416.0440252,176.5795445,2.294542228,4,3019.392631
Oncorhynchus mykiss,4,2270,-38,-72,416.0440252,176.5795445,2.294542228,4,3019.392631
Oncorhynchus mykiss,4,2270,-38,-72,416.0440252,176.5795445,2.294542228,4,3019.392631
Oncorhynchus mykiss,2,1907,-37,-72,551.5406504,121.6116509,2.011950759,5,967.7092813
Oncorhynchus mykiss,1,1172,-38,-72,256.4545455,122.4354573,1.286548742,6,3019.392631
Oncorhynchus mykiss,1,1173,-38,-72,241.6390977,120.9665176,2.296090808,6,3526.717392
Oncorhynchus mykiss,2,1919,-37,-72,325.7125984,112.264937,2.674051057,5,967.7092813
Oncorhynchus mykiss,2,1919,-37,-72,325.7125984,112.264937,2.674051057,5,967.7092813
Oncorhynchus mykiss,1,6733,-39,-73,86.61666667,134.1309531,6.433685386,6,2359.225673
Oncorhynchus mykiss,1,1349,-38,-72,455.9098039,148.4282426,27.06829148,3,3019.392631
Oncorhynchus mykiss,12,1907,-37,-72,551.5406504,121.6116509,2.011950759,5,967.7092813
Oncorhynchus mykiss,2,1916,-37,-72,369.6431535,113.0148534,4.216141644,5,967.7092813
Oncorhynchus mykiss,12,1907,-37,-72,551.5406504,121.6116509,2.011950759,5,967.7092813
Oncorhynchus mykiss,2,8531,-40,-73,101.7017544,194.25,19.25817239,3,971.5374943
Oncorhynchus mykiss,1,1342,-38,-72,366.6785714,158.8839576,5.299810607,6,3019.392631
Oncorhynchus mykiss,1,1353,-38,-72,357.6867925,140.7681836,6.289933997,4,3019.392631
Oncorhynchus mykiss,1,1353,-38,-72,357.6867925,140.7681836,6.289933997,4,3019.392631
Oncorhynchus mykiss,1,1351,-38,-72,403.459144,142.8271616,4.5816708,3,3019.392631
Oncorhynchus mykiss,12,1907,-37,-72,551.5406504,121.6116509,2.011950759,5,967.7092813
Oncorhynchus mykiss,2,8507,-40,-73,38.5,185.2833344,2.664263362,4,971.5374943
Oncorhynchus mykiss,2,8507,-40,-73,38.5,185.2833344,2.664263362,4,971.5374943
Oncorhynchus mykiss,1,1524,-37,-73,74.05737705,102.6450002,1.207989798,6,3526.717392
Oncorhynchus mykiss,1,1353,-38,-72,357.6867925,140.7681836,6.289933997,4,3019.392631
Oncorhynchus mykiss,1,1349,-38,-72,455.9098039,148.4282426,27.06829148,3,3019.392631
Oncorhynchus mykiss,1,1349,-38,-72,455.9098039,148.4282426,27.06829148,3,3019.392631
Oncorhynchus mykiss,1,1349,-38,-72,455.9098039,148.4282426,27.06829148,3,3019.392631
Oncorhynchus mykiss,12,1916,-37,-72,369.6431535,113.0148534,4.216141644,5,967.7092813
Oncorhynchus mykiss,12,1916,-37,-72,369.6431535,113.0148534,4.216141644,5,967.7092813
Oncorhynchus mykiss,12,1916,-37,-72,369.6431535,113.0148534,4.216141644,5,967.7092813
Oncorhynchus mykiss,1,1349,-38,-72,455.9098039,148.4282426,27.06829148,3,3019.392631
Oncorhynchus mykiss,1,1349,-38,-72,455.9098039,148.4282426,27.06829148,3,3019.392631
Oncorhynchus mykiss,1,1349,-38,-72,455.9098039,148.4282426,27.06829148,3,3019.392631
Oncorhynchus mykiss,1,1349,-38,-72,455.9098039,148.4282426,27.06829148,3,3019.392631
Oncorhynchus mykiss,1,1349,-38,-72,455.9098039,148.4282426,27.06829148,3,3019.392631
Oncorhynchus mykiss,1,6733,-39,-73,86.61666667,134.1309531,6.433685386,6,2359.225673
Oncorhynchus mykiss,12,1918,-37,-72,338.9216418,111.7864594,2.509841725,5,967.7092813
Oncorhynchus mykiss,4,1349,-38,-72,455.9098039,148.4282426,27.06829148,3,3019.392631
Oncorhynchus mykiss,4,1349,-38,-72,455.9098039,148.4282426,27.06829148,3,3019.392631
Oncorhynchus mykiss,4,1349,-38,-72,455.9098039,148.4282426,27.06829148,3,3019.392631
Oncorhynchus mykiss,2,1916,-37,-72,369.6431535,113.0148534,4.216141644,5,967.7092813
Oncorhynchus mykiss,2,1919,-37,-72,325.7125984,112.264937,2.674051057,5,967.7092813
Oncorhynchus mykiss,3,1921,-37,-72,308.4888889,113.9680038,3.428372948,5,967.7092813
Oncorhynchus mykiss,2,1916,-37,-72,369.6431535,113.0148534,4.216141644,5,967.7092813
Oncorhynchus mykiss,2,1916,-37,-72,369.6431535,113.0148534,4.216141644,5,967.7092813
Oncorhynchus mykiss,3,8536,-40,-73,50.04424779,189.2916641,13.57040073,3,971.5374943
Oncorhynchus mykiss,1,1172,-38,-72,256.4545455,122.4354573,1.286548742,6,3019.392631
Oncorhynchus mykiss,2,1916,-37,-72,369.6431535,113.0148534,4.216141644,5,967.7092813
Oncorhynchus mykiss,1,6733,-39,-73,86.61666667,134.1309531,6.433685386,6,2359.225673
Oncorhynchus mykiss,1,6733,-39,-73,86.61666667,134.1309531,6.433685386,6,2359.225673
Oncorhynchus mykiss,1,1349,-38,-72,455.9098039,148.4282426,27.06829148,3,3019.392631
Oncorhynchus mykiss,12,1907,-37,-72,551.5406504,121.6116509,2.011950759,5,967.7092813
Oncorhynchus mykiss,12,1907,-37,-72,551.5406504,121.6116509,2.011950759,5,967.7092813
Oncorhynchus mykiss,12,1907,-37,-72,551.5406504,121.6116509,2.011950759,5,967.7092813
Oncorhynchus mykiss,2,1916,-37,-72,369.6431535,113.0148534,4.216141644,5,967.7092813
Oncorhynchus mykiss,1,1353,-38,-72,357.6867925,140.7681836,6.289933997,4,3019.392631
Oncorhynchus mykiss,1,6733,-39,-73,86.61666667,134.1309531,6.433685386,6,2359.225673
Oncorhynchus mykiss,2,1916,-37,-72,369.6431535,113.0148534,4.216141644,5,967.7092813
Oncorhynchus mykiss,2,1916,-37,-72,369.6431535,113.0148534,4.216141644,5,967.7092813
Oncorhynchus mykiss,1,6733,-39,-73,86.61666667,134.1309531,6.433685386,6,2359.225673
Oncorhynchus mykiss,2,1933,-37,-72,178.921875,105.1404316,4.258407648,5,967.7092813
Oncorhynchus mykiss,2,1918,-37,-72,338.9216418,111.7864594,2.509841725,5,967.7092813
Oncorhynchus mykiss,12,1907,-37,-72,551.5406504,121.6116509,2.011950759,5,967.7092813
Oncorhynchus mykiss,1,1349,-38,-72,455.9098039,148.4282426,27.06829148,3,3019.392631
Oncorhynchus mykiss,1,1349,-38,-72,455.9098039,148.4282426,27.06829148,3,3019.392631
Oncorhynchus mykiss,12,1918,-37,-72,338.9216418,111.7864594,2.509841725,5,967.7092813
Oncorhynchus mykiss,2,1918,-37,-72,338.9216418,111.7864594,2.509841725,5,967.7092813
Oncorhynchus mykiss,2,1918,-37,-72,338.9216418,111.7864594,2.509841725,5,967.7092813
Oncorhynchus mykiss,2,1918,-37,-72,338.9216418,111.7864594,2.509841725,5,967.7092813
Oncorhynchus mykiss,2,8530,-40,-73,110.9545455,194.9500031,25.84003993,3,971.5374943
Oncorhynchus mykiss,12,1918,-37,-72,338.9216418,111.7864594,2.509841725,5,967.7092813
Oncorhynchus mykiss,12,1918,-37,-72,338.9216418,111.7864594,2.509841725,5,967.7092813
Oncorhynchus mykiss,12,1918,-37,-72,338.9216418,111.7864594,2.509841725,5,967.7092813
Oncorhynchus mykiss,12,1916,-37,-72,369.6431535,113.0148534,4.216141644,5,967.7092813
Oncorhynchus mykiss,2,1919,-37,-72,325.7125984,112.264937,2.674051057,5,967.7092813
Oncorhynchus mykiss,2,1916,-37,-72,369.6431535,113.0148534,4.216141644,5,967.7092813
Oncorhynchus mykiss,1,1525,-37,-73,75.06299213,103.4748428,1.291669373,6,3526.717392
Oncorhynchus mykiss,2,8532,-40,-73,86.31818182,192.6666667,18.40214676,3,971.5374943
Oncorhynchus mykiss,12,1916,-37,-72,369.6431535,113.0148534,4.216141644,5,967.7092813
Oncorhynchus mykiss,4,2270,-38,-72,416.0440252,176.5795445,2.294542228,4,3019.392631
Oncorhynchus mykiss,2,1907,-37,-72,551.5406504,121.6116509,2.011950759,5,967.7092813
Oncorhynchus mykiss,3,8532,-40,-73,86.31818182,192.6666667,18.40214676,3,971.5374943
Oncorhynchus mykiss,2,1907,-37,-72,551.5406504,121.6116509,2.011950759,5,967.7092813
Oncorhynchus mykiss,2,1907,-37,-72,551.5406504,121.6116509,2.011950759,5,967.7092813
Oncorhynchus mykiss,1,1349,-38,-72,455.9098039,148.4282426,27.06829148,3,3019.392631
Oncorhynchus mykiss,1,1172,-38,-72,256.4545455,122.4354573,1.286548742,6,3019.392631
Oncorhynchus mykiss,1,2062,-38,-72,298.8237548,132.9436729,13.7936481,6,3019.392631
Oncorhynchus mykiss,1,8528,-40,-72,127.1551724,193.8472214,10.735122,3,971.5374943
Oncorhynchus mykiss,1,8528,-40,-72,127.1551724,193.8472214,10.735122,3,971.5374943
Oncorhynchus mykiss,1,6733,-39,-73,86.61666667,134.1309531,6.433685386,6,2359.225673
Oncorhynchus mykiss,3,8507,-40,-73,38.5,185.2833344,2.664263362,4,971.5374943
Oncorhynchus mykiss,1,1349,-38,-72,455.9098039,148.4282426,27.06829148,3,3019.392631
Oncorhynchus mykiss,2,1909,-37,-72,511.2031873,119.9583311,1.537121968,5,967.7092813
Oncorhynchus mykiss,12,1907,-37,-72,551.5406504,121.6116509,2.011950759,5,967.7092813
Oncorhynchus mykiss,12,1907,-37,-72,551.5406504,121.6116509,2.011950759,5,967.7092813
Oncorhynchus mykiss,12,1907,-37,-72,551.5406504,121.6116509,2.011950759,5,967.7092813
Oncorhynchus mykiss,1,1353,-38,-72,357.6867925,140.7681836,6.289933997,4,3019.392631
Oncorhynchus mykiss,2,8531,-40,-73,101.7017544,194.25,19.25817239,3,971.5374943
Oncorhynchus mykiss,1,1353,-38,-72,357.6867925,140.7681836,6.289933997,4,3019.392631
Oncorhynchus mykiss,1,6733,-39,-73,86.61666667,134.1309531,6.433685386,6,2359.225673
Oncorhynchus mykiss,3,1353,-38,-72,357.6867925,140.7681836,6.289933997,4,3019.392631
Oncorhynchus mykiss,1,6733,-39,-73,86.61666667,134.1309531,6.433685386,6,2359.225673
Oncorhynchus mykiss,1,1172,-38,-72,256.4545455,122.4354573,1.286548742,6,3019.392631
Oncorhynchus mykiss,12,1916,-37,-72,369.6431535,113.0148534,4.216141644,5,967.7092813
Oncorhynchus mykiss,2,1933,-37,-72,178.921875,105.1404316,4.258407648,5,967.7092813
Oncorhynchus mykiss,2,8507,-40,-73,38.5,185.2833344,2.664263362,4,971.5374943
Oncorhynchus mykiss,12,1907,-37,-72,551.5406504,121.6116509,2.011950759,5,967.7092813
Oncorhynchus mykiss,12,1907,-37,-72,551.5406504,121.6116509,2.011950759,5,967.7092813
Oncorhynchus mykiss,1,8532,-40,-73,86.31818182,192.6666667,18.40214676,3,971.5374943
Oncorhynchus mykiss,1,1349,-38,-72,455.9098039,148.4282426,27.06829148,3,3019.392631
Oncorhynchus mykiss,1,1342,-38,-72,366.6785714,158.8839576,5.299810607,6,3019.392631
Oncorhynchus mykiss,1,1173,-38,-72,241.6390977,120.9665176,2.296090808,6,3526.717392
Oncorhynchus mykiss,1,1342,-38,-72,366.6785714,158.8839576,5.299810607,6,3019.392631
Oncorhynchus mykiss,1,1349,-38,-72,455.9098039,148.4282426,27.06829148,3,3019.392631
Oncorhynchus mykiss,12,1918,-37,-72,338.9216418,111.7864594,2.509841725,5,967.7092813
Oncorhynchus mykiss,12,1918,-37,-72,338.9216418,111.7864594,2.509841725,5,967.7092813
Oncorhynchus mykiss,3,8538,-40,-73,45.85964912,187.1979198,11.39652594,3,971.5374943
Oncorhynchus mykiss,1,1349,-38,-72,455.9098039,148.4282426,27.06829148,3,3019.392631
Oncorhynchus mykiss,4,1349,-38,-72,455.9098039,148.4282426,27.06829148,3,3019.392631
Oncorhynchus mykiss,4,1349,-38,-72,455.9098039,148.4282426,27.06829148,3,3019.392631
Oncorhynchus mykiss,12,1916,-37,-72,369.6431535,113.0148534,4.216141644,5,967.7092813
Oncorhynchus mykiss,12,1916,-37,-72,369.6431535,113.0148534,4.216141644,5,967.7092813
Oncorhynchus mykiss,2,1919,-37,-72,325.7125984,112.264937,2.674051057,5,967.7092813
Oncorhynchus mykiss,3,8538,-40,-73,45.85964912,187.1979198,11.39652594,3,971.5374943
Oncorhynchus mykiss,2,8532,-40,-73,86.31818182,192.6666667,18.40214676,3,971.5374943
Oncorhynchus mykiss,4,2270,-38,-72,416.0440252,176.5795445,2.294542228,4,3019.392631
Oncorhynchus mykiss,4,2270,-38,-72,416.0440252,176.5795445,2.294542228,4,3019.392631
Oncorhynchus mykiss,4,2270,-38,-72,416.0440252,176.5795445,2.294542228,4,3019.392631
Oncorhynchus mykiss,2,1907,-37,-72,551.5406504,121.6116509,2.011950759,5,967.7092813
Oncorhynchus mykiss,1,7862,-34,-70,909.8095238,50.29166603,13.99677827,4,110.863717
Oncorhynchus mykiss,2,1917,-37,-72,354.5454545,112.3168151,3.603549118,5,967.7092813
Oncorhynchus mykiss,1,1172,-38,-72,256.4545455,122.4354573,1.286548742,6,3019.392631
Oncorhynchus mykiss,1,1353,-38,-72,357.6867925,140.7681836,6.289933997,4,3019.392631
Oncorhynchus mykiss,1,1353,-38,-72,357.6867925,140.7681836,6.289933997,4,3019.392631
Oncorhynchus mykiss,1,1173,-38,-72,241.6390977,120.9665176,2.296090808,6,3526.717392
Oncorhynchus mykiss,1,2063,-38,-72,290.1971831,129.7125486,1.974997731,6,3019.392631
Oncorhynchus mykiss,1,8538,-40,-73,45.85964912,187.1979198,11.39652594,3,971.5374943
Oncorhynchus mykiss,12,1907,-37,-72,551.5406504,121.6116509,2.011950759,5,967.7092813
Oncorhynchus mykiss,12,1907,-37,-72,551.5406504,121.6116509,2.011950759,5,967.7092813
Oncorhynchus mykiss,1,1349,-38,-72,455.9098039,148.4282426,27.06829148,3,3019.392631
Oncorhynchus mykiss,3,1353,-38,-72,357.6867925,140.7681836,6.289933997,4,3019.392631
Oncorhynchus mykiss,1,6733,-39,-73,86.61666667,134.1309531,6.433685386,6,2359.225673
Oncorhynchus mykiss,1,6733,-39,-73,86.61666667,134.1309531,6.433685386,6,2359.225673
Oncorhynchus mykiss,12,1916,-37,-72,369.6431535,113.0148534,4.216141644,5,967.7092813
Oncorhynchus mykiss,12,1916,-37,-72,369.6431535,113.0148534,4.216141644,5,967.7092813
Oncorhynchus mykiss,1,6733,-39,-73,86.61666667,134.1309531,6.433685386,6,2359.225673
Oncorhynchus mykiss,1,1351,-38,-72,403.459144,142.8271616,4.5816708,3,3019.392631
Oncorhynchus mykiss,1,1351,-38,-72,403.459144,142.8271616,4.5816708,3,3019.392631
Oncorhynchus mykiss,1,1353,-38,-72,357.6867925,140.7681836,6.289933997,4,3019.392631
Oncorhynchus mykiss,1,1353,-38,-72,357.6867925,140.7681836,6.289933997,4,3019.392631
Oncorhynchus mykiss,1,1349,-38,-72,455.9098039,148.4282426,27.06829148,3,3019.392631
Oncorhynchus mykiss,1,1349,-38,-72,455.9098039,148.4282426,27.06829148,3,3019.392631
Oncorhynchus mykiss,1,1349,-38,-72,455.9098039,148.4282426,27.06829148,3,3019.392631
Oncorhynchus mykiss,1,1351,-38,-72,403.459144,142.8271616,4.5816708,3,3019.392631
Oncorhynchus mykiss,1,1349,-38,-72,455.9098039,148.4282426,27.06829148,3,3019.392631
Oncorhynchus mykiss,1,1349,-38,-72,455.9098039,148.4282426,27.06829148,3,3019.392631
Oncorhynchus mykiss,1,1349,-38,-72,455.9098039,148.4282426,27.06829148,3,3019.392631
Oncorhynchus mykiss,1,1349,-38,-72,455.9098039,148.4282426,27.06829148,3,3019.392631
Oncorhynchus mykiss,1,1349,-38,-72,455.9098039,148.4282426,27.06829148,3,3019.392631
Oncorhynchus mykiss,3,8531,-40,-73,101.7017544,194.25,19.25817239,3,971.5374943
Oncorhynchus mykiss,12,1916,-37,-72,369.6431535,113.0148534,4.216141644,5,967.7092813
Oncorhynchus mykiss,3,8538,-40,-73,45.85964912,187.1979198,11.39652594,3,971.5374943
Oncorhynchus mykiss,12,1916,-37,-72,369.6431535,113.0148534,4.216141644,5,967.7092813
Oncorhynchus mykiss,3,5243,-39,-72,134,134.3333333,3.894006396,5,628.0236726
Oncorhynchus mykiss,1,6733,-39,-73,86.61666667,134.1309531,6.433685386,6,2359.225673
Oncorhynchus mykiss,2,6775,-39,-73,91.29090909,139.761904,7.73398954,4,195.4099444
Oncorhynchus mykiss,12,1918,-37,-72,338.9216418,111.7864594,2.509841725,5,967.7092813
Oncorhynchus mykiss,12,1918,-37,-72,338.9216418,111.7864594,2.509841725,5,967.7092813
Oncorhynchus mykiss,1,8507,-40,-73,38.5,185.2833344,2.664263362,4,971.5374943
Oncorhynchus mykiss,4,1349,-38,-72,455.9098039,148.4282426,27.06829148,3,3019.392631
Oncorhynchus mykiss,3,8530,-40,-73,110.9545455,194.9500031,25.84003993,3,971.5374943
Oncorhynchus mykiss,3,8530,-40,-73,110.9545455,194.9500031,25.84003993,3,971.5374943
Oncorhynchus mykiss,2,1916,-37,-72,369.6431535,113.0148534,4.216141644,5,967.7092813
Oncorhynchus mykiss,3,8536,-40,-73,50.04424779,189.2916641,13.57040073,3,971.5374943
Oncorhynchus mykiss,3,8536,-40,-73,50.04424779,189.2916641,13.57040073,3,971.5374943
Oncorhynchus mykiss,1,1353,-38,-72,357.6867925,140.7681836,6.289933997,4,3019.392631
Oncorhynchus mykiss,2,1916,-37,-72,369.6431535,113.0148534,4.216141644,5,967.7092813
Oncorhynchus mykiss,2,1916,-37,-72,369.6431535,113.0148534,4.216141644,5,967.7092813
Oncorhynchus mykiss,2,1916,-37,-72,369.6431535,113.0148534,4.216141644,5,967.7092813
Oncorhynchus mykiss,12,1907,-37,-72,551.5406504,121.6116509,2.011950759,5,967.7092813
Oncorhynchus mykiss,1,8531,-40,-73,101.7017544,194.25,19.25817239,3,971.5374943
Oncorhynchus mykiss,2,1916,-37,-72,369.6431535,113.0148534,4.216141644,5,967.7092813
Oncorhynchus mykiss,2,1916,-37,-72,369.6431535,113.0148534,4.216141644,5,967.7092813
Oncorhynchus mykiss,12,1907,-37,-72,551.5406504,121.6116509,2.011950759,5,967.7092813
Oncorhynchus mykiss,12,1907,-37,-72,551.5406504,121.6116509,2.011950759,5,967.7092813
Oncorhynchus mykiss,1,1349,-38,-72,455.9098039,148.4282426,27.06829148,3,3019.392631
Oncorhynchus mykiss,1,1349,-38,-72,455.9098039,148.4282426,27.06829148,3,3019.392631
Oncorhynchus mykiss,2,1916,-37,-72,369.6431535,113.0148534,4.216141644,5,967.7092813
Oncorhynchus mykiss,1,6733,-39,-73,86.61666667,134.1309531,6.433685386,6,2359.225673
Oncorhynchus mykiss,3,1353,-38,-72,357.6867925,140.7681836,6.289933997,4,3019.392631
Oncorhynchus mykiss,1,6733,-39,-73,86.61666667,134.1309531,6.433685386,6,2359.225673
Oncorhynchus mykiss,1,1172,-38,-72,256.4545455,122.4354573,1.286548742,6,3019.392631
Oncorhynchus mykiss,1,6733,-39,-73,86.61666667,134.1309531,6.433685386,6,2359.225673
Oncorhynchus mykiss,2,1918,-37,-72,338.9216418,111.7864594,2.509841725,5,967.7092813
Oncorhynchus mykiss,1,6733,-39,-73,86.61666667,134.1309531,6.433685386,6,2359.225673
Oncorhynchus mykiss,1,1353,-38,-72,357.6867925,140.7681836,6.289933997,4,3019.392631
Oncorhynchus mykiss,12,1907,-37,-72,551.5406504,121.6116509,2.011950759,5,967.7092813
Oncorhynchus mykiss,1,8532,-40,-73,86.31818182,192.6666667,18.40214676,3,971.5374943
Oncorhynchus mykiss,1,1349,-38,-72,455.9098039,148.4282426,27.06829148,3,3019.392631
Oncorhynchus mykiss,2,1918,-37,-72,338.9216418,111.7864594,2.509841725,5,967.7092813
Oncorhynchus mykiss,2,1918,-37,-72,338.9216418,111.7864594,2.509841725,5,967.7092813
Oncorhynchus mykiss,2,1918,-37,-72,338.9216418,111.7864594,2.509841725,5,967.7092813
Oncorhynchus mykiss,1,1349,-38,-72,455.9098039,148.4282426,27.06829148,3,3019.392631
Oncorhynchus mykiss,12,1916,-37,-72,369.6431535,113.0148534,4.216141644,5,967.7092813
Oncorhynchus mykiss,1,1349,-38,-72,455.9098039,148.4282426,27.06829148,3,3019.392631
Oncorhynchus mykiss,1,1349,-38,-72,455.9098039,148.4282426,27.06829148,3,3019.392631
Oncorhynchus mykiss,2,1916,-37,-72,369.6431535,113.0148534,4.216141644,5,967.7092813
Oncorhynchus mykiss,1,1349,-38,-72,455.9098039,148.4282426,27.06829148,3,3019.392631
Oncorhynchus mykiss,1,8507,-40,-73,38.5,185.2833344,2.664263362,4,971.5374943
Oncorhynchus mykiss,1,8507,-40,-73,38.5,185.2833344,2.664263362,4,971.5374943
Oncorhynchus mykiss,2,8532,-40,-73,86.31818182,192.6666667,18.40214676,3,971.5374943
Oncorhynchus mykiss,2,1907,-37,-72,551.5406504,121.6116509,2.011950759,5,967.7092813
Oncorhynchus mykiss,2,1907,-37,-72,551.5406504,121.6116509,2.011950759,5,967.7092813
Oncorhynchus mykiss,2,1907,-37,-72,551.5406504,121.6116509,2.011950759,5,967.7092813
Oncorhynchus mykiss,2,8532,-40,-73,86.31818182,192.6666667,18.40214676,3,971.5374943
Oncorhynchus mykiss,1,1342,-38,-72,366.6785714,158.8839576,5.299810607,6,3019.392631
Oncorhynchus mykiss,4,2270,-38,-72,416.0440252,176.5795445,2.294542228,4,3019.392631
Oncorhynchus mykiss,2,1907,-37,-72,551.5406504,121.6116509,2.011950759,5,967.7092813
Oncorhynchus mykiss,1,1353,-38,-72,357.6867925,140.7681836,6.289933997,4,3019.392631
Oncorhynchus mykiss,1,1349,-38,-72,455.9098039,148.4282426,27.06829148,3,3019.392631
Oncorhynchus mykiss,1,2062,-38,-72,298.8237548,132.9436729,13.7936481,6,3019.392631
Oncorhynchus mykiss,1,8528,-40,-72,127.1551724,193.8472214,10.735122,3,971.5374943
Oncorhynchus mykiss,1,1349,-38,-72,455.9098039,148.4282426,27.06829148,3,3019.392631
Oncorhynchus mykiss,1,2064,-38,-72,282.364486,128.6732224,3.156730716,6,3019.392631
Oncorhynchus mykiss,12,1907,-37,-72,551.5406504,121.6116509,2.011950759,5,967.7092813
Oncorhynchus mykiss,2,1916,-37,-72,369.6431535,113.0148534,4.216141644,5,967.7092813
Oncorhynchus mykiss,12,1907,-37,-72,551.5406504,121.6116509,2.011950759,5,967.7092813
Oncorhynchus mykiss,2,1916,-37,-72,369.6431535,113.0148534,4.216141644,5,967.7092813
Oncorhynchus mykiss,12,1907,-37,-72,551.5406504,121.6116509,2.011950759,5,967.7092813
Oncorhynchus mykiss,2,1916,-37,-72,369.6431535,113.0148534,4.216141644,5,967.7092813
Oncorhynchus mykiss,12,1907,-37,-72,551.5406504,121.6116509,2.011950759,5,967.7092813
Oncorhynchus mykiss,3,1353,-38,-72,357.6867925,140.7681836,6.289933997,4,3019.392631
Oncorhynchus mykiss,3,1353,-38,-72,357.6867925,140.7681836,6.289933997,4,3019.392631
Oncorhynchus mykiss,1,6733,-39,-73,86.61666667,134.1309531,6.433685386,6,2359.225673
Oncorhynchus mykiss,1,1172,-38,-72,256.4545455,122.4354573,1.286548742,6,3019.392631
Oncorhynchus mykiss,12,1916,-37,-72,369.6431535,113.0148534,4.216141644,5,967.7092813
Oncorhynchus mykiss,2,8507,-40,-73,38.5,185.2833344,2.664263362,4,971.5374943
Oncorhynchus mykiss,1,1353,-38,-72,357.6867925,140.7681836,6.289933997,4,3019.392631
Oncorhynchus mykiss,1,6733,-39,-73,86.61666667,134.1309531,6.433685386,6,2359.225673
Oncorhynchus mykiss,1,1353,-38,-72,357.6867925,140.7681836,6.289933997,4,3019.392631
Oncorhynchus mykiss,12,1907,-37,-72,551.5406504,121.6116509,2.011950759,5,967.7092813
Oncorhynchus mykiss,12,1907,-37,-72,551.5406504,121.6116509,2.011950759,5,967.7092813
Oncorhynchus mykiss,1,1351,-38,-72,403.459144,142.8271616,4.5816708,3,3019.392631
Oncorhynchus mykiss,12,1916,-37,-72,369.6431535,113.0148534,4.216141644,5,967.7092813
Oncorhynchus mykiss,12,1916,-37,-72,369.6431535,113.0148534,4.216141644,5,967.7092813
Oncorhynchus mykiss,12,1916,-37,-72,369.6431535,113.0148534,4.216141644,5,967.7092813
Oncorhynchus mykiss,1,1173,-38,-72,241.6390977,120.9665176,2.296090808,6,3526.717392
Oncorhynchus mykiss,12,1907,-37,-72,551.5406504,121.6116509,2.011950759,5,967.7092813
Oncorhynchus mykiss,12,1918,-37,-72,338.9216418,111.7864594,2.509841725,5,967.7092813
Oncorhynchus mykiss,12,1918,-37,-72,338.9216418,111.7864594,2.509841725,5,967.7092813
Oncorhynchus mykiss,1,2062,-38,-72,298.8237548,132.9436729,13.7936481,6,3019.392631
Oncorhynchus mykiss,12,1918,-37,-72,338.9216418,111.7864594,2.509841725,5,967.7092813
Oncorhynchus mykiss,3,8538,-40,-73,45.85964912,187.1979198,11.39652594,3,971.5374943
Oncorhynchus mykiss,1,8527,-40,-72,127.3928571,193.9722214,16.10434568,3,971.5374943
Oncorhynchus mykiss,3,8532,-40,-73,86.31818182,192.6666667,18.40214676,3,971.5374943
Oncorhynchus mykiss,12,1916,-37,-72,369.6431535,113.0148534,4.216141644,5,967.7092813
Oncorhynchus mykiss,2,1907,-37,-72,551.5406504,121.6116509,2.011950759,5,967.7092813
Oncorhynchus mykiss,4,2270,-38,-72,416.0440252,176.5795445,2.294542228,4,3019.392631
Oncorhynchus mykiss,1,2067,-38,-72,264.8429119,123.1311731,1.984076042,6,3019.392631
Oncorhynchus mykiss,2,8530,-40,-73,110.9545455,194.9500031,25.84003993,3,971.5374943
Oncorhynchus mykiss,1,1353,-38,-72,357.6867925,140.7681836,6.289933997,4,3019.392631
Oncorhynchus mykiss,1,1353,-38,-72,357.6867925,140.7681836,6.289933997,4,3019.392631
Oncorhynchus mykiss,1,1353,-38,-72,357.6867925,140.7681836,6.289933997,4,3019.392631
Oncorhynchus mykiss,1,1353,-38,-72,357.6867925,140.7681836,6.289933997,4,3019.392631
Oncorhynchus mykiss,1,1353,-38,-72,357.6867925,140.7681836,6.289933997,4,3019.392631
Oncorhynchus mykiss,1,1173,-38,-72,241.6390977,120.9665176,2.296090808,6,3526.717392
Oncorhynchus mykiss,1,1349,-38,-72,455.9098039,148.4282426,27.06829148,3,3019.392631
Oncorhynchus mykiss,1,1349,-38,-72,455.9098039,148.4282426,27.06829148,3,3019.392631
Oncorhynchus mykiss,1,1349,-38,-72,455.9098039,148.4282426,27.06829148,3,3019.392631
Oncorhynchus mykiss,2,1916,-37,-72,369.6431535,113.0148534,4.216141644,5,967.7092813
Oncorhynchus mykiss,2,1916,-37,-72,369.6431535,113.0148534,4.216141644,5,967.7092813
Oncorhynchus mykiss,2,1916,-37,-72,369.6431535,113.0148534,4.216141644,5,967.7092813
Oncorhynchus mykiss,3,1353,-38,-72,357.6867925,140.7681836,6.289933997,4,3019.392631
Oncorhynchus mykiss,3,1353,-38,-72,357.6867925,140.7681836,6.289933997,4,3019.392631
Oncorhynchus mykiss,2,1916,-37,-72,369.6431535,113.0148534,4.216141644,5,967.7092813
Oncorhynchus mykiss,3,1353,-38,-72,357.6867925,140.7681836,6.289933997,4,3019.392631
Oncorhynchus mykiss,3,8539,-40,-73,44.54807692,186.6944453,11.19482029,3,971.5374943
Oncorhynchus mykiss,1,6733,-39,-73,86.61666667,134.1309531,6.433685386,6,2359.225673
Oncorhynchus mykiss,1,1351,-38,-72,403.459144,142.8271616,4.5816708,3,3019.392631
Oncorhynchus mykiss,1,1349,-38,-72,455.9098039,148.4282426,27.06829148,3,3019.392631
Oncorhynchus mykiss,1,1349,-38,-72,455.9098039,148.4282426,27.06829148,3,3019.392631
Oncorhynchus mykiss,1,1351,-38,-72,403.459144,142.8271616,4.5816708,3,3019.392631
Oncorhynchus mykiss,2,1918,-37,-72,338.9216418,111.7864594,2.509841725,5,967.7092813
Oncorhynchus mykiss,3,8538,-40,-73,45.85964912,187.1979198,11.39652594,3,971.5374943
Oncorhynchus mykiss,1,1349,-38,-72,455.9098039,148.4282426,27.06829148,3,3019.392631
Oncorhynchus mykiss,1,1349,-38,-72,455.9098039,148.4282426,27.06829148,3,3019.392631
Oncorhynchus mykiss,12,1916,-37,-72,369.6431535,113.0148534,4.216141644,5,967.7092813
Oncorhynchus mykiss,1,1349,-38,-72,455.9098039,148.4282426,27.06829148,3,3019.392631
Oncorhynchus mykiss,2,8539,-40,-73,44.54807692,186.6944453,11.19482029,3,971.5374943
Oncorhynchus mykiss,2,1916,-37,-72,369.6431535,113.0148534,4.216141644,5,967.7092813
Oncorhynchus mykiss,3,8530,-40,-73,110.9545455,194.9500031,25.84003993,3,971.5374943
Oncorhynchus mykiss,3,8530,-40,-73,110.9545455,194.9500031,25.84003993,3,971.5374943
Oncorhynchus mykiss,2,1916,-37,-72,369.6431535,113.0148534,4.216141644,5,967.7092813
Oncorhynchus mykiss,4,2270,-38,-72,416.0440252,176.5795445,2.294542228,4,3019.392631
Oncorhynchus mykiss,4,2270,-38,-72,416.0440252,176.5795445,2.294542228,4,3019.392631
Oncorhynchus mykiss,1,8530,-40,-73,110.9545455,194.9500031,25.84003993,3,971.5374943
Oncorhynchus mykiss,3,8532,-40,-73,86.31818182,192.6666667,18.40214676,3,971.5374943
Oncorhynchus mykiss,2,1907,-37,-72,551.5406504,121.6116509,2.011950759,5,967.7092813
Oncorhynchus mykiss,3,1174,-38,-72,187.8987854,111.7043264,1.16080209,6,3526.717392
Oncorhynchus mykiss,2,1916,-37,-72,369.6431535,113.0148534,4.216141644,5,967.7092813
Oncorhynchus mykiss,1,1349,-38,-72,455.9098039,148.4282426,27.06829148,3,3019.392631
Oncorhynchus mykiss,1,7862,-34,-70,909.8095238,50.29166603,13.99677827,4,110.863717
Oncorhynchus mykiss,1,1349,-38,-72,455.9098039,148.4282426,27.06829148,3,3019.392631
Oncorhynchus mykiss,2,1919,-37,-72,325.7125984,112.264937,2.674051057,5,967.7092813
Oncorhynchus mykiss,1,1173,-38,-72,241.6390977,120.9665176,2.296090808,6,3526.717392
Oncorhynchus mykiss,1,6733,-39,-73,86.61666667,134.1309531,6.433685386,6,2359.225673
Oncorhynchus mykiss,1,6733,-39,-73,86.61666667,134.1309531,6.433685386,6,2359.225673
Oncorhynchus mykiss,1,6733,-39,-73,86.61666667,134.1309531,6.433685386,6,2359.225673
Oncorhynchus mykiss,2,1909,-37,-72,511.2031873,119.9583311,1.537121968,5,967.7092813
Oncorhynchus mykiss,2,1916,-37,-72,369.6431535,113.0148534,4.216141644,5,967.7092813
Oncorhynchus mykiss,2,1916,-37,-72,369.6431535,113.0148534,4.216141644,5,967.7092813
Oncorhynchus mykiss,12,1907,-37,-72,551.5406504,121.6116509,2.011950759,5,967.7092813
Oncorhynchus mykiss,12,1907,-37,-72,551.5406504,121.6116509,2.011950759,5,967.7092813
Oncorhynchus mykiss,2,1916,-37,-72,369.6431535,113.0148534,4.216141644,5,967.7092813
Oncorhynchus mykiss,2,1916,-37,-72,369.6431535,113.0148534,4.216141644,5,967.7092813
Oncorhynchus mykiss,1,1349,-38,-72,455.9098039,148.4282426,27.06829148,3,3019.392631
Oncorhynchus mykiss,2,8531,-40,-73,101.7017544,194.25,19.25817239,3,971.5374943
Oncorhynchus mykiss,3,1353,-38,-72,357.6867925,140.7681836,6.289933997,4,3019.392631
Oncorhynchus mykiss,3,1353,-38,-72,357.6867925,140.7681836,6.289933997,4,3019.392631
Oncorhynchus mykiss,1,6733,-39,-73,86.61666667,134.1309531,6.433685386,6,2359.225673
Oncorhynchus mykiss,1,1353,-38,-72,357.6867925,140.7681836,6.289933997,4,3019.392631
Oncorhynchus mykiss,2,1916,-37,-72,369.6431535,113.0148534,4.216141644,5,967.7092813
Oncorhynchus mykiss,2,1916,-37,-72,369.6431535,113.0148534,4.216141644,5,967.7092813
Oncorhynchus mykiss,2,8532,-40,-73,86.31818182,192.6666667,18.40214676,3,971.5374943
Oncorhynchus mykiss,2,1919,-37,-72,325.7125984,112.264937,2.674051057,5,967.7092813
Oncorhynchus mykiss,1,6733,-39,-73,86.61666667,134.1309531,6.433685386,6,2359.225673
Oncorhynchus mykiss,12,1907,-37,-72,551.5406504,121.6116509,2.011950759,5,967.7092813
Oncorhynchus mykiss,12,1907,-37,-72,551.5406504,121.6116509,2.011950759,5,967.7092813
Oncorhynchus mykiss,1,8532,-40,-73,86.31818182,192.6666667,18.40214676,3,971.5374943
Oncorhynchus mykiss,1,8532,-40,-73,86.31818182,192.6666667,18.40214676,3,971.5374943
Oncorhynchus mykiss,1,1353,-38,-72,357.6867925,140.7681836,6.289933997,4,3019.392631
Oncorhynchus mykiss,2,1918,-37,-72,338.9216418,111.7864594,2.509841725,5,967.7092813
Oncorhynchus mykiss,12,1918,-37,-72,338.9216418,111.7864594,2.509841725,5,967.7092813
Oncorhynchus mykiss,12,1916,-37,-72,369.6431535,113.0148534,4.216141644,5,967.7092813
Oncorhynchus mykiss,1,1349,-38,-72,455.9098039,148.4282426,27.06829148,3,3019.392631
Oncorhynchus mykiss,1,1349,-38,-72,455.9098039,148.4282426,27.06829148,3,3019.392631
Oncorhynchus mykiss,12,1918,-37,-72,338.9216418,111.7864594,2.509841725,5,967.7092813
Oncorhynchus mykiss,1,1349,-38,-72,455.9098039,148.4282426,27.06829148,3,3019.392631
Oncorhynchus mykiss,1,1349,-38,-72,455.9098039,148.4282426,27.06829148,3,3019.392631
Oncorhynchus mykiss,1,1172,-38,-72,256.4545455,122.4354573,1.286548742,6,3019.392631
Oncorhynchus mykiss,2,1919,-37,-72,325.7125984,112.264937,2.674051057,5,967.7092813
Oncorhynchus mykiss,2,1919,-37,-72,325.7125984,112.264937,2.674051057,5,967.7092813
Oncorhynchus mykiss,2,1919,-37,-72,325.7125984,112.264937,2.674051057,5,967.7092813
Oncorhynchus mykiss,2,1919,-37,-72,325.7125984,112.264937,2.674051057,5,967.7092813
Oncorhynchus mykiss,2,8532,-40,-73,86.31818182,192.6666667,18.40214676,3,971.5374943
Oncorhynchus mykiss,2,8532,-40,-73,86.31818182,192.6666667,18.40214676,3,971.5374943
Oncorhynchus mykiss,2,8532,-40,-73,86.31818182,192.6666667,18.40214676,3,971.5374943
Oncorhynchus mykiss,2,1907,-37,-72,551.5406504,121.6116509,2.011950759,5,967.7092813
Oncorhynchus mykiss,3,8531,-40,-73,101.7017544,194.25,19.25817239,3,971.5374943
Oncorhynchus mykiss,2,1907,-37,-72,551.5406504,121.6116509,2.011950759,5,967.7092813
Oncorhynchus mykiss,3,1174,-38,-72,187.8987854,111.7043264,1.16080209,6,3526.717392
Oncorhynchus mykiss,2,1916,-37,-72,369.6431535,113.0148534,4.216141644,5,967.7092813
Oncorhynchus mykiss,12,1907,-37,-72,551.5406504,121.6116509,2.011950759,5,967.7092813
Oncorhynchus mykiss,1,1349,-38,-72,455.9098039,148.4282426,27.06829148,3,3019.392631
Oncorhynchus mykiss,2,8531,-40,-73,101.7017544,194.25,19.25817239,3,971.5374943
Oncorhynchus mykiss,1,1353,-38,-72,357.6867925,140.7681836,6.289933997,4,3019.392631
Oncorhynchus mykiss,1,6733,-39,-73,86.61666667,134.1309531,6.433685386,6,2359.225673
Oncorhynchus mykiss,2,1916,-37,-72,369.6431535,113.0148534,4.216141644,5,967.7092813
Oncorhynchus mykiss,2,1909,-37,-72,511.2031873,119.9583311,1.537121968,5,967.7092813
Oncorhynchus mykiss,12,1907,-37,-72,551.5406504,121.6116509,2.011950759,5,967.7092813
Oncorhynchus mykiss,4,2270,-38,-72,416.0440252,176.5795445,2.294542228,4,3019.392631
Oncorhynchus mykiss,12,1916,-37,-72,369.6431535,113.0148534,4.216141644,5,967.7092813
Oncorhynchus mykiss,2,1916,-37,-72,369.6431535,113.0148534,4.216141644,5,967.7092813
Oncorhynchus mykiss,3,8531,-40,-73,101.7017544,194.25,19.25817239,3,971.5374943
Oncorhynchus mykiss,2,1916,-37,-72,369.6431535,113.0148534,4.216141644,5,967.7092813
Oncorhynchus mykiss,3,8531,-40,-73,101.7017544,194.25,19.25817239,3,971.5374943
Oncorhynchus mykiss,1,1349,-38,-72,455.9098039,148.4282426,27.06829148,3,3019.392631
Oncorhynchus mykiss,1,1349,-38,-72,455.9098039,148.4282426,27.06829148,3,3019.392631
Oncorhynchus mykiss,12,1907,-37,-72,551.5406504,121.6116509,2.011950759,5,967.7092813
Oncorhynchus mykiss,2,1916,-37,-72,369.6431535,113.0148534,4.216141644,5,967.7092813
Oncorhynchus mykiss,2,1916,-37,-72,369.6431535,113.0148534,4.216141644,5,967.7092813
Oncorhynchus mykiss,12,1917,-37,-72,354.5454545,112.3168151,3.603549118,5,967.7092813
Oncorhynchus mykiss,2,1916,-37,-72,369.6431535,113.0148534,4.216141644,5,967.7092813
Oncorhynchus mykiss,2,1916,-37,-72,369.6431535,113.0148534,4.216141644,5,967.7092813
Oncorhynchus mykiss,2,8507,-40,-73,38.5,185.2833344,2.664263362,4,971.5374943
Oncorhynchus mykiss,12,1907,-37,-72,551.5406504,121.6116509,2.011950759,5,967.7092813
Oncorhynchus mykiss,12,1907,-37,-72,551.5406504,121.6116509,2.011950759,5,967.7092813
Oncorhynchus mykiss,3,5243,-39,-72,134,134.3333333,3.894006396,5,628.0236726
Oncorhynchus mykiss,1,8532,-40,-73,86.31818182,192.6666667,18.40214676,3,971.5374943
Oncorhynchus mykiss,1,2062,-38,-72,298.8237548,132.9436729,13.7936481,6,3019.392631
Oncorhynchus mykiss,2,1918,-37,-72,338.9216418,111.7864594,2.509841725,5,967.7092813
Oncorhynchus mykiss,1,8530,-40,-73,110.9545455,194.9500031,25.84003993,3,971.5374943
Oncorhynchus mykiss,1,1349,-38,-72,455.9098039,148.4282426,27.06829148,3,3019.392631
Oncorhynchus mykiss,1,1349,-38,-72,455.9098039,148.4282426,27.06829148,3,3019.392631
Oncorhynchus mykiss,1,1349,-38,-72,455.9098039,148.4282426,27.06829148,3,3019.392631
Oncorhynchus mykiss,2,1916,-37,-72,369.6431535,113.0148534,4.216141644,5,967.7092813
Oncorhynchus mykiss,1,8539,-40,-73,44.54807692,186.6944453,11.19482029,3,971.5374943
Oncorhynchus mykiss,1,1349,-38,-72,455.9098039,148.4282426,27.06829148,3,3019.392631
Oncorhynchus mykiss,1,1349,-38,-72,455.9098039,148.4282426,27.06829148,3,3019.392631
Oncorhynchus mykiss,1,1353,-38,-72,357.6867925,140.7681836,6.289933997,4,3019.392631
Oncorhynchus mykiss,4,2270,-38,-72,416.0440252,176.5795445,2.294542228,4,3019.392631
Oncorhynchus mykiss,3,5243,-39,-72,134,134.3333333,3.894006396,5,628.0236726
Oncorhynchus mykiss,1,8527,-40,-72,127.3928571,193.9722214,16.10434568,3,971.5374943
Oncorhynchus mykiss,1,8527,-40,-72,127.3928571,193.9722214,16.10434568,3,971.5374943
Oncorhynchus mykiss,1,8527,-40,-72,127.3928571,193.9722214,16.10434568,3,971.5374943
Oncorhynchus mykiss,3,8538,-40,-73,45.85964912,187.1979198,11.39652594,3,971.5374943
Oncorhynchus mykiss,1,8527,-40,-72,127.3928571,193.9722214,16.10434568,3,971.5374943
Oncorhynchus mykiss,1,8527,-40,-72,127.3928571,193.9722214,16.10434568,3,971.5374943
Oncorhynchus mykiss,1,1349,-38,-72,455.9098039,148.4282426,27.06829148,3,3019.392631
Oncorhynchus mykiss,3,8531,-40,-73,101.7017544,194.25,19.25817239,3,971.5374943
Oncorhynchus mykiss,3,8531,-40,-73,101.7017544,194.25,19.25817239,3,971.5374943
Oncorhynchus mykiss,2,1916,-37,-72,369.6431535,113.0148534,4.216141644,5,967.7092813
Oncorhynchus mykiss,1,1349,-38,-72,455.9098039,148.4282426,27.06829148,3,3019.392631
Oncorhynchus mykiss,2,8539,-40,-73,44.54807692,186.6944453,11.19482029,3,971.5374943
Oncorhynchus mykiss,1,1349,-38,-72,455.9098039,148.4282426,27.06829148,3,3019.392631
Oncorhynchus mykiss,1,8536,-40,-73,50.04424779,189.2916641,13.57040073,3,971.5374943
Oncorhynchus mykiss,12,1917,-37,-72,354.5454545,112.3168151,3.603549118,5,967.7092813
Oncorhynchus mykiss,12,1917,-37,-72,354.5454545,112.3168151,3.603549118,5,967.7092813
Oncorhynchus mykiss,12,1917,-37,-72,354.5454545,112.3168151,3.603549118,5,967.7092813
Oncorhynchus mykiss,3,8539,-40,-73,44.54807692,186.6944453,11.19482029,3,971.5374943
Oncorhynchus mykiss,1,8528,-40,-72,127.1551724,193.8472214,10.735122,3,971.5374943
Oncorhynchus mykiss,2,1916,-37,-72,369.6431535,113.0148534,4.216141644,5,967.7092813
Oncorhynchus mykiss,2,1916,-37,-72,369.6431535,113.0148534,4.216141644,5,967.7092813
Oncorhynchus mykiss,1,1349,-38,-72,455.9098039,148.4282426,27.06829148,3,3019.392631
Oncorhynchus mykiss,1,6733,-39,-73,86.61666667,134.1309531,6.433685386,6,2359.225673
Oncorhynchus mykiss,1,1349,-38,-72,455.9098039,148.4282426,27.06829148,3,3019.392631
Oncorhynchus mykiss,2,1909,-37,-72,511.2031873,119.9583311,1.537121968,5,967.7092813
Oncorhynchus mykiss,1,1353,-38,-72,357.6867925,140.7681836,6.289933997,4,3019.392631
Oncorhynchus mykiss,1,1351,-38,-72,403.459144,142.8271616,4.5816708,3,3019.392631
Oncorhynchus mykiss,2,1916,-37,-72,369.6431535,113.0148534,4.216141644,5,967.7092813
Oncorhynchus mykiss,2,1907,-37,-72,551.5406504,121.6116509,2.011950759,5,967.7092813
Oncorhynchus mykiss,2,1907,-37,-72,551.5406504,121.6116509,2.011950759,5,967.7092813
Oncorhynchus mykiss,1,1349,-38,-72,455.9098039,148.4282426,27.06829148,3,3019.392631
Oncorhynchus mykiss,1,1349,-38,-72,455.9098039,148.4282426,27.06829148,3,3019.392631
Oncorhynchus mykiss,2,1916,-37,-72,369.6431535,113.0148534,4.216141644,5,967.7092813
Oncorhynchus mykiss,12,1918,-37,-72,338.9216418,111.7864594,2.509841725,5,967.7092813
Oncorhynchus mykiss,1,6733,-39,-73,86.61666667,134.1309531,6.433685386,6,2359.225673
Oncorhynchus mykiss,3,1365,-38,-72,223.8059701,118.6614585,2.048679998,6,3526.717392
Oncorhynchus mykiss,2,1916,-37,-72,369.6431535,113.0148534,4.216141644,5,967.7092813
Oncorhynchus mykiss,2,1916,-37,-72,369.6431535,113.0148534,4.216141644,5,967.7092813
Oncorhynchus mykiss,1,6733,-39,-73,86.61666667,134.1309531,6.433685386,6,2359.225673
Oncorhynchus mykiss,1,1353,-38,-72,357.6867925,140.7681836,6.289933997,4,3019.392631
Oncorhynchus mykiss,3,8530,-40,-73,110.9545455,194.9500031,25.84003993,3,971.5374943
Oncorhynchus mykiss,12,1907,-37,-72,551.5406504,121.6116509,2.011950759,5,967.7092813
Oncorhynchus mykiss,12,1907,-37,-72,551.5406504,121.6116509,2.011950759,5,967.7092813
Oncorhynchus mykiss,1,1349,-38,-72,455.9098039,148.4282426,27.06829148,3,3019.392631
Oncorhynchus mykiss,2,1909,-37,-72,511.2031873,119.9583311,1.537121968,5,967.7092813
Oncorhynchus mykiss,1,2067,-38,-72,264.8429119,123.1311731,1.984076042,6,3019.392631
Oncorhynchus mykiss,4,1349,-38,-72,455.9098039,148.4282426,27.06829148,3,3019.392631
Oncorhynchus mykiss,1,1349,-38,-72,455.9098039,148.4282426,27.06829148,3,3019.392631
Oncorhynchus mykiss,2,1907,-37,-72,551.5406504,121.6116509,2.011950759,5,967.7092813
Oncorhynchus mykiss,1,1349,-38,-72,455.9098039,148.4282426,27.06829148,3,3019.392631
Oncorhynchus mykiss,3,8531,-40,-73,101.7017544,194.25,19.25817239,3,971.5374943
Oncorhynchus mykiss,3,8531,-40,-73,101.7017544,194.25,19.25817239,3,971.5374943
Oncorhynchus mykiss,12,1916,-37,-72,369.6431535,113.0148534,4.216141644,5,967.7092813
Oncorhynchus mykiss,1,1349,-38,-72,455.9098039,148.4282426,27.06829148,3,3019.392631
Oncorhynchus mykiss,1,1349,-38,-72,455.9098039,148.4282426,27.06829148,3,3019.392631
Oncorhynchus mykiss,3,1353,-38,-72,357.6867925,140.7681836,6.289933997,4,3019.392631
Oncorhynchus mykiss,3,1353,-38,-72,357.6867925,140.7681836,6.289933997,4,3019.392631
Oncorhynchus mykiss,1,1353,-38,-72,357.6867925,140.7681836,6.289933997,4,3019.392631
Oncorhynchus mykiss,1,6733,-39,-73,86.61666667,134.1309531,6.433685386,6,2359.225673
Oncorhynchus mykiss,1,1349,-38,-72,455.9098039,148.4282426,27.06829148,3,3019.392631
Oncorhynchus mykiss,2,1918,-37,-72,338.9216418,111.7864594,2.509841725,5,967.7092813
Oncorhynchus mykiss,2,1916,-37,-72,369.6431535,113.0148534,4.216141644,5,967.7092813
Oncorhynchus mykiss,2,1907,-37,-72,551.5406504,121.6116509,2.011950759,5,967.7092813
Oncorhynchus mykiss,2,1916,-37,-72,369.6431535,113.0148534,4.216141644,5,967.7092813
Oncorhynchus mykiss,2,1916,-37,-72,369.6431535,113.0148534,4.216141644,5,967.7092813
Oncorhynchus mykiss,2,1916,-37,-72,369.6431535,113.0148534,4.216141644,5,967.7092813
Oncorhynchus mykiss,2,1916,-37,-72,369.6431535,113.0148534,4.216141644,5,967.7092813
Oncorhynchus mykiss,1,1173,-38,-72,241.6390977,120.9665176,2.296090808,6,3526.717392
Oncorhynchus mykiss,1,6733,-39,-73,86.61666667,134.1309531,6.433685386,6,2359.225673
Oncorhynchus mykiss,1,8530,-40,-73,110.9545455,194.9500031,25.84003993,3,971.5374943
Oncorhynchus mykiss,2,1918,-37,-72,338.9216418,111.7864594,2.509841725,5,967.7092813
Oncorhynchus mykiss,2,1918,-37,-72,338.9216418,111.7864594,2.509841725,5,967.7092813
Oncorhynchus mykiss,2,1918,-37,-72,338.9216418,111.7864594,2.509841725,5,967.7092813
Oncorhynchus mykiss,4,2270,-38,-72,416.0440252,176.5795445,2.294542228,4,3019.392631
Oncorhynchus mykiss,2,1918,-37,-72,338.9216418,111.7864594,2.509841725,5,967.7092813
Oncorhynchus mykiss,1,2062,-38,-72,298.8237548,132.9436729,13.7936481,6,3019.392631
Oncorhynchus mykiss,1,1349,-38,-72,455.9098039,148.4282426,27.06829148,3,3019.392631
Oncorhynchus mykiss,1,2062,-38,-72,298.8237548,132.9436729,13.7936481,6,3019.392631
Oncorhynchus mykiss,1,2062,-38,-72,298.8237548,132.9436729,13.7936481,6,3019.392631
Oncorhynchus mykiss,1,6733,-39,-73,86.61666667,134.1309531,6.433685386,6,2359.225673
Oncorhynchus mykiss,3,1353,-38,-72,357.6867925,140.7681836,6.289933997,4,3019.392631
Oncorhynchus mykiss,3,1365,-38,-72,223.8059701,118.6614585,2.048679998,6,3526.717392
Oncorhynchus mykiss,1,1342,-38,-72,366.6785714,158.8839576,5.299810607,6,3019.392631
Oncorhynchus mykiss,1,8527,-40,-72,127.3928571,193.9722214,16.10434568,3,971.5374943
Oncorhynchus mykiss,1,8527,-40,-72,127.3928571,193.9722214,16.10434568,3,971.5374943
Oncorhynchus mykiss,1,8527,-40,-72,127.3928571,193.9722214,16.10434568,3,971.5374943
Oncorhynchus mykiss,1,1353,-38,-72,357.6867925,140.7681836,6.289933997,4,3019.392631
Oncorhynchus mykiss,1,1349,-38,-72,455.9098039,148.4282426,27.06829148,3,3019.392631
Oncorhynchus mykiss,1,8530,-40,-73,110.9545455,194.9500031,25.84003993,3,971.5374943
Oncorhynchus mykiss,1,1349,-38,-72,455.9098039,148.4282426,27.06829148,3,3019.392631
Oncorhynchus mykiss,1,2067,-38,-72,264.8429119,123.1311731,1.984076042,6,3019.392631
Oncorhynchus mykiss,2,1918,-37,-72,338.9216418,111.7864594,2.509841725,5,967.7092813
Oncorhynchus mykiss,1,1349,-38,-72,455.9098039,148.4282426,27.06829148,3,3019.392631
Oncorhynchus mykiss,1,1173,-38,-72,241.6390977,120.9665176,2.296090808,6,3526.717392
Oncorhynchus mykiss,1,8527,-40,-72,127.3928571,193.9722214,16.10434568,3,971.5374943
Oncorhynchus mykiss,2,1909,-37,-72,511.2031873,119.9583311,1.537121968,5,967.7092813
Oncorhynchus mykiss,1,1173,-38,-72,241.6390977,120.9665176,2.296090808,6,3526.717392
Oncorhynchus mykiss,12,1907,-37,-72,551.5406504,121.6116509,2.011950759,5,967.7092813
Oncorhynchus mykiss,1,1353,-38,-72,357.6867925,140.7681836,6.289933997,4,3019.392631
Oncorhynchus mykiss,1,1353,-38,-72,357.6867925,140.7681836,6.289933997,4,3019.392631
Oncorhynchus mykiss,2,1916,-37,-72,369.6431535,113.0148534,4.216141644,5,967.7092813
Oncorhynchus mykiss,2,1916,-37,-72,369.6431535,113.0148534,4.216141644,5,967.7092813
Oncorhynchus mykiss,2,1916,-37,-72,369.6431535,113.0148534,4.216141644,5,967.7092813
Oncorhynchus mykiss,1,8530,-40,-73,110.9545455,194.9500031,25.84003993,3,971.5374943
Oncorhynchus mykiss,2,8532,-40,-73,86.31818182,192.6666667,18.40214676,3,971.5374943
Oncorhynchus mykiss,1,1173,-38,-72,241.6390977,120.9665176,2.296090808,6,3526.717392
Oncorhynchus mykiss,3,5243,-39,-72,134,134.3333333,3.894006396,5,628.0236726
Oncorhynchus mykiss,1,8532,-40,-73,86.31818182,192.6666667,18.40214676,3,971.5374943
Oncorhynchus mykiss,3,5243,-39,-72,134,134.3333333,3.894006396,5,628.0236726
Oncorhynchus mykiss,3,5243,-39,-72,134,134.3333333,3.894006396,5,628.0236726
Oncorhynchus mykiss,1,2062,-38,-72,298.8237548,132.9436729,13.7936481,6,3019.392631
Oncorhynchus mykiss,1,2062,-38,-72,298.8237548,132.9436729,13.7936481,6,3019.392631
Oncorhynchus mykiss,1,1349,-38,-72,455.9098039,148.4282426,27.06829148,3,3019.392631
Oncorhynchus mykiss,1,6733,-39,-73,86.61666667,134.1309531,6.433685386,6,2359.225673
Oncorhynchus mykiss,1,8532,-40,-73,86.31818182,192.6666667,18.40214676,3,971.5374943
Oncorhynchus mykiss,12,1917,-37,-72,354.5454545,112.3168151,3.603549118,5,967.7092813
Oncorhynchus mykiss,2,1907,-37,-72,551.5406504,121.6116509,2.011950759,5,967.7092813
Oncorhynchus mykiss,12,1907,-37,-72,551.5406504,121.6116509,2.011950759,5,967.7092813
Oncorhynchus mykiss,1,8527,-40,-72,127.3928571,193.9722214,16.10434568,3,971.5374943
Oncorhynchus mykiss,1,1349,-38,-72,455.9098039,148.4282426,27.06829148,3,3019.392631
Oncorhynchus mykiss,3,8531,-40,-73,101.7017544,194.25,19.25817239,3,971.5374943
Oncorhynchus mykiss,1,2064,-38,-72,282.364486,128.6732224,3.156730716,6,3019.392631
Oncorhynchus mykiss,1,8527,-40,-72,127.3928571,193.9722214,16.10434568,3,971.5374943
Oncorhynchus mykiss,1,1173,-38,-72,241.6390977,120.9665176,2.296090808,6,3526.717392
Oncorhynchus mykiss,1,2063,-38,-72,290.1971831,129.7125486,1.974997731,6,3019.392631
Oncorhynchus mykiss,1,8530,-40,-73,110.9545455,194.9500031,25.84003993,3,971.5374943
Oncorhynchus mykiss,1,2062,-38,-72,298.8237548,132.9436729,13.7936481,6,3019.392631
Oncorhynchus mykiss,1,1173,-38,-72,241.6390977,120.9665176,2.296090808,6,3526.717392
Oncorhynchus mykiss,2,1916,-37,-72,369.6431535,113.0148534,4.216141644,5,967.7092813
Oncorhynchus mykiss,2,8536,-40,-73,50.04424779,189.2916641,13.57040073,3,971.5374943
Oncorhynchus mykiss,12,1907,-37,-72,551.5406504,121.6116509,2.011950759,5,967.7092813
Oncorhynchus mykiss,2,1916,-37,-72,369.6431535,113.0148534,4.216141644,5,967.7092813
Oncorhynchus mykiss,1,1342,-38,-72,366.6785714,158.8839576,5.299810607,6,3019.392631
Oncorhynchus mykiss,3,8530,-40,-73,110.9545455,194.9500031,25.84003993,3,971.5374943
Oncorhynchus mykiss,1,2064,-38,-72,282.364486,128.6732224,3.156730716,6,3019.392631
Oncorhynchus mykiss,12,1907,-37,-72,551.5406504,121.6116509,2.011950759,5,967.7092813
Oncorhynchus mykiss,1,1173,-38,-72,241.6390977,120.9665176,2.296090808,6,3526.717392
Oncorhynchus mykiss,3,8530,-40,-73,110.9545455,194.9500031,25.84003993,3,971.5374943
Oncorhynchus mykiss,3,8531,-40,-73,101.7017544,194.25,19.25817239,3,971.5374943
Oncorhynchus mykiss,12,1907,-37,-72,551.5406504,121.6116509,2.011950759,5,967.7092813
Oncorhynchus mykiss,1,1353,-38,-72,357.6867925,140.7681836,6.289933997,4,3019.392631
Oncorhynchus mykiss,1,8527,-40,-72,127.3928571,193.9722214,16.10434568,3,971.5374943
Oncorhynchus mykiss,1,1349,-38,-72,455.9098039,148.4282426,27.06829148,3,3019.392631
Oncorhynchus mykiss,3,8538,-40,-73,45.85964912,187.1979198,11.39652594,3,971.5374943
Oncorhynchus mykiss,2,1916,-37,-72,369.6431535,113.0148534,4.216141644,5,967.7092813
Oncorhynchus mykiss,1,2064,-38,-72,282.364486,128.6732224,3.156730716,6,3019.392631
Oncorhynchus mykiss,3,8532,-40,-73,86.31818182,192.6666667,18.40214676,3,971.5374943
Oncorhynchus mykiss,3,8507,-40,-73,38.5,185.2833344,2.664263362,4,971.5374943
Oncorhynchus mykiss,1,8527,-40,-72,127.3928571,193.9722214,16.10434568,3,971.5374943
Oncorhynchus mykiss,1,8527,-40,-72,127.3928571,193.9722214,16.10434568,3,971.5374943
Oncorhynchus mykiss,2,1916,-37,-72,369.6431535,113.0148534,4.216141644,5,967.7092813
Oncorhynchus mykiss,1,8527,-40,-72,127.3928571,193.9722214,16.10434568,3,971.5374943
Oncorhynchus mykiss,2,1919,-37,-72,325.7125984,112.264937,2.674051057,5,967.7092813
Oncorhynchus mykiss,1,8527,-40,-72,127.3928571,193.9722214,16.10434568,3,971.5374943
Oncorhynchus mykiss,2,1907,-37,-72,551.5406504,121.6116509,2.011950759,5,967.7092813
Oncorhynchus mykiss,4,1349,-38,-72,455.9098039,148.4282426,27.06829148,3,3019.392631
Oncorhynchus mykiss,2,8538,-40,-73,45.85964912,187.1979198,11.39652594,3,971.5374943
Oncorhynchus mykiss,1,8530,-40,-73,110.9545455,194.9500031,25.84003993,3,971.5374943
Oncorhynchus mykiss,1,1349,-38,-72,455.9098039,148.4282426,27.06829148,3,3019.392631
Oncorhynchus mykiss,1,2064,-38,-72,282.364486,128.6732224,3.156730716,6,3019.392631
Oncorhynchus mykiss,2,1907,-37,-72,551.5406504,121.6116509,2.011950759,5,967.7092813
Oncorhynchus mykiss,2,1918,-37,-72,338.9216418,111.7864594,2.509841725,5,967.7092813
Oncorhynchus mykiss,3,8532,-40,-73,86.31818182,192.6666667,18.40214676,3,971.5374943
Oncorhynchus mykiss,1,8527,-40,-72,127.3928571,193.9722214,16.10434568,3,971.5374943
Oncorhynchus mykiss,3,8530,-40,-73,110.9545455,194.9500031,25.84003993,3,971.5374943
Oncorhynchus mykiss,1,2064,-38,-72,282.364486,128.6732224,3.156730716,6,3019.392631
Oncorhynchus mykiss,1,2063,-38,-72,290.1971831,129.7125486,1.974997731,6,3019.392631
Oncorhynchus mykiss,3,8538,-40,-73,45.85964912,187.1979198,11.39652594,3,971.5374943
Oncorhynchus mykiss,1,8527,-40,-72,127.3928571,193.9722214,16.10434568,3,971.5374943
Oncorhynchus mykiss,2,1916,-37,-72,369.6431535,113.0148534,4.216141644,5,967.7092813
Oncorhynchus mykiss,1,8527,-40,-72,127.3928571,193.9722214,16.10434568,3,971.5374943
Oncorhynchus mykiss,1,8527,-40,-72,127.3928571,193.9722214,16.10434568,3,971.5374943
Oncorhynchus mykiss,1,1353,-38,-72,357.6867925,140.7681836,6.289933997,4,3019.392631
Oncorhynchus mykiss,1,1349,-38,-72,455.9098039,148.4282426,27.06829148,3,3019.392631
Oncorhynchus mykiss,1,2064,-38,-72,282.364486,128.6732224,3.156730716,6,3019.392631
Oncorhynchus mykiss,1,8527,-40,-72,127.3928571,193.9722214,16.10434568,3,971.5374943
Oncorhynchus mykiss,1,1353,-38,-72,357.6867925,140.7681836,6.289933997,4,3019.392631
Oncorhynchus mykiss,1,1349,-38,-72,455.9098039,148.4282426,27.06829148,3,3019.392631
Oncorhynchus mykiss,12,1916,-37,-72,369.6431535,113.0148534,4.216141644,5,967.7092813
Oncorhynchus mykiss,1,1349,-38,-72,455.9098039,148.4282426,27.06829148,3,3019.392631
Oncorhynchus mykiss,2,8538,-40,-73,45.85964912,187.1979198,11.39652594,3,971.5374943
Oncorhynchus mykiss,1,1353,-38,-72,357.6867925,140.7681836,6.289933997,4,3019.392631
Oncorhynchus mykiss,1,1349,-38,-72,455.9098039,148.4282426,27.06829148,3,3019.392631
Oncorhynchus mykiss,1,1353,-38,-72,357.6867925,140.7681836,6.289933997,4,3019.392631
Oncorhynchus mykiss,2,1918,-37,-72,338.9216418,111.7864594,2.509841725,5,967.7092813
Oncorhynchus mykiss,1,2063,-38,-72,290.1971831,129.7125486,1.974997731,6,3019.392631
Oncorhynchus mykiss,1,6733,-39,-73,86.61666667,134.1309531,6.433685386,6,2359.225673
Oncorhynchus mykiss,12,1907,-37,-72,551.5406504,121.6116509,2.011950759,5,967.7092813
Oncorhynchus mykiss,1,1349,-38,-72,455.9098039,148.4282426,27.06829148,3,3019.392631
Oncorhynchus mykiss,1,1525,-37,-73,75.06299213,103.4748428,1.291669373,6,3526.717392
Oncorhynchus mykiss,1,8527,-40,-72,127.3928571,193.9722214,16.10434568,3,971.5374943
Oncorhynchus mykiss,3,8532,-40,-73,86.31818182,192.6666667,18.40214676,3,971.5374943
Oncorhynchus mykiss,1,6733,-39,-73,86.61666667,134.1309531,6.433685386,6,2359.225673
Oncorhynchus mykiss,1,6733,-39,-73,86.61666667,134.1309531,6.433685386,6,2359.225673
Oncorhynchus mykiss,1,1351,-38,-72,403.459144,142.8271616,4.5816708,3,3019.392631
Oncorhynchus mykiss,1,8527,-40,-72,127.3928571,193.9722214,16.10434568,3,971.5374943
Oncorhynchus mykiss,3,8530,-40,-73,110.9545455,194.9500031,25.84003993,3,971.5374943
Oncorhynchus mykiss,1,2063,-38,-72,290.1971831,129.7125486,1.974997731,6,3019.392631
Oncorhynchus mykiss,1,6733,-39,-73,86.61666667,134.1309531,6.433685386,6,2359.225673
Oncorhynchus mykiss,1,6733,-39,-73,86.61666667,134.1309531,6.433685386,6,2359.225673
Oncorhynchus mykiss,1,6733,-39,-73,86.61666667,134.1309531,6.433685386,6,2359.225673
Oncorhynchus mykiss,1,8527,-40,-72,127.3928571,193.9722214,16.10434568,3,971.5374943
Oncorhynchus mykiss,1,2067,-38,-72,264.8429119,123.1311731,1.984076042,6,3019.392631
Oncorhynchus mykiss,2,8532,-40,-73,86.31818182,192.6666667,18.40214676,3,971.5374943
Oncorhynchus mykiss,1,8527,-40,-72,127.3928571,193.9722214,16.10434568,3,971.5374943
Oncorhynchus mykiss,1,6733,-39,-73,86.61666667,134.1309531,6.433685386,6,2359.225673
Oncorhynchus mykiss,2,1918,-37,-72,338.9216418,111.7864594,2.509841725,5,967.7092813
Oncorhynchus mykiss,2,1919,-37,-72,325.7125984,112.264937,2.674051057,5,967.7092813
Oncorhynchus mykiss,3,8530,-40,-73,110.9545455,194.9500031,25.84003993,3,971.5374943
Oncorhynchus mykiss,1,1173,-38,-72,241.6390977,120.9665176,2.296090808,6,3526.717392
Oncorhynchus mykiss,2,1916,-37,-72,369.6431535,113.0148534,4.216141644,5,967.7092813
Oncorhynchus mykiss,2,8507,-40,-73,38.5,185.2833344,2.664263362,4,971.5374943
Oncorhynchus mykiss,3,8530,-40,-73,110.9545455,194.9500031,25.84003993,3,971.5374943
Oncorhynchus mykiss,1,1353,-38,-72,357.6867925,140.7681836,6.289933997,4,3019.392631
Oncorhynchus mykiss,1,2063,-38,-72,290.1971831,129.7125486,1.974997731,6,3019.392631
Oncorhynchus mykiss,3,8532,-40,-73,86.31818182,192.6666667,18.40214676,3,971.5374943
Oncorhynchus mykiss,2,1907,-37,-72,551.5406504,121.6116509,2.011950759,5,967.7092813
Oncorhynchus mykiss,1,8527,-40,-72,127.3928571,193.9722214,16.10434568,3,971.5374943
Oncorhynchus mykiss,2,1916,-37,-72,369.6431535,113.0148534,4.216141644,5,967.7092813
Oncorhynchus mykiss,1,1173,-38,-72,241.6390977,120.9665176,2.296090808,6,3526.717392
Oncorhynchus mykiss,3,8532,-40,-73,86.31818182,192.6666667,18.40214676,3,971.5374943
Oncorhynchus mykiss,1,1173,-38,-72,241.6390977,120.9665176,2.296090808,6,3526.717392
Oncorhynchus mykiss,1,2063,-38,-72,290.1971831,129.7125486,1.974997731,6,3019.392631
Oncorhynchus mykiss,1,2063,-38,-72,290.1971831,129.7125486,1.974997731,6,3019.392631
Oncorhynchus mykiss,2,1907,-37,-72,551.5406504,121.6116509,2.011950759,5,967.7092813
Oncorhynchus mykiss,1,8527,-40,-72,127.3928571,193.9722214,16.10434568,3,971.5374943
Oncorhynchus mykiss,1,6733,-39,-73,86.61666667,134.1309531,6.433685386,6,2359.225673
Oncorhynchus mykiss,1,1173,-38,-72,241.6390977,120.9665176,2.296090808,6,3526.717392
Oncorhynchus mykiss,3,8530,-40,-73,110.9545455,194.9500031,25.84003993,3,971.5374943
Oncorhynchus mykiss,2,1916,-37,-72,369.6431535,113.0148534,4.216141644,5,967.7092813
Oncorhynchus mykiss,1,2063,-38,-72,290.1971831,129.7125486,1.974997731,6,3019.392631
Oncorhynchus mykiss,1,8527,-40,-72,127.3928571,193.9722214,16.10434568,3,971.5374943
Oncorhynchus mykiss,3,8532,-40,-73,86.31818182,192.6666667,18.40214676,3,971.5374943
Oncorhynchus mykiss,1,6733,-39,-73,86.61666667,134.1309531,6.433685386,6,2359.225673
Oncorhynchus mykiss,1,8527,-40,-72,127.3928571,193.9722214,16.10434568,3,971.5374943
Oncorhynchus mykiss,1,1353,-38,-72,357.6867925,140.7681836,6.289933997,4,3019.392631
Oncorhynchus mykiss,1,1349,-38,-72,455.9098039,148.4282426,27.06829148,3,3019.392631
Oncorhynchus mykiss,1,6733,-39,-73,86.61666667,134.1309531,6.433685386,6,2359.225673
Oncorhynchus mykiss,1,1353,-38,-72,357.6867925,140.7681836,6.289933997,4,3019.392631
Oncorhynchus mykiss,1,6733,-39,-73,86.61666667,134.1309531,6.433685386,6,2359.225673
Oncorhynchus mykiss,1,1349,-38,-72,455.9098039,148.4282426,27.06829148,3,3019.392631
Oncorhynchus mykiss,1,1349,-38,-72,455.9098039,148.4282426,27.06829148,3,3019.392631
Oncorhynchus mykiss,1,8532,-40,-73,86.31818182,192.6666667,18.40214676,3,971.5374943
Percichthys trucha,1,1760,-38,-73,79.125,103.338334,1.344648499,6,6261.697266
Percichthys trucha,1,1760,-38,-73,79.125,103.338334,1.344648499,6,6261.697266
Percichthys trucha,1,1525,-37,-73,75.06299213,103.4748428,1.291669373,6,3526.717392
Percichthys trucha,1,1760,-38,-73,79.125,103.338334,1.344648499,6,6261.697266
Percichthys trucha,1,1760,-38,-73,79.125,103.338334,1.344648499,6,6261.697266
Percichthys trucha,1,1760,-38,-73,79.125,103.338334,1.344648499,6,6261.697266
Percichthys trucha,1,1760,-38,-73,79.125,103.338334,1.344648499,6,6261.697266
Percichthys trucha,1,1525,-37,-73,75.06299213,103.4748428,1.291669373,6,3526.717392
Percichthys trucha,3,818,-37,-72,163.8802083,91.6588527,3.600447729,5,955.1016828
Percichthys trucha,3,1385,-38,-72,117.0362694,101.5833359,1.895766663,6,3526.717392
Percichthys trucha,1,1760,-38,-73,79.125,103.338334,1.344648499,6,6261.697266
Percichthys trucha,1,1760,-38,-73,79.125,103.338334,1.344648499,6,6261.697266
Percichthys trucha,3,644,-37,-72,165.7529412,94.2245101,4.587652144,3,656.0660846
Percichthys trucha,1,1760,-38,-73,79.125,103.338334,1.344648499,6,6261.697266
Percichthys trucha,1,1760,-38,-73,79.125,103.338334,1.344648499,6,6261.697266
Percichthys trucha,3,818,-37,-72,163.8802083,91.6588527,3.600447729,5,955.1016828
Percichthys trucha,1,1760,-38,-73,79.125,103.338334,1.344648499,6,6261.697266
Percichthys trucha,3,644,-37,-72,165.7529412,94.2245101,4.587652144,3,656.0660846
Percichthys trucha,3,644,-37,-72,165.7529412,94.2245101,4.587652144,3,656.0660846
Percichthys trucha,3,818,-37,-72,163.8802083,91.6588527,3.600447729,5,955.1016828
Percichthys trucha,1,1525,-37,-73,75.06299213,103.4748428,1.291669373,6,3526.717392
Percichthys trucha,1,1760,-38,-73,79.125,103.338334,1.344648499,6,6261.697266
Percichthys trucha,1,1760,-38,-73,79.125,103.338334,1.344648499,6,6261.697266
Percichthys trucha,1,2063,-38,-72,290.1971831,129.7125486,1.974997731,6,3019.392631
Percichthys trucha,3,818,-37,-72,163.8802083,91.6588527,3.600447729,5,955.1016828
Percichthys trucha,1,1760,-38,-73,79.125,103.338334,1.344648499,6,6261.697266
Percichthys trucha,1,1760,-38,-73,79.125,103.338334,1.344648499,6,6261.697266
Percichthys trucha,3,818,-37,-72,163.8802083,91.6588527,3.600447729,5,955.1016828
Percichthys trucha,1,1760,-38,-73,79.125,103.338334,1.344648499,6,6261.697266
Percichthys trucha,1,1760,-38,-73,79.125,103.338334,1.344648499,6,6261.697266
Percichthys trucha,1,1525,-37,-73,75.06299213,103.4748428,1.291669373,6,3526.717392
Percichthys trucha,1,1525,-37,-73,75.06299213,103.4748428,1.291669373,6,3526.717392
Percichthys trucha,3,644,-37,-72,165.7529412,94.2245101,4.587652144,3,656.0660846
Percichthys trucha,1,6733,-39,-73,86.61666667,134.1309531,6.433685386,6,2359.225673
Percichthys trucha,3,818,-37,-72,163.8802083,91.6588527,3.600447729,5,955.1016828
Percichthys trucha,1,1760,-38,-73,79.125,103.338334,1.344648499,6,6261.697266
Percichthys trucha,1,1524,-37,-73,74.05737705,102.6450002,1.207989798,6,3526.717392
Percichthys trucha,4,1524,-37,-73,74.05737705,102.6450002,1.207989798,6,3526.717392
Percichthys trucha,3,818,-37,-72,163.8802083,91.6588527,3.600447729,5,955.1016828
Percichthys trucha,2,8532,-40,-73,86.31818182,192.6666667,18.40214676,3,971.5374943
Percichthys trucha,3,818,-37,-72,163.8802083,91.6588527,3.600447729,5,955.1016828
Percichthys trucha,1,1760,-38,-73,79.125,103.338334,1.344648499,6,6261.697266
Percichthys trucha,3,644,-37,-72,165.7529412,94.2245101,4.587652144,3,656.0660846
Percichthys trucha,1,1525,-37,-73,75.06299213,103.4748428,1.291669373,6,3526.717392
Percichthys trucha,1,1760,-38,-73,79.125,103.338334,1.344648499,6,6261.697266
Percichthys trucha,1,1525,-37,-73,75.06299213,103.4748428,1.291669373,6,3526.717392
Percichthys trucha,3,818,-37,-72,163.8802083,91.6588527,3.600447729,5,955.1016828
Percichthys trucha,1,1760,-38,-73,79.125,103.338334,1.344648499,6,6261.697266
Percichthys trucha,1,1760,-38,-73,79.125,103.338334,1.344648499,6,6261.697266
Percichthys trucha,1,1525,-37,-73,75.06299213,103.4748428,1.291669373,6,3526.717392
Percichthys trucha,1,1760,-38,-73,79.125,103.338334,1.344648499,6,6261.697266
Percichthys trucha,1,1760,-38,-73,79.125,103.338334,1.344648499,6,6261.697266
Percichthys trucha,3,1563,-38,-72,161.2708333,108.7996618,3.086832117,4,419.5884732
Percichthys trucha,3,818,-37,-72,163.8802083,91.6588527,3.600447729,5,955.1016828
Percichthys trucha,1,1525,-37,-73,75.06299213,103.4748428,1.291669373,6,3526.717392
Percichthys trucha,1,1525,-37,-73,75.06299213,103.4748428,1.291669373,6,3526.717392
Percichthys trucha,1,1524,-37,-73,74.05737705,102.6450002,1.207989798,6,3526.717392
Percichthys trucha,3,818,-37,-72,163.8802083,91.6588527,3.600447729,5,955.1016828
Percichthys trucha,2,3708,-35,-71,146.7207207,64.8333346,2.378894906,6,1544.312195
Percichthys trucha,4,4535,-39,-73,70.40178571,98.70238277,3.160259271,5,1745.722088
Percichthys trucha,3,818,-37,-72,163.8802083,91.6588527,3.600447729,5,955.1016828
Percichthys trucha,1,1524,-37,-73,74.05737705,102.6450002,1.207989798,6,3526.717392
Percichthys trucha,3,818,-37,-72,163.8802083,91.6588527,3.600447729,5,955.1016828
Percichthys trucha,1,1525,-37,-73,75.06299213,103.4748428,1.291669373,6,3526.717392
Percichthys trucha,3,818,-37,-72,163.8802083,91.6588527,3.600447729,5,955.1016828
Percichthys trucha,3,1563,-38,-72,161.2708333,108.7996618,3.086832117,4,419.5884732
Percichthys trucha,3,818,-37,-72,163.8802083,91.6588527,3.600447729,5,955.1016828
Percichthys trucha,1,1760,-38,-73,79.125,103.338334,1.344648499,6,6261.697266
Percichthys trucha,2,2751,-34,-71,352.85,50.49393827,3.9829068,6,165.4004226
Percichthys trucha,3,818,-37,-72,163.8802083,91.6588527,3.600447729,5,955.1016828
Percichthys trucha,1,1760,-38,-73,79.125,103.338334,1.344648499,6,6261.697266
Percichthys trucha,1,1525,-37,-73,75.06299213,103.4748428,1.291669373,6,3526.717392
Percichthys trucha,1,1525,-37,-73,75.06299213,103.4748428,1.291669373,6,3526.717392
Percichthys trucha,3,644,-37,-72,165.7529412,94.2245101,4.587652144,3,656.0660846
Percichthys trucha,2,8532,-40,-73,86.31818182,192.6666667,18.40214676,3,971.5374943
Percichthys trucha,1,1524,-37,-73,74.05737705,102.6450002,1.207989798,6,3526.717392
Percichthys trucha,1,1525,-37,-73,75.06299213,103.4748428,1.291669373,6,3526.717392
Percichthys trucha,3,818,-37,-72,163.8802083,91.6588527,3.600447729,5,955.1016828
Percichthys trucha,1,2063,-38,-72,290.1971831,129.7125486,1.974997731,6,3019.392631
Percichthys trucha,3,818,-37,-72,163.8802083,91.6588527,3.600447729,5,955.1016828
Percichthys trucha,3,1608,-38,-73,87.00401606,100.1915891,1,5,154.1941464
Percichthys trucha,1,1525,-37,-73,75.06299213,103.4748428,1.291669373,6,3526.717392
Percichthys trucha,1,1525,-37,-73,75.06299213,103.4748428,1.291669373,6,3526.717392
Percichthys trucha,1,1525,-37,-73,75.06299213,103.4748428,1.291669373,6,3526.717392
Percichthys trucha,3,818,-37,-72,163.8802083,91.6588527,3.600447729,5,955.1016828
Percichthys trucha,4,1524,-37,-73,74.05737705,102.6450002,1.207989798,6,3526.717392
Percichthys trucha,1,1524,-37,-73,74.05737705,102.6450002,1.207989798,6,3526.717392
Percichthys trucha,1,1760,-38,-73,79.125,103.338334,1.344648499,6,6261.697266
Percichthys trucha,1,1760,-38,-73,79.125,103.338334,1.344648499,6,6261.697266
Percichthys trucha,3,818,-37,-72,163.8802083,91.6588527,3.600447729,5,955.1016828
Percichthys trucha,3,1385,-38,-72,117.0362694,101.5833359,1.895766663,6,3526.717392
Percichthys trucha,3,644,-37,-72,165.7529412,94.2245101,4.587652144,3,656.0660846
Percichthys trucha,1,1524,-37,-73,74.05737705,102.6450002,1.207989798,6,3526.717392
Percichthys trucha,1,1525,-37,-73,75.06299213,103.4748428,1.291669373,6,3526.717392
Percichthys trucha,3,818,-37,-72,163.8802083,91.6588527,3.600447729,5,955.1016828
Percichthys trucha,3,818,-37,-72,163.8802083,91.6588527,3.600447729,5,955.1016828
Percichthys trucha,3,818,-37,-72,163.8802083,91.6588527,3.600447729,5,955.1016828
Percichthys trucha,2,2751,-34,-71,352.85,50.49393827,3.9829068,6,165.4004226
Percichthys trucha,1,1524,-37,-73,74.05737705,102.6450002,1.207989798,6,3526.717392
Percichthys trucha,4,1524,-37,-73,74.05737705,102.6450002,1.207989798,6,3526.717392
Percichthys trucha,4,1524,-37,-73,74.05737705,102.6450002,1.207989798,6,3526.717392
Percichthys trucha,4,1524,-37,-73,74.05737705,102.6450002,1.207989798,6,3526.717392
Percichthys trucha,1,1524,-37,-73,74.05737705,102.6450002,1.207989798,6,3526.717392
Percichthys trucha,1,1525,-37,-73,75.06299213,103.4748428,1.291669373,6,3526.717392
Percichthys trucha,1,1524,-37,-73,74.05737705,102.6450002,1.207989798,6,3526.717392
Percichthys trucha,1,1524,-37,-73,74.05737705,102.6450002,1.207989798,6,3526.717392
Percichthys trucha,3,1563,-38,-72,161.2708333,108.7996618,3.086832117,4,419.5884732
Percichthys trucha,1,1524,-37,-73,74.05737705,102.6450002,1.207989798,6,3526.717392
Percichthys trucha,1,1524,-37,-73,74.05737705,102.6450002,1.207989798,6,3526.717392
Percichthys trucha,3,818,-37,-72,163.8802083,91.6588527,3.600447729,5,955.1016828
Percichthys trucha,4,1524,-37,-73,74.05737705,102.6450002,1.207989798,6,3526.717392
Percichthys trucha,4,1760,-38,-73,79.125,103.338334,1.344648499,6,6261.697266
Percichthys trucha,1,1525,-37,-73,75.06299213,103.4748428,1.291669373,6,3526.717392
Percichthys trucha,3,1608,-38,-73,87.00401606,100.1915891,1,5,154.1941464
Percichthys trucha,1,1172,-38,-72,256.4545455,122.4354573,1.286548742,6,3019.392631
Percichthys trucha,1,1524,-37,-73,74.05737705,102.6450002,1.207989798,6,3526.717392
Percichthys trucha,1,1524,-37,-73,74.05737705,102.6450002,1.207989798,6,3526.717392
Percichthys trucha,3,644,-37,-72,165.7529412,94.2245101,4.587652144,3,656.0660846
Percichthys trucha,3,818,-37,-72,163.8802083,91.6588527,3.600447729,5,955.1016828
Percichthys trucha,1,1525,-37,-73,75.06299213,103.4748428,1.291669373,6,3526.717392
Percichthys trucha,3,818,-37,-72,163.8802083,91.6588527,3.600447729,5,955.1016828
Percichthys trucha,3,818,-37,-72,163.8802083,91.6588527,3.600447729,5,955.1016828
Percichthys trucha,4,1524,-37,-73,74.05737705,102.6450002,1.207989798,6,3526.717392
Percichthys trucha,4,1524,-37,-73,74.05737705,102.6450002,1.207989798,6,3526.717392
Percichthys trucha,3,818,-37,-72,163.8802083,91.6588527,3.600447729,5,955.1016828
Percichthys trucha,3,644,-37,-72,165.7529412,94.2245101,4.587652144,3,656.0660846
Percichthys trucha,1,1524,-37,-73,74.05737705,102.6450002,1.207989798,6,3526.717392
Percichthys trucha,3,1608,-38,-73,87.00401606,100.1915891,1,5,154.1941464
Percichthys trucha,3,644,-37,-72,165.7529412,94.2245101,4.587652144,3,656.0660846
Percichthys trucha,1,1524,-37,-73,74.05737705,102.6450002,1.207989798,6,3526.717392
Percichthys trucha,3,818,-37,-72,163.8802083,91.6588527,3.600447729,5,955.1016828
Percichthys trucha,2,3708,-35,-71,146.7207207,64.8333346,2.378894906,6,1544.312195
Percichthys trucha,3,818,-37,-72,163.8802083,91.6588527,3.600447729,5,955.1016828
Percichthys trucha,3,818,-37,-72,163.8802083,91.6588527,3.600447729,5,955.1016828
Percichthys trucha,2,3708,-35,-71,146.7207207,64.8333346,2.378894906,6,1544.312195
Percichthys trucha,3,818,-37,-72,163.8802083,91.6588527,3.600447729,5,955.1016828
Percichthys trucha,1,1524,-37,-73,74.05737705,102.6450002,1.207989798,6,3526.717392
Percichthys trucha,1,1524,-37,-73,74.05737705,102.6450002,1.207989798,6,3526.717392
Percichthys trucha,3,1608,-38,-73,87.00401606,100.1915891,1,5,154.1941464
Percichthys trucha,3,644,-37,-72,165.7529412,94.2245101,4.587652144,3,656.0660846
Percichthys trucha,3,644,-37,-72,165.7529412,94.2245101,4.587652144,3,656.0660846
Percichthys trucha,1,1524,-37,-73,74.05737705,102.6450002,1.207989798,6,3526.717392
Percichthys trucha,1,1524,-37,-73,74.05737705,102.6450002,1.207989798,6,3526.717392
Percichthys trucha,1,2062,-38,-72,298.8237548,132.9436729,13.7936481,6,3019.392631
Percichthys trucha,2,3708,-35,-71,146.7207207,64.8333346,2.378894906,6,1544.312195
Percichthys trucha,2,3708,-35,-71,146.7207207,64.8333346,2.378894906,6,1544.312195
Percichthys trucha,4,1524,-37,-73,74.05737705,102.6450002,1.207989798,6,3526.717392
Percichthys trucha,3,1563,-38,-72,161.2708333,108.7996618,3.086832117,4,419.5884732
Percichthys trucha,1,2062,-38,-72,298.8237548,132.9436729,13.7936481,6,3019.392631
Percichthys trucha,1,6733,-39,-73,86.61666667,134.1309531,6.433685386,6,2359.225673
Percichthys trucha,3,644,-37,-72,165.7529412,94.2245101,4.587652144,3,656.0660846
Percichthys trucha,1,2063,-38,-72,290.1971831,129.7125486,1.974997731,6,3019.392631
Percichthys trucha,3,818,-37,-72,163.8802083,91.6588527,3.600447729,5,955.1016828
Percichthys trucha,3,818,-37,-72,163.8802083,91.6588527,3.600447729,5,955.1016828
Percichthys trucha,3,1609,-38,-73,86.55078125,100.1896818,1,5,154.1941464
Percichthys trucha,1,1525,-37,-73,75.06299213,103.4748428,1.291669373,6,3526.717392
Percichthys trucha,3,818,-37,-72,163.8802083,91.6588527,3.600447729,5,955.1016828
Percichthys trucha,1,1173,-38,-72,241.6390977,120.9665176,2.296090808,6,3526.717392
Percichthys trucha,3,818,-37,-72,163.8802083,91.6588527,3.600447729,5,955.1016828
Percichthys trucha,3,818,-37,-72,163.8802083,91.6588527,3.600447729,5,955.1016828
Percichthys trucha,3,818,-37,-72,163.8802083,91.6588527,3.600447729,5,955.1016828
Percichthys trucha,4,1524,-37,-73,74.05737705,102.6450002,1.207989798,6,3526.717392
Percichthys trucha,3,818,-37,-72,163.8802083,91.6588527,3.600447729,5,955.1016828
Percichthys trucha,1,1760,-38,-73,79.125,103.338334,1.344648499,6,6261.697266
Percichthys trucha,4,4535,-39,-73,70.40178571,98.70238277,3.160259271,5,1745.722088
Percichthys trucha,1,1760,-38,-73,79.125,103.338334,1.344648499,6,6261.697266
Percichthys trucha,1,1760,-38,-73,79.125,103.338334,1.344648499,6,6261.697266
Percichthys trucha,3,1608,-38,-73,87.00401606,100.1915891,1,5,154.1941464
Percichthys trucha,1,1524,-37,-73,74.05737705,102.6450002,1.207989798,6,3526.717392
Percichthys trucha,1,1524,-37,-73,74.05737705,102.6450002,1.207989798,6,3526.717392
Percichthys trucha,1,1524,-37,-73,74.05737705,102.6450002,1.207989798,6,3526.717392
Percichthys trucha,1,1524,-37,-73,74.05737705,102.6450002,1.207989798,6,3526.717392
Percichthys trucha,1,6150,-35,-72,54.2,70.59523664,6.287205955,5,1275.259419
Percichthys trucha,3,1609,-38,-73,86.55078125,100.1896818,1,5,154.1941464
Percichthys trucha,2,3708,-35,-71,146.7207207,64.8333346,2.378894906,6,1544.312195
Percichthys trucha,3,1563,-38,-72,161.2708333,108.7996618,3.086832117,4,419.5884732
Percichthys trucha,1,1524,-37,-73,74.05737705,102.6450002,1.207989798,6,3526.717392
Percichthys trucha,2,1933,-37,-72,178.921875,105.1404316,4.258407648,5,967.7092813
Percichthys trucha,2,1933,-37,-72,178.921875,105.1404316,4.258407648,5,967.7092813
Percichthys trucha,3,644,-37,-72,165.7529412,94.2245101,4.587652144,3,656.0660846
Percichthys trucha,3,644,-37,-72,165.7529412,94.2245101,4.587652144,3,656.0660846
Percichthys trucha,3,644,-37,-72,165.7529412,94.2245101,4.587652144,3,656.0660846
Percichthys trucha,3,644,-37,-72,165.7529412,94.2245101,4.587652144,3,656.0660846
Percichthys trucha,1,1524,-37,-73,74.05737705,102.6450002,1.207989798,6,3526.717392
Percichthys trucha,3,644,-37,-72,165.7529412,94.2245101,4.587652144,3,656.0660846
Percichthys trucha,3,818,-37,-72,163.8802083,91.6588527,3.600447729,5,955.1016828
Percichthys trucha,3,818,-37,-72,163.8802083,91.6588527,3.600447729,5,955.1016828
Percichthys trucha,3,1609,-38,-73,86.55078125,100.1896818,1,5,154.1941464
Percichthys trucha,3,818,-37,-72,163.8802083,91.6588527,3.600447729,5,955.1016828
Percichthys trucha,4,1524,-37,-73,74.05737705,102.6450002,1.207989798,6,3526.717392
Percichthys trucha,1,1525,-37,-73,75.06299213,103.4748428,1.291669373,6,3526.717392
Percichthys trucha,1,1525,-37,-73,75.06299213,103.4748428,1.291669373,6,3526.717392
Percichthys trucha,2,3708,-35,-71,146.7207207,64.8333346,2.378894906,6,1544.312195
Percichthys trucha,1,1760,-38,-73,79.125,103.338334,1.344648499,6,6261.697266
Percichthys trucha,3,1608,-38,-73,87.00401606,100.1915891,1,5,154.1941464
Percichthys trucha,1,1524,-37,-73,74.05737705,102.6450002,1.207989798,6,3526.717392
Percichthys trucha,1,1524,-37,-73,74.05737705,102.6450002,1.207989798,6,3526.717392
Percichthys trucha,3,644,-37,-72,165.7529412,94.2245101,4.587652144,3,656.0660846
Percichthys trucha,1,1524,-37,-73,74.05737705,102.6450002,1.207989798,6,3526.717392
Percichthys trucha,3,644,-37,-72,165.7529412,94.2245101,4.587652144,3,656.0660846
Percichthys trucha,3,818,-37,-72,163.8802083,91.6588527,3.600447729,5,955.1016828
Percichthys trucha,3,818,-37,-72,163.8802083,91.6588527,3.600447729,5,955.1016828
Percichthys trucha,3,644,-37,-72,165.7529412,94.2245101,4.587652144,3,656.0660846
Percichthys trucha,1,1525,-37,-73,75.06299213,103.4748428,1.291669373,6,3526.717392
Percichthys trucha,1,1525,-37,-73,75.06299213,103.4748428,1.291669373,6,3526.717392
Percichthys trucha,1,1525,-37,-73,75.06299213,103.4748428,1.291669373,6,3526.717392
Percichthys trucha,1,1524,-37,-73,74.05737705,102.6450002,1.207989798,6,3526.717392
Percichthys trucha,2,1933,-37,-72,178.921875,105.1404316,4.258407648,5,967.7092813
Percichthys trucha,1,1760,-38,-73,79.125,103.338334,1.344648499,6,6261.697266
Percichthys trucha,1,1760,-38,-73,79.125,103.338334,1.344648499,6,6261.697266
Percichthys trucha,1,1525,-37,-73,75.06299213,103.4748428,1.291669373,6,3526.717392
Percichthys trucha,1,1524,-37,-73,74.05737705,102.6450002,1.207989798,6,3526.717392
Percichthys trucha,3,644,-37,-72,165.7529412,94.2245101,4.587652144,3,656.0660846
Percichthys trucha,1,1524,-37,-73,74.05737705,102.6450002,1.207989798,6,3526.717392
Percichthys trucha,1,1524,-37,-73,74.05737705,102.6450002,1.207989798,6,3526.717392
Percichthys trucha,3,818,-37,-72,163.8802083,91.6588527,3.600447729,5,955.1016828
Percichthys trucha,3,644,-37,-72,165.7529412,94.2245101,4.587652144,3,656.0660846
Percichthys trucha,1,1524,-37,-73,74.05737705,102.6450002,1.207989798,6,3526.717392
Percichthys trucha,1,1524,-37,-73,74.05737705,102.6450002,1.207989798,6,3526.717392
Percichthys trucha,1,1524,-37,-73,74.05737705,102.6450002,1.207989798,6,3526.717392
Percichthys trucha,1,1524,-37,-73,74.05737705,102.6450002,1.207989798,6,3526.717392
Percichthys trucha,1,1524,-37,-73,74.05737705,102.6450002,1.207989798,6,3526.717392
Percichthys trucha,3,1608,-38,-73,87.00401606,100.1915891,1,5,154.1941464
Percichthys trucha,3,8539,-40,-73,44.54807692,186.6944453,11.19482029,3,971.5374943
Percichthys trucha,3,1563,-38,-72,161.2708333,108.7996618,3.086832117,4,419.5884732
Percichthys trucha,1,1760,-38,-73,79.125,103.338334,1.344648499,6,6261.697266
Percichthys trucha,3,644,-37,-72,165.7529412,94.2245101,4.587652144,3,656.0660846
Percichthys trucha,3,1563,-38,-72,161.2708333,108.7996618,3.086832117,4,419.5884732
Percichthys trucha,1,1525,-37,-73,75.06299213,103.4748428,1.291669373,6,3526.717392
Percichthys trucha,3,644,-37,-72,165.7529412,94.2245101,4.587652144,3,656.0660846
Percichthys trucha,3,818,-37,-72,163.8802083,91.6588527,3.600447729,5,955.1016828
Percichthys trucha,3,818,-37,-72,163.8802083,91.6588527,3.600447729,5,955.1016828
Percichthys trucha,1,2064,-38,-72,282.364486,128.6732224,3.156730716,6,3019.392631
Percichthys trucha,3,818,-37,-72,163.8802083,91.6588527,3.600447729,5,955.1016828
Percichthys trucha,3,644,-37,-72,165.7529412,94.2245101,4.587652144,3,656.0660846
Percichthys trucha,3,644,-37,-72,165.7529412,94.2245101,4.587652144,3,656.0660846
Percichthys trucha,1,2067,-38,-72,264.8429119,123.1311731,1.984076042,6,3019.392631
Percichthys trucha,3,1563,-38,-72,161.2708333,108.7996618,3.086832117,4,419.5884732
Percichthys trucha,4,1760,-38,-73,79.125,103.338334,1.344648499,6,6261.697266
Percichthys trucha,1,1525,-37,-73,75.06299213,103.4748428,1.291669373,6,3526.717392
Percichthys trucha,1,1525,-37,-73,75.06299213,103.4748428,1.291669373,6,3526.717392
Percichthys trucha,3,1563,-38,-72,161.2708333,108.7996618,3.086832117,4,419.5884732
Percichthys trucha,1,1525,-37,-73,75.06299213,103.4748428,1.291669373,6,3526.717392
Percichthys trucha,3,1608,-38,-73,87.00401606,100.1915891,1,5,154.1941464
Percichthys trucha,1,1524,-37,-73,74.05737705,102.6450002,1.207989798,6,3526.717392
Percichthys trucha,3,644,-37,-72,165.7529412,94.2245101,4.587652144,3,656.0660846
Percichthys trucha,3,818,-37,-72,163.8802083,91.6588527,3.600447729,5,955.1016828
Percichthys trucha,3,818,-37,-72,163.8802083,91.6588527,3.600447729,5,955.1016828
Percichthys trucha,3,818,-37,-72,163.8802083,91.6588527,3.600447729,5,955.1016828
Percichthys trucha,1,1760,-38,-73,79.125,103.338334,1.344648499,6,6261.697266
Percichthys trucha,3,1609,-38,-73,86.55078125,100.1896818,1,5,154.1941464
Percichthys trucha,3,1942,-37,-72,115.223176,97.42375808,1.710490956,5,967.7092813
Percichthys trucha,1,1525,-37,-73,75.06299213,103.4748428,1.291669373,6,3526.717392
Percichthys trucha,3,818,-37,-72,163.8802083,91.6588527,3.600447729,5,955.1016828
Percichthys trucha,3,818,-37,-72,163.8802083,91.6588527,3.600447729,5,955.1016828
Percichthys trucha,1,1524,-37,-73,74.05737705,102.6450002,1.207989798,6,3526.717392
Percichthys trucha,1,1524,-37,-73,74.05737705,102.6450002,1.207989798,6,3526.717392
Percichthys trucha,4,1524,-37,-73,74.05737705,102.6450002,1.207989798,6,3526.717392
Percichthys trucha,1,1524,-37,-73,74.05737705,102.6450002,1.207989798,6,3526.717392
Percichthys trucha,1,1525,-37,-73,75.06299213,103.4748428,1.291669373,6,3526.717392
Percichthys trucha,1,1760,-38,-73,79.125,103.338334,1.344648499,6,6261.697266
Percichthys trucha,2,1933,-37,-72,178.921875,105.1404316,4.258407648,5,967.7092813
Percichthys trucha,2,1933,-37,-72,178.921875,105.1404316,4.258407648,5,967.7092813
Percichthys trucha,2,1933,-37,-72,178.921875,105.1404316,4.258407648,5,967.7092813
Percichthys trucha,1,1525,-37,-73,75.06299213,103.4748428,1.291669373,6,3526.717392
Percichthys trucha,3,644,-37,-72,165.7529412,94.2245101,4.587652144,3,656.0660846
Percichthys trucha,1,1524,-37,-73,74.05737705,102.6450002,1.207989798,6,3526.717392
Percichthys trucha,1,1524,-37,-73,74.05737705,102.6450002,1.207989798,6,3526.717392
Percichthys trucha,1,1525,-37,-73,75.06299213,103.4748428,1.291669373,6,3526.717392
Percichthys trucha,1,1525,-37,-73,75.06299213,103.4748428,1.291669373,6,3526.717392
Percichthys trucha,1,1760,-38,-73,79.125,103.338334,1.344648499,6,6261.697266
Percichthys trucha,3,1609,-38,-73,86.55078125,100.1896818,1,5,154.1941464
Percichthys trucha,3,1609,-38,-73,86.55078125,100.1896818,1,5,154.1941464
Percichthys trucha,3,1563,-38,-72,161.2708333,108.7996618,3.086832117,4,419.5884732
Percichthys trucha,2,3708,-35,-71,146.7207207,64.8333346,2.378894906,6,1544.312195
Percichthys trucha,2,1933,-37,-72,178.921875,105.1404316,4.258407648,5,967.7092813
Percichthys trucha,3,8539,-40,-73,44.54807692,186.6944453,11.19482029,3,971.5374943
Percichthys trucha,2,4044,-35,-71,201.1388889,64.74999891,4.342244125,4,1544.312195
Percichthys trucha,3,1563,-38,-72,161.2708333,108.7996618,3.086832117,4,419.5884732
Percichthys trucha,3,644,-37,-72,165.7529412,94.2245101,4.587652144,3,656.0660846
Percichthys trucha,1,1525,-37,-73,75.06299213,103.4748428,1.291669373,6,3526.717392
Percichthys trucha,3,818,-37,-72,163.8802083,91.6588527,3.600447729,5,955.1016828
Percichthys trucha,3,818,-37,-72,163.8802083,91.6588527,3.600447729,5,955.1016828
Percichthys trucha,3,818,-37,-72,163.8802083,91.6588527,3.600447729,5,955.1016828
Percichthys trucha,1,1525,-37,-73,75.06299213,103.4748428,1.291669373,6,3526.717392
Percichthys trucha,3,644,-37,-72,165.7529412,94.2245101,4.587652144,3,656.0660846
Percichthys trucha,3,644,-37,-72,165.7529412,94.2245101,4.587652144,3,656.0660846
Percichthys trucha,1,1760,-38,-73,79.125,103.338334,1.344648499,6,6261.697266
Percichthys trucha,3,644,-37,-72,165.7529412,94.2245101,4.587652144,3,656.0660846
Percichthys trucha,1,1760,-38,-73,79.125,103.338334,1.344648499,6,6261.697266
Percichthys trucha,1,2067,-38,-72,264.8429119,123.1311731,1.984076042,6,3019.392631
Percichthys trucha,1,1524,-37,-73,74.05737705,102.6450002,1.207989798,6,3526.717392
Percichthys trucha,3,1563,-38,-72,161.2708333,108.7996618,3.086832117,4,419.5884732
Percichthys trucha,1,1760,-38,-73,79.125,103.338334,1.344648499,6,6261.697266
Percichthys trucha,1,1524,-37,-73,74.05737705,102.6450002,1.207989798,6,3526.717392
Percichthys trucha,1,1760,-38,-73,79.125,103.338334,1.344648499,6,6261.697266
Percichthys trucha,1,1525,-37,-73,75.06299213,103.4748428,1.291669373,6,3526.717392
Percichthys trucha,1,1524,-37,-73,74.05737705,102.6450002,1.207989798,6,3526.717392
Percichthys trucha,3,818,-37,-72,163.8802083,91.6588527,3.600447729,5,955.1016828
Percichthys trucha,3,818,-37,-72,163.8802083,91.6588527,3.600447729,5,955.1016828
Percichthys trucha,1,1524,-37,-73,74.05737705,102.6450002,1.207989798,6,3526.717392
Percichthys trucha,1,1525,-37,-73,75.06299213,103.4748428,1.291669373,6,3526.717392
Percichthys trucha,1,1760,-38,-73,79.125,103.338334,1.344648499,6,6261.697266
Percichthys trucha,1,1760,-38,-73,79.125,103.338334,1.344648499,6,6261.697266
Percichthys trucha,3,818,-37,-72,163.8802083,91.6588527,3.600447729,5,955.1016828
Percichthys trucha,1,1524,-37,-73,74.05737705,102.6450002,1.207989798,6,3526.717392
Percichthys trucha,3,818,-37,-72,163.8802083,91.6588527,3.600447729,5,955.1016828
Percichthys trucha,3,818,-37,-72,163.8802083,91.6588527,3.600447729,5,955.1016828
Percichthys trucha,2,8530,-40,-73,110.9545455,194.9500031,25.84003993,3,971.5374943
Percichthys trucha,4,1524,-37,-73,74.05737705,102.6450002,1.207989798,6,3526.717392
Percichthys trucha,1,1525,-37,-73,75.06299213,103.4748428,1.291669373,6,3526.717392
Percichthys trucha,2,3708,-35,-71,146.7207207,64.8333346,2.378894906,6,1544.312195
Percichthys trucha,2,3708,-35,-71,146.7207207,64.8333346,2.378894906,6,1544.312195
Percichthys trucha,3,818,-37,-72,163.8802083,91.6588527,3.600447729,5,955.1016828
Percichthys trucha,4,1760,-38,-73,79.125,103.338334,1.344648499,6,6261.697266
Percichthys trucha,3,644,-37,-72,165.7529412,94.2245101,4.587652144,3,656.0660846
Percichthys trucha,2,1933,-37,-72,178.921875,105.1404316,4.258407648,5,967.7092813
Percichthys trucha,3,1174,-38,-72,187.8987854,111.7043264,1.16080209,6,3526.717392
Percichthys trucha,3,1174,-38,-72,187.8987854,111.7043264,1.16080209,6,3526.717392
Percichthys trucha,1,2062,-38,-72,298.8237548,132.9436729,13.7936481,6,3019.392631
Percichthys trucha,3,818,-37,-72,163.8802083,91.6588527,3.600447729,5,955.1016828
Percichthys trucha,3,644,-37,-72,165.7529412,94.2245101,4.587652144,3,656.0660846
Percichthys trucha,1,7716,-34,-71,445.5423729,39.25,3.435491705,6,1141.36445
Percichthys trucha,2,3708,-35,-71,146.7207207,64.8333346,2.378894906,6,1544.312195
Percichthys trucha,1,1760,-38,-73,79.125,103.338334,1.344648499,6,6261.697266
Percichthys trucha,1,1525,-37,-73,75.06299213,103.4748428,1.291669373,6,3526.717392
Percichthys trucha,3,1174,-38,-72,187.8987854,111.7043264,1.16080209,6,3526.717392
Percichthys trucha,1,1760,-38,-73,79.125,103.338334,1.344648499,6,6261.697266
Percichthys trucha,1,1760,-38,-73,79.125,103.338334,1.344648499,6,6261.697266
Percichthys trucha,1,1525,-37,-73,75.06299213,103.4748428,1.291669373,6,3526.717392
Percichthys trucha,1,2064,-38,-72,282.364486,128.6732224,3.156730716,6,3019.392631
Percichthys trucha,3,818,-37,-72,163.8802083,91.6588527,3.600447729,5,955.1016828
Percichthys trucha,1,2064,-38,-72,282.364486,128.6732224,3.156730716,6,3019.392631
Percichthys trucha,1,1524,-37,-73,74.05737705,102.6450002,1.207989798,6,3526.717392
Percichthys trucha,1,8538,-40,-73,45.85964912,187.1979198,11.39652594,3,971.5374943
Percichthys trucha,1,1760,-38,-73,79.125,103.338334,1.344648499,6,6261.697266
Percichthys trucha,3,818,-37,-72,163.8802083,91.6588527,3.600447729,5,955.1016828
Percichthys trucha,2,1933,-37,-72,178.921875,105.1404316,4.258407648,5,967.7092813
Percichthys trucha,1,1524,-37,-73,74.05737705,102.6450002,1.207989798,6,3526.717392
Percichthys trucha,1,1525,-37,-73,75.06299213,103.4748428,1.291669373,6,3526.717392
Percichthys trucha,3,818,-37,-72,163.8802083,91.6588527,3.600447729,5,955.1016828
Percichthys trucha,2,8530,-40,-73,110.9545455,194.9500031,25.84003993,3,971.5374943
Percichthys trucha,3,644,-37,-72,165.7529412,94.2245101,4.587652144,3,656.0660846
Percichthys trucha,1,1525,-37,-73,75.06299213,103.4748428,1.291669373,6,3526.717392
Percichthys trucha,1,1525,-37,-73,75.06299213,103.4748428,1.291669373,6,3526.717392
Percichthys trucha,3,644,-37,-72,165.7529412,94.2245101,4.587652144,3,656.0660846
Percichthys trucha,3,1563,-38,-72,161.2708333,108.7996618,3.086832117,4,419.5884732
Percichthys trucha,1,2062,-38,-72,298.8237548,132.9436729,13.7936481,6,3019.392631
Percichthys trucha,1,1525,-37,-73,75.06299213,103.4748428,1.291669373,6,3526.717392
Percichthys trucha,1,1525,-37,-73,75.06299213,103.4748428,1.291669373,6,3526.717392
Percichthys trucha,3,1609,-38,-73,86.55078125,100.1896818,1,5,154.1941464
Percichthys trucha,3,1563,-38,-72,161.2708333,108.7996618,3.086832117,4,419.5884732
Percichthys trucha,3,1563,-38,-72,161.2708333,108.7996618,3.086832117,4,419.5884732
Percichthys trucha,1,1524,-37,-73,74.05737705,102.6450002,1.207989798,6,3526.717392
Percichthys trucha,1,1760,-38,-73,79.125,103.338334,1.344648499,6,6261.697266
Percichthys trucha,3,818,-37,-72,163.8802083,91.6588527,3.600447729,5,955.1016828
Percichthys trucha,3,818,-37,-72,163.8802083,91.6588527,3.600447729,5,955.1016828
Percichthys trucha,3,1608,-38,-73,87.00401606,100.1915891,1,5,154.1941464
Percichthys trucha,1,1524,-37,-73,74.05737705,102.6450002,1.207989798,6,3526.717392
Percichthys trucha,2,4044,-35,-71,201.1388889,64.74999891,4.342244125,4,1544.312195
Percichthys trucha,1,1525,-37,-73,75.06299213,103.4748428,1.291669373,6,3526.717392
Percichthys trucha,1,2062,-38,-72,298.8237548,132.9436729,13.7936481,6,3019.392631
Percichthys trucha,1,1760,-38,-73,79.125,103.338334,1.344648499,6,6261.697266
Percichthys trucha,1,1525,-37,-73,75.06299213,103.4748428,1.291669373,6,3526.717392
Percichthys trucha,1,1760,-38,-73,79.125,103.338334,1.344648499,6,6261.697266
Percichthys trucha,1,1524,-37,-73,74.05737705,102.6450002,1.207989798,6,3526.717392
Percichthys trucha,1,1760,-38,-73,79.125,103.338334,1.344648499,6,6261.697266
Percichthys trucha,1,1524,-37,-73,74.05737705,102.6450002,1.207989798,6,3526.717392
Percichthys trucha,1,2067,-38,-72,264.8429119,123.1311731,1.984076042,6,3019.392631
Percichthys trucha,1,1525,-37,-73,75.06299213,103.4748428,1.291669373,6,3526.717392
Percichthys trucha,1,1525,-37,-73,75.06299213,103.4748428,1.291669373,6,3526.717392
Percichthys trucha,3,1608,-38,-73,87.00401606,100.1915891,1,5,154.1941464
Percichthys trucha,1,1524,-37,-73,74.05737705,102.6450002,1.207989798,6,3526.717392
Percichthys trucha,2,1933,-37,-72,178.921875,105.1404316,4.258407648,5,967.7092813
Percichthys trucha,3,1608,-38,-73,87.00401606,100.1915891,1,5,154.1941464
Percichthys trucha,1,1525,-37,-73,75.06299213,103.4748428,1.291669373,6,3526.717392
Percichthys trucha,1,1524,-37,-73,74.05737705,102.6450002,1.207989798,6,3526.717392
Percichthys trucha,1,1525,-37,-73,75.06299213,103.4748428,1.291669373,6,3526.717392
Percichthys trucha,1,1173,-38,-72,241.6390977,120.9665176,2.296090808,6,3526.717392
Percichthys trucha,1,1525,-37,-73,75.06299213,103.4748428,1.291669373,6,3526.717392
Percichthys trucha,3,818,-37,-72,163.8802083,91.6588527,3.600447729,5,955.1016828
Percichthys trucha,1,1525,-37,-73,75.06299213,103.4748428,1.291669373,6,3526.717392
Percichthys trucha,1,1525,-37,-73,75.06299213,103.4748428,1.291669373,6,3526.717392
Percichthys trucha,1,1525,-37,-73,75.06299213,103.4748428,1.291669373,6,3526.717392
Percichthys trucha,1,1760,-38,-73,79.125,103.338334,1.344648499,6,6261.697266
Percichthys trucha,1,1760,-38,-73,79.125,103.338334,1.344648499,6,6261.697266
Percichthys trucha,1,1524,-37,-73,74.05737705,102.6450002,1.207989798,6,3526.717392
Percichthys trucha,1,1525,-37,-73,75.06299213,103.4748428,1.291669373,6,3526.717392
Percichthys trucha,1,1525,-37,-73,75.06299213,103.4748428,1.291669373,6,3526.717392
Percichthys trucha,1,1525,-37,-73,75.06299213,103.4748428,1.291669373,6,3526.717392
Percichthys trucha,3,8507,-40,-73,38.5,185.2833344,2.664263362,4,971.5374943
Percichthys trucha,3,818,-37,-72,163.8802083,91.6588527,3.600447729,5,955.1016828
Percichthys trucha,1,1525,-37,-73,75.06299213,103.4748428,1.291669373,6,3526.717392
Percichthys trucha,3,1609,-38,-73,86.55078125,100.1896818,1,5,154.1941464
Percichthys trucha,3,1563,-38,-72,161.2708333,108.7996618,3.086832117,4,419.5884732
Percichthys trucha,3,1563,-38,-72,161.2708333,108.7996618,3.086832117,4,419.5884732
Percichthys trucha,2,3708,-35,-71,146.7207207,64.8333346,2.378894906,6,1544.312195
Percichthys trucha,3,1563,-38,-72,161.2708333,108.7996618,3.086832117,4,419.5884732
Percichthys trucha,1,1760,-38,-73,79.125,103.338334,1.344648499,6,6261.697266
Percichthys trucha,3,8532,-40,-73,86.31818182,192.6666667,18.40214676,3,971.5374943
Percichthys trucha,3,8532,-40,-73,86.31818182,192.6666667,18.40214676,3,971.5374943
Percichthys trucha,1,1760,-38,-73,79.125,103.338334,1.344648499,6,6261.697266
Percichthys trucha,3,1563,-38,-72,161.2708333,108.7996618,3.086832117,4,419.5884732
Percichthys trucha,1,1760,-38,-73,79.125,103.338334,1.344648499,6,6261.697266
Percichthys trucha,1,1760,-38,-73,79.125,103.338334,1.344648499,6,6261.697266
Percichthys trucha,1,1524,-37,-73,74.05737705,102.6450002,1.207989798,6,3526.717392
Percichthys trucha,1,1525,-37,-73,75.06299213,103.4748428,1.291669373,6,3526.717392
Percichthys trucha,3,1174,-38,-72,187.8987854,111.7043264,1.16080209,6,3526.717392
Percichthys trucha,3,644,-37,-72,165.7529412,94.2245101,4.587652144,3,656.0660846
Percichthys trucha,3,818,-37,-72,163.8802083,91.6588527,3.600447729,5,955.1016828
Percichthys trucha,3,818,-37,-72,163.8802083,91.6588527,3.600447729,5,955.1016828
Percichthys trucha,1,1173,-38,-72,241.6390977,120.9665176,2.296090808,6,3526.717392
Percichthys trucha,3,818,-37,-72,163.8802083,91.6588527,3.600447729,5,955.1016828
Percichthys trucha,1,1525,-37,-73,75.06299213,103.4748428,1.291669373,6,3526.717392
Percichthys trucha,1,2063,-38,-72,290.1971831,129.7125486,1.974997731,6,3019.392631
Percichthys trucha,1,1760,-38,-73,79.125,103.338334,1.344648499,6,6261.697266
Percichthys trucha,1,1760,-38,-73,79.125,103.338334,1.344648499,6,6261.697266
Percichthys trucha,3,644,-37,-72,165.7529412,94.2245101,4.587652144,3,656.0660846
Percichthys trucha,1,1760,-38,-73,79.125,103.338334,1.344648499,6,6261.697266
Percichthys trucha,1,1760,-38,-73,79.125,103.338334,1.344648499,6,6261.697266
Percichthys trucha,1,1760,-38,-73,79.125,103.338334,1.344648499,6,6261.697266
Percichthys trucha,1,1760,-38,-73,79.125,103.338334,1.344648499,6,6261.697266
Percichthys trucha,1,2067,-38,-72,264.8429119,123.1311731,1.984076042,6,3019.392631
Percichthys trucha,3,1174,-38,-72,187.8987854,111.7043264,1.16080209,6,3526.717392
Percichthys trucha,3,1563,-38,-72,161.2708333,108.7996618,3.086832117,4,419.5884732
Percichthys trucha,1,1524,-37,-73,74.05737705,102.6450002,1.207989798,6,3526.717392
Percichthys trucha,1,1760,-38,-73,79.125,103.338334,1.344648499,6,6261.697266
Percichthys trucha,1,1524,-37,-73,74.05737705,102.6450002,1.207989798,6,3526.717392
Percichthys trucha,1,1760,-38,-73,79.125,103.338334,1.344648499,6,6261.697266
Percichthys trucha,1,1525,-37,-73,75.06299213,103.4748428,1.291669373,6,3526.717392
Percichthys trucha,3,644,-37,-72,165.7529412,94.2245101,4.587652144,3,656.0660846
Percichthys trucha,3,1174,-38,-72,187.8987854,111.7043264,1.16080209,6,3526.717392
Percichthys trucha,1,6733,-39,-73,86.61666667,134.1309531,6.433685386,6,2359.225673
Percichthys trucha,1,1760,-38,-73,79.125,103.338334,1.344648499,6,6261.697266
Percichthys trucha,1,1353,-38,-72,357.6867925,140.7681836,6.289933997,4,3019.392631
Percichthys trucha,1,1525,-37,-73,75.06299213,103.4748428,1.291669373,6,3526.717392
Percichthys trucha,1,8534,-40,-73,64.73394495,190.2333344,8.680153355,3,971.5374943
Percichthys trucha,1,1524,-37,-73,74.05737705,102.6450002,1.207989798,6,3526.717392
Percichthys trucha,1,1524,-37,-73,74.05737705,102.6450002,1.207989798,6,3526.717392
Percichthys trucha,1,1525,-37,-73,75.06299213,103.4748428,1.291669373,6,3526.717392
Percichthys trucha,1,1525,-37,-73,75.06299213,103.4748428,1.291669373,6,3526.717392
Percichthys trucha,1,1760,-38,-73,79.125,103.338334,1.344648499,6,6261.697266
Percichthys trucha,3,818,-37,-72,163.8802083,91.6588527,3.600447729,5,955.1016828
Percichthys trucha,1,1760,-38,-73,79.125,103.338334,1.344648499,6,6261.697266
Percichthys trucha,1,1525,-37,-73,75.06299213,103.4748428,1.291669373,6,3526.717392
Percichthys trucha,3,1563,-38,-72,161.2708333,108.7996618,3.086832117,4,419.5884732
Percichthys trucha,1,1760,-38,-73,79.125,103.338334,1.344648499,6,6261.697266
Percichthys trucha,1,1760,-38,-73,79.125,103.338334,1.344648499,6,6261.697266
Percichthys trucha,1,1524,-37,-73,74.05737705,102.6450002,1.207989798,6,3526.717392
Percichthys trucha,1,1524,-37,-73,74.05737705,102.6450002,1.207989798,6,3526.717392
Percichthys trucha,3,644,-37,-72,165.7529412,94.2245101,4.587652144,3,656.0660846
Percichthys trucha,3,644,-37,-72,165.7529412,94.2245101,4.587652144,3,656.0660846
Percichthys trucha,3,818,-37,-72,163.8802083,91.6588527,3.600447729,5,955.1016828
Percichthys trucha,1,1525,-37,-73,75.06299213,103.4748428,1.291669373,6,3526.717392
Percichthys trucha,3,818,-37,-72,163.8802083,91.6588527,3.600447729,5,955.1016828
Percichthys trucha,1,1760,-38,-73,79.125,103.338334,1.344648499,6,6261.697266
Percichthys trucha,3,818,-37,-72,163.8802083,91.6588527,3.600447729,5,955.1016828
Percichthys trucha,1,1524,-37,-73,74.05737705,102.6450002,1.207989798,6,3526.717392
Percichthys trucha,1,1760,-38,-73,79.125,103.338334,1.344648499,6,6261.697266
Percichthys trucha,1,1760,-38,-73,79.125,103.338334,1.344648499,6,6261.697266
Percichthys trucha,1,1524,-37,-73,74.05737705,102.6450002,1.207989798,6,3526.717392
Percichthys trucha,1,2062,-38,-72,298.8237548,132.9436729,13.7936481,6,3019.392631
Percichthys trucha,1,1525,-37,-73,75.06299213,103.4748428,1.291669373,6,3526.717392
Percichthys trucha,3,1174,-38,-72,187.8987854,111.7043264,1.16080209,6,3526.717392
Percichthys trucha,3,1174,-38,-72,187.8987854,111.7043264,1.16080209,6,3526.717392
Percichthys trucha,1,1760,-38,-73,79.125,103.338334,1.344648499,6,6261.697266
Percichthys trucha,1,2063,-38,-72,290.1971831,129.7125486,1.974997731,6,3019.392631
Percichthys trucha,3,644,-37,-72,165.7529412,94.2245101,4.587652144,3,656.0660846
Percichthys trucha,1,1760,-38,-73,79.125,103.338334,1.344648499,6,6261.697266
Percichthys trucha,1,1760,-38,-73,79.125,103.338334,1.344648499,6,6261.697266
Percichthys trucha,1,1760,-38,-73,79.125,103.338334,1.344648499,6,6261.697266
Percichthys trucha,1,1760,-38,-73,79.125,103.338334,1.344648499,6,6261.697266
Percichthys trucha,1,1760,-38,-73,79.125,103.338334,1.344648499,6,6261.697266
Percichthys trucha,3,1563,-38,-72,161.2708333,108.7996618,3.086832117,4,419.5884732
Percichthys trucha,3,8532,-40,-73,86.31818182,192.6666667,18.40214676,3,971.5374943
Percichthys trucha,3,8532,-40,-73,86.31818182,192.6666667,18.40214676,3,971.5374943
Percichthys trucha,3,8532,-40,-73,86.31818182,192.6666667,18.40214676,3,971.5374943
Percichthys trucha,1,1760,-38,-73,79.125,103.338334,1.344648499,6,6261.697266
Percichthys trucha,1,1760,-38,-73,79.125,103.338334,1.344648499,6,6261.697266
Percichthys trucha,1,1760,-38,-73,79.125,103.338334,1.344648499,6,6261.697266
Percichthys trucha,2,3708,-35,-71,146.7207207,64.8333346,2.378894906,6,1544.312195
Percichthys trucha,1,1353,-38,-72,357.6867925,140.7681836,6.289933997,4,3019.392631
Percichthys trucha,1,1525,-37,-73,75.06299213,103.4748428,1.291669373,6,3526.717392
Percichthys trucha,1,6733,-39,-73,86.61666667,134.1309531,6.433685386,6,2359.225673
Percichthys trucha,1,1173,-38,-72,241.6390977,120.9665176,2.296090808,6,3526.717392
Percichthys trucha,1,2062,-38,-72,298.8237548,132.9436729,13.7936481,6,3019.392631
Percichthys trucha,3,818,-37,-72,163.8802083,91.6588527,3.600447729,5,955.1016828
Percichthys trucha,1,1173,-38,-72,241.6390977,120.9665176,2.296090808,6,3526.717392
Percichthys trucha,1,1525,-37,-73,75.06299213,103.4748428,1.291669373,6,3526.717392
Percichthys trucha,1,1524,-37,-73,74.05737705,102.6450002,1.207989798,6,3526.717392
Percichthys trucha,1,2064,-38,-72,282.364486,128.6732224,3.156730716,6,3019.392631
Percichthys trucha,1,1525,-37,-73,75.06299213,103.4748428,1.291669373,6,3526.717392
Percichthys trucha,3,818,-37,-72,163.8802083,91.6588527,3.600447729,5,955.1016828
Percichthys trucha,1,1760,-38,-73,79.125,103.338334,1.344648499,6,6261.697266
Percichthys trucha,1,1525,-37,-73,75.06299213,103.4748428,1.291669373,6,3526.717392
Percichthys trucha,3,818,-37,-72,163.8802083,91.6588527,3.600447729,5,955.1016828
Percichthys trucha,4,2270,-38,-72,416.0440252,176.5795445,2.294542228,4,3019.392631
Percichthys trucha,3,1563,-38,-72,161.2708333,108.7996618,3.086832117,4,419.5884732
Percichthys trucha,3,8538,-40,-73,45.85964912,187.1979198,11.39652594,3,971.5374943
Percichthys trucha,1,2062,-38,-72,298.8237548,132.9436729,13.7936481,6,3019.392631
Percichthys trucha,3,644,-37,-72,165.7529412,94.2245101,4.587652144,3,656.0660846
Percichthys trucha,3,1174,-38,-72,187.8987854,111.7043264,1.16080209,6,3526.717392
Percichthys trucha,1,7716,-34,-71,445.5423729,39.25,3.435491705,6,1141.36445
Percichthys trucha,1,1760,-38,-73,79.125,103.338334,1.344648499,6,6261.697266
Percichthys trucha,1,2062,-38,-72,298.8237548,132.9436729,13.7936481,6,3019.392631
Percichthys trucha,1,1524,-37,-73,74.05737705,102.6450002,1.207989798,6,3526.717392
Percichthys trucha,1,1760,-38,-73,79.125,103.338334,1.344648499,6,6261.697266
Percichthys trucha,3,818,-37,-72,163.8802083,91.6588527,3.600447729,5,955.1016828
Percichthys trucha,3,1563,-38,-72,161.2708333,108.7996618,3.086832117,4,419.5884732
Percichthys trucha,3,644,-37,-72,165.7529412,94.2245101,4.587652144,3,656.0660846
Percichthys trucha,1,1524,-37,-73,74.05737705,102.6450002,1.207989798,6,3526.717392
Percichthys trucha,1,1525,-37,-73,75.06299213,103.4748428,1.291669373,6,3526.717392
Percichthys trucha,1,1760,-38,-73,79.125,103.338334,1.344648499,6,6261.697266
Percichthys trucha,2,1933,-37,-72,178.921875,105.1404316,4.258407648,5,967.7092813
Percichthys trucha,1,1760,-38,-73,79.125,103.338334,1.344648499,6,6261.697266
Percichthys trucha,1,1524,-37,-73,74.05737705,102.6450002,1.207989798,6,3526.717392
Percichthys trucha,3,1563,-38,-72,161.2708333,108.7996618,3.086832117,4,419.5884732
Percichthys trucha,1,1760,-38,-73,79.125,103.338334,1.344648499,6,6261.697266
Percichthys trucha,3,1563,-38,-72,161.2708333,108.7996618,3.086832117,4,419.5884732
Percichthys trucha,3,644,-37,-72,165.7529412,94.2245101,4.587652144,3,656.0660846
Percichthys trucha,1,2062,-38,-72,298.8237548,132.9436729,13.7936481,6,3019.392631
Percichthys trucha,1,1173,-38,-72,241.6390977,120.9665176,2.296090808,6,3526.717392
Percichthys trucha,1,7716,-34,-71,445.5423729,39.25,3.435491705,6,1141.36445
Percichthys trucha,1,1525,-37,-73,75.06299213,103.4748428,1.291669373,6,3526.717392
Percichthys trucha,1,1173,-38,-72,241.6390977,120.9665176,2.296090808,6,3526.717392
Percichthys trucha,4,2270,-38,-72,416.0440252,176.5795445,2.294542228,4,3019.392631
Percichthys trucha,3,644,-37,-72,165.7529412,94.2245101,4.587652144,3,656.0660846
Percichthys trucha,1,1760,-38,-73,79.125,103.338334,1.344648499,6,6261.697266
Percichthys trucha,3,1563,-38,-72,161.2708333,108.7996618,3.086832117,4,419.5884732
Percichthys trucha,2,3708,-35,-71,146.7207207,64.8333346,2.378894906,6,1544.312195
Percichthys trucha,1,1524,-37,-73,74.05737705,102.6450002,1.207989798,6,3526.717392
Percichthys trucha,1,1760,-38,-73,79.125,103.338334,1.344648499,6,6261.697266
Percichthys trucha,1,7716,-34,-71,445.5423729,39.25,3.435491705,6,1141.36445
Percichthys trucha,1,1525,-37,-73,75.06299213,103.4748428,1.291669373,6,3526.717392
Percichthys trucha,1,2062,-38,-72,298.8237548,132.9436729,13.7936481,6,3019.392631
Percichthys trucha,3,644,-37,-72,165.7529412,94.2245101,4.587652144,3,656.0660846
Percichthys trucha,1,1760,-38,-73,79.125,103.338334,1.344648499,6,6261.697266
Percichthys trucha,1,6733,-39,-73,86.61666667,134.1309531,6.433685386,6,2359.225673
Percichthys trucha,1,6733,-39,-73,86.61666667,134.1309531,6.433685386,6,2359.225673
Percichthys trucha,3,8538,-40,-73,45.85964912,187.1979198,11.39652594,3,971.5374943
Percichthys trucha,1,1525,-37,-73,75.06299213,103.4748428,1.291669373,6,3526.717392
Percichthys trucha,1,1525,-37,-73,75.06299213,103.4748428,1.291669373,6,3526.717392
Percichthys trucha,1,1760,-38,-73,79.125,103.338334,1.344648499,6,6261.697266
Percichthys trucha,3,8538,-40,-73,45.85964912,187.1979198,11.39652594,3,971.5374943
Percichthys trucha,1,7716,-34,-71,445.5423729,39.25,3.435491705,6,1141.36445
Percichthys trucha,1,2062,-38,-72,298.8237548,132.9436729,13.7936481,6,3019.392631
Percichthys trucha,1,1525,-37,-73,75.06299213,103.4748428,1.291669373,6,3526.717392
Percichthys trucha,1,1760,-38,-73,79.125,103.338334,1.344648499,6,6261.697266
Percichthys trucha,1,1525,-37,-73,75.06299213,103.4748428,1.291669373,6,3526.717392
Percichthys trucha,3,818,-37,-72,163.8802083,91.6588527,3.600447729,5,955.1016828
Percichthys trucha,1,1172,-38,-72,256.4545455,122.4354573,1.286548742,6,3019.392631
Percichthys trucha,1,2062,-38,-72,298.8237548,132.9436729,13.7936481,6,3019.392631
Percichthys trucha,1,1525,-37,-73,75.06299213,103.4748428,1.291669373,6,3526.717392
Percichthys trucha,1,1525,-37,-73,75.06299213,103.4748428,1.291669373,6,3526.717392
Percichthys trucha,1,1760,-38,-73,79.125,103.338334,1.344648499,6,6261.697266
Percichthys trucha,12,6185,-35,-72,42.15384615,70.0416654,2.680632787,7,5570.866652
Percichthys trucha,1,1525,-37,-73,75.06299213,103.4748428,1.291669373,6,3526.717392
Percichthys trucha,3,1174,-38,-72,187.8987854,111.7043264,1.16080209,6,3526.717392
Percichthys trucha,1,1525,-37,-73,75.06299213,103.4748428,1.291669373,6,3526.717392
Percichthys trucha,1,2062,-38,-72,298.8237548,132.9436729,13.7936481,6,3019.392631
Percichthys trucha,3,1563,-38,-72,161.2708333,108.7996618,3.086832117,4,419.5884732
Percichthys trucha,3,644,-37,-72,165.7529412,94.2245101,4.587652144,3,656.0660846
Percichthys trucha,1,2063,-38,-72,290.1971831,129.7125486,1.974997731,6,3019.392631
Percichthys trucha,1,1760,-38,-73,79.125,103.338334,1.344648499,6,6261.697266
Percichthys trucha,1,1525,-37,-73,75.06299213,103.4748428,1.291669373,6,3526.717392
Percichthys trucha,1,1525,-37,-73,75.06299213,103.4748428,1.291669373,6,3526.717392
Percichthys trucha,4,2270,-38,-72,416.0440252,176.5795445,2.294542228,4,3019.392631
Percichthys trucha,4,2270,-38,-72,416.0440252,176.5795445,2.294542228,4,3019.392631
Percichthys trucha,3,644,-37,-72,165.7529412,94.2245101,4.587652144,3,656.0660846
Percichthys trucha,1,1760,-38,-73,79.125,103.338334,1.344648499,6,6261.697266
Percichthys trucha,1,1760,-38,-73,79.125,103.338334,1.344648499,6,6261.697266
Percichthys trucha,3,818,-37,-72,163.8802083,91.6588527,3.600447729,5,955.1016828
Percichthys trucha,1,2062,-38,-72,298.8237548,132.9436729,13.7936481,6,3019.392631
Percichthys trucha,3,5372,-35,-72,28.65137615,69.65,4.354146694,7,5570.866652
Percichthys trucha,1,1525,-37,-73,75.06299213,103.4748428,1.291669373,6,3526.717392
Percichthys trucha,1,1760,-38,-73,79.125,103.338334,1.344648499,6,6261.697266
Percichthys trucha,3,8530,-40,-73,110.9545455,194.9500031,25.84003993,3,971.5374943
Percichthys trucha,1,7716,-34,-71,445.5423729,39.25,3.435491705,6,1141.36445
Percichthys trucha,3,8539,-40,-73,44.54807692,186.6944453,11.19482029,3,971.5374943
Percichthys trucha,1,1525,-37,-73,75.06299213,103.4748428,1.291669373,6,3526.717392
Percichthys trucha,3,8539,-40,-73,44.54807692,186.6944453,11.19482029,3,971.5374943
Percichthys trucha,1,1760,-38,-73,79.125,103.338334,1.344648499,6,6261.697266
Percichthys trucha,3,818,-37,-72,163.8802083,91.6588527,3.600447729,5,955.1016828
Percichthys trucha,1,1525,-37,-73,75.06299213,103.4748428,1.291669373,6,3526.717392
Percichthys trucha,1,1524,-37,-73,74.05737705,102.6450002,1.207989798,6,3526.717392
Percichthys trucha,1,2062,-38,-72,298.8237548,132.9436729,13.7936481,6,3019.392631
Percichthys trucha,3,818,-37,-72,163.8802083,91.6588527,3.600447729,5,955.1016828
Percichthys trucha,3,8539,-40,-73,44.54807692,186.6944453,11.19482029,3,971.5374943
Percichthys trucha,3,8539,-40,-73,44.54807692,186.6944453,11.19482029,3,971.5374943
Percichthys trucha,4,2270,-38,-72,416.0440252,176.5795445,2.294542228,4,3019.392631
Percichthys trucha,1,1525,-37,-73,75.06299213,103.4748428,1.291669373,6,3526.717392
Percichthys trucha,1,1524,-37,-73,74.05737705,102.6450002,1.207989798,6,3526.717392
Percichthys trucha,3,818,-37,-72,163.8802083,91.6588527,3.600447729,5,955.1016828
Percichthys trucha,1,1525,-37,-73,75.06299213,103.4748428,1.291669373,6,3526.717392
Percichthys trucha,2,3708,-35,-71,146.7207207,64.8333346,2.378894906,6,1544.312195
Percichthys trucha,1,1525,-37,-73,75.06299213,103.4748428,1.291669373,6,3526.717392
Percichthys trucha,4,2270,-38,-72,416.0440252,176.5795445,2.294542228,4,3019.392631
Percichthys trucha,1,1525,-37,-73,75.06299213,103.4748428,1.291669373,6,3526.717392
Percichthys trucha,3,644,-37,-72,165.7529412,94.2245101,4.587652144,3,656.0660846
Percichthys trucha,1,1525,-37,-73,75.06299213,103.4748428,1.291669373,6,3526.717392
Percichthys trucha,1,2063,-38,-72,290.1971831,129.7125486,1.974997731,6,3019.392631
Percichthys trucha,1,1760,-38,-73,79.125,103.338334,1.344648499,6,6261.697266
Percichthys trucha,1,1525,-37,-73,75.06299213,103.4748428,1.291669373,6,3526.717392
Percichthys trucha,1,2063,-38,-72,290.1971831,129.7125486,1.974997731,6,3019.392631
Percichthys trucha,3,818,-37,-72,163.8802083,91.6588527,3.600447729,5,955.1016828
Percichthys trucha,1,1760,-38,-73,79.125,103.338334,1.344648499,6,6261.697266
Percichthys trucha,2,3708,-35,-71,146.7207207,64.8333346,2.378894906,6,1544.312195
Percichthys trucha,3,644,-37,-72,165.7529412,94.2245101,4.587652144,3,656.0660846
Percichthys trucha,1,2062,-38,-72,298.8237548,132.9436729,13.7936481,6,3019.392631
Percichthys trucha,1,1760,-38,-73,79.125,103.338334,1.344648499,6,6261.697266
Percichthys trucha,1,1525,-37,-73,75.06299213,103.4748428,1.291669373,6,3526.717392
Percichthys trucha,1,1524,-37,-73,74.05737705,102.6450002,1.207989798,6,3526.717392
Percichthys trucha,1,7716,-34,-71,445.5423729,39.25,3.435491705,6,1141.36445
Percichthys trucha,1,1525,-37,-73,75.06299213,103.4748428,1.291669373,6,3526.717392
Percichthys trucha,1,1760,-38,-73,79.125,103.338334,1.344648499,6,6261.697266
Percichthys trucha,1,1760,-38,-73,79.125,103.338334,1.344648499,6,6261.697266
Percichthys trucha,3,818,-37,-72,163.8802083,91.6588527,3.600447729,5,955.1016828
Percichthys trucha,1,2062,-38,-72,298.8237548,132.9436729,13.7936481,6,3019.392631
Percichthys trucha,3,818,-37,-72,163.8802083,91.6588527,3.600447729,5,955.1016828
Percichthys trucha,1,1524,-37,-73,74.05737705,102.6450002,1.207989798,6,3526.717392
Percichthys trucha,1,2062,-38,-72,298.8237548,132.9436729,13.7936481,6,3019.392631
Percichthys trucha,1,7716,-34,-71,445.5423729,39.25,3.435491705,6,1141.36445
Percichthys trucha,1,2062,-38,-72,298.8237548,132.9436729,13.7936481,6,3019.392631
Percichthys trucha,1,1524,-37,-73,74.05737705,102.6450002,1.207989798,6,3526.717392
Percichthys trucha,1,1760,-38,-73,79.125,103.338334,1.344648499,6,6261.697266
Percichthys trucha,3,818,-37,-72,163.8802083,91.6588527,3.600447729,5,955.1016828
Percichthys trucha,1,2062,-38,-72,298.8237548,132.9436729,13.7936481,6,3019.392631
Percichthys trucha,1,2062,-38,-72,298.8237548,132.9436729,13.7936481,6,3019.392631
Percichthys trucha,1,1524,-37,-73,74.05737705,102.6450002,1.207989798,6,3526.717392
Percichthys trucha,3,818,-37,-72,163.8802083,91.6588527,3.600447729,5,955.1016828
Percichthys trucha,3,8539,-40,-73,44.54807692,186.6944453,11.19482029,3,971.5374943
Percichthys trucha,1,1760,-38,-73,79.125,103.338334,1.344648499,6,6261.697266
Percichthys trucha,1,1525,-37,-73,75.06299213,103.4748428,1.291669373,6,3526.717392
Percichthys trucha,1,1525,-37,-73,75.06299213,103.4748428,1.291669373,6,3526.717392
Percichthys trucha,1,2062,-38,-72,298.8237548,132.9436729,13.7936481,6,3019.392631
Percichthys trucha,1,1760,-38,-73,79.125,103.338334,1.344648499,6,6261.697266
Percichthys trucha,1,1760,-38,-73,79.125,103.338334,1.344648499,6,6261.697266
Percichthys trucha,3,1608,-38,-73,87.00401606,100.1915891,1,5,154.1941464
Percichthys trucha,1,1760,-38,-73,79.125,103.338334,1.344648499,6,6261.697266
Percichthys trucha,1,1760,-38,-73,79.125,103.338334,1.344648499,6,6261.697266
Percichthys trucha,3,818,-37,-72,163.8802083,91.6588527,3.600447729,5,955.1016828
Percichthys trucha,1,1760,-38,-73,79.125,103.338334,1.344648499,6,6261.697266
Percichthys trucha,1,1760,-38,-73,79.125,103.338334,1.344648499,6,6261.697266
Percichthys trucha,1,1760,-38,-73,79.125,103.338334,1.344648499,6,6261.697266
Percichthys trucha,1,1760,-38,-73,79.125,103.338334,1.344648499,6,6261.697266
Percichthys trucha,3,818,-37,-72,163.8802083,91.6588527,3.600447729,5,955.1016828
Percichthys trucha,1,1525,-37,-73,75.06299213,103.4748428,1.291669373,6,3526.717392
Percichthys trucha,3,818,-37,-72,163.8802083,91.6588527,3.600447729,5,955.1016828
Percichthys trucha,3,818,-37,-72,163.8802083,91.6588527,3.600447729,5,955.1016828
Percichthys trucha,1,1760,-38,-73,79.125,103.338334,1.344648499,6,6261.697266
Percichthys trucha,1,1525,-37,-73,75.06299213,103.4748428,1.291669373,6,3526.717392
Percichthys trucha,1,1760,-38,-73,79.125,103.338334,1.344648499,6,6261.697266
Percichthys trucha,3,8539,-40,-73,44.54807692,186.6944453,11.19482029,3,971.5374943
Percichthys trucha,1,1172,-38,-72,256.4545455,122.4354573,1.286548742,6,3019.392631
Percichthys trucha,1,2063,-38,-72,290.1971831,129.7125486,1.974997731,6,3019.392631
Percichthys trucha,1,1172,-38,-72,256.4545455,122.4354573,1.286548742,6,3019.392631
Percichthys trucha,1,1525,-37,-73,75.06299213,103.4748428,1.291669373,6,3526.717392
Percichthys trucha,1,1760,-38,-73,79.125,103.338334,1.344648499,6,6261.697266
Percichthys trucha,1,1760,-38,-73,79.125,103.338334,1.344648499,6,6261.697266
Percichthys trucha,1,1760,-38,-73,79.125,103.338334,1.344648499,6,6261.697266
Percichthys trucha,1,1525,-37,-73,75.06299213,103.4748428,1.291669373,6,3526.717392
Percichthys trucha,1,1172,-38,-72,256.4545455,122.4354573,1.286548742,6,3019.392631
Percichthys trucha,3,818,-37,-72,163.8802083,91.6588527,3.600447729,5,955.1016828
Percilia gillissi,2,5993,-36,-72,99.35238095,70.95833333,2.351056413,6,1160.414781
Percilia gillissi,4,4535,-39,-73,70.40178571,98.70238277,3.160259271,5,1745.722088
Percilia gillissi,3,818,-37,-72,163.8802083,91.6588527,3.600447729,5,955.1016828
Percilia gillissi,3,8538,-40,-73,45.85964912,187.1979198,11.39652594,3,971.5374943
Percilia gillissi,2,5993,-36,-72,99.35238095,70.95833333,2.351056413,6,1160.414781
Percilia gillissi,2,6775,-39,-73,91.29090909,139.761904,7.73398954,4,195.4099444
Percilia gillissi,3,5243,-39,-72,134,134.3333333,3.894006396,5,628.0236726
Percilia gillissi,3,5243,-39,-72,134,134.3333333,3.894006396,5,628.0236726
Percilia gillissi,2,6775,-39,-73,91.29090909,139.761904,7.73398954,4,195.4099444
Percilia gillissi,3,818,-37,-72,163.8802083,91.6588527,3.600447729,5,955.1016828
Percilia gillissi,2,5993,-36,-72,99.35238095,70.95833333,2.351056413,6,1160.414781
Percilia gillissi,2,8530,-40,-73,110.9545455,194.9500031,25.84003993,3,971.5374943
Percilia gillissi,3,5243,-39,-72,134,134.3333333,3.894006396,5,628.0236726
Percilia gillissi,4,4535,-39,-73,70.40178571,98.70238277,3.160259271,5,1745.722088
Percilia gillissi,2,6775,-39,-73,91.29090909,139.761904,7.73398954,4,195.4099444
Percilia gillissi,3,644,-37,-72,165.7529412,94.2245101,4.587652144,3,656.0660846
Percilia gillissi,3,644,-37,-72,165.7529412,94.2245101,4.587652144,3,656.0660846
Percilia gillissi,4,4535,-39,-73,70.40178571,98.70238277,3.160259271,5,1745.722088
Percilia gillissi,4,4535,-39,-73,70.40178571,98.70238277,3.160259271,5,1745.722088
Percilia gillissi,3,818,-37,-72,163.8802083,91.6588527,3.600447729,5,955.1016828
Percilia gillissi,4,4535,-39,-73,70.40178571,98.70238277,3.160259271,5,1745.722088
Percilia gillissi,3,5243,-39,-72,134,134.3333333,3.894006396,5,628.0236726
Percilia gillissi,3,5243,-39,-72,134,134.3333333,3.894006396,5,628.0236726
Percilia gillissi,12,6185,-35,-72,42.15384615,70.0416654,2.680632787,7,5570.866652
Percilia gillissi,2,3708,-35,-71,146.7207207,64.8333346,2.378894906,6,1544.312195
Percilia gillissi,2,5993,-36,-72,99.35238095,70.95833333,2.351056413,6,1160.414781
Percilia gillissi,12,6185,-35,-72,42.15384615,70.0416654,2.680632787,7,5570.866652
Percilia gillissi,2,3708,-35,-71,146.7207207,64.8333346,2.378894906,6,1544.312195
Percilia gillissi,2,3610,-34,-71,162.90625,43.16341121,5.718709548,2,1750.389286
Percilia gillissi,2,3708,-35,-71,146.7207207,64.8333346,2.378894906,6,1544.312195
Percilia gillissi,4,4535,-39,-73,70.40178571,98.70238277,3.160259271,5,1745.722088
Percilia gillissi,2,6775,-39,-73,91.29090909,139.761904,7.73398954,4,195.4099444
Percilia gillissi,3,5756,-36,-72,109.3333333,75.56666718,4.452714519,4,257.240611
Percilia gillissi,3,818,-37,-72,163.8802083,91.6588527,3.600447729,5,955.1016828
Percilia gillissi,2,5993,-36,-72,99.35238095,70.95833333,2.351056413,6,1160.414781
Percilia gillissi,2,5993,-36,-72,99.35238095,70.95833333,2.351056413,6,1160.414781
Percilia gillissi,2,4044,-35,-71,201.1388889,64.74999891,4.342244125,4,1544.312195
Percilia gillissi,2,8538,-40,-73,45.85964912,187.1979198,11.39652594,3,971.5374943
Percilia gillissi,2,8538,-40,-73,45.85964912,187.1979198,11.39652594,3,971.5374943
Percilia gillissi,2,3708,-35,-71,146.7207207,64.8333346,2.378894906,6,1544.312195
Percilia gillissi,4,4535,-39,-73,70.40178571,98.70238277,3.160259271,5,1745.722088
Percilia gillissi,3,8531,-40,-73,101.7017544,194.25,19.25817239,3,971.5374943
Percilia gillissi,4,4535,-39,-73,70.40178571,98.70238277,3.160259271,5,1745.722088
Percilia gillissi,3,5756,-36,-72,109.3333333,75.56666718,4.452714519,4,257.240611
Percilia gillissi,2,6775,-39,-73,91.29090909,139.761904,7.73398954,4,195.4099444
Percilia gillissi,2,6775,-39,-73,91.29090909,139.761904,7.73398954,4,195.4099444
Percilia gillissi,2,5993,-36,-72,99.35238095,70.95833333,2.351056413,6,1160.414781
Percilia gillissi,4,4535,-39,-73,70.40178571,98.70238277,3.160259271,5,1745.722088
Percilia gillissi,2,8538,-40,-73,45.85964912,187.1979198,11.39652594,3,971.5374943
Percilia gillissi,2,5993,-36,-72,99.35238095,70.95833333,2.351056413,6,1160.414781
Percilia gillissi,2,3708,-35,-71,146.7207207,64.8333346,2.378894906,6,1544.312195
Percilia gillissi,2,6775,-39,-73,91.29090909,139.761904,7.73398954,4,195.4099444
Percilia gillissi,2,8539,-40,-73,44.54807692,186.6944453,11.19482029,3,971.5374943
Percilia gillissi,2,5993,-36,-72,99.35238095,70.95833333,2.351056413,6,1160.414781
Percilia gillissi,2,5993,-36,-72,99.35238095,70.95833333,2.351056413,6,1160.414781
Percilia gillissi,2,5993,-36,-72,99.35238095,70.95833333,2.351056413,6,1160.414781
Percilia gillissi,4,4535,-39,-73,70.40178571,98.70238277,3.160259271,5,1745.722088
Percilia gillissi,3,5756,-36,-72,109.3333333,75.56666718,4.452714519,4,257.240611
Percilia gillissi,2,3610,-34,-71,162.90625,43.16341121,5.718709548,2,1750.389286
Percilia gillissi,2,3708,-35,-71,146.7207207,64.8333346,2.378894906,6,1544.312195
Percilia gillissi,2,3708,-35,-71,146.7207207,64.8333346,2.378894906,6,1544.312195
Percilia gillissi,12,6185,-35,-72,42.15384615,70.0416654,2.680632787,7,5570.866652
Percilia gillissi,3,818,-37,-72,163.8802083,91.6588527,3.600447729,5,955.1016828
Percilia gillissi,1,8532,-40,-73,86.31818182,192.6666667,18.40214676,3,971.5374943
Percilia gillissi,2,5993,-36,-72,99.35238095,70.95833333,2.351056413,6,1160.414781
Percilia gillissi,4,4535,-39,-73,70.40178571,98.70238277,3.160259271,5,1745.722088
Percilia gillissi,3,644,-37,-72,165.7529412,94.2245101,4.587652144,3,656.0660846
Percilia gillissi,2,5993,-36,-72,99.35238095,70.95833333,2.351056413,6,1160.414781
Percilia gillissi,4,4535,-39,-73,70.40178571,98.70238277,3.160259271,5,1745.722088
Percilia gillissi,3,818,-37,-72,163.8802083,91.6588527,3.600447729,5,955.1016828
Percilia gillissi,3,5243,-39,-72,134,134.3333333,3.894006396,5,628.0236726
Percilia gillissi,2,6775,-39,-73,91.29090909,139.761904,7.73398954,4,195.4099444
Percilia gillissi,2,8539,-40,-73,44.54807692,186.6944453,11.19482029,3,971.5374943
Percilia gillissi,2,8539,-40,-73,44.54807692,186.6944453,11.19482029,3,971.5374943
Percilia gillissi,2,5993,-36,-72,99.35238095,70.95833333,2.351056413,6,1160.414781
Percilia gillissi,2,5993,-36,-72,99.35238095,70.95833333,2.351056413,6,1160.414781
Percilia gillissi,2,5993,-36,-72,99.35238095,70.95833333,2.351056413,6,1160.414781
Percilia gillissi,2,3708,-35,-71,146.7207207,64.8333346,2.378894906,6,1544.312195
Percilia gillissi,3,5756,-36,-72,109.3333333,75.56666718,4.452714519,4,257.240611
Percilia gillissi,3,644,-37,-72,165.7529412,94.2245101,4.587652144,3,656.0660846
Percilia gillissi,3,818,-37,-72,163.8802083,91.6588527,3.600447729,5,955.1016828
Percilia gillissi,2,5993,-36,-72,99.35238095,70.95833333,2.351056413,6,1160.414781
Percilia gillissi,3,5243,-39,-72,134,134.3333333,3.894006396,5,628.0236726
Percilia gillissi,1,8528,-40,-72,127.1551724,193.8472214,10.735122,3,971.5374943
Percilia gillissi,2,5993,-36,-72,99.35238095,70.95833333,2.351056413,6,1160.414781
Percilia gillissi,4,4535,-39,-73,70.40178571,98.70238277,3.160259271,5,1745.722088
Percilia gillissi,2,5993,-36,-72,99.35238095,70.95833333,2.351056413,6,1160.414781
Percilia gillissi,2,5993,-36,-72,99.35238095,70.95833333,2.351056413,6,1160.414781
Percilia gillissi,4,4535,-39,-73,70.40178571,98.70238277,3.160259271,5,1745.722088
Percilia gillissi,2,5993,-36,-72,99.35238095,70.95833333,2.351056413,6,1160.414781
Percilia gillissi,3,5243,-39,-72,134,134.3333333,3.894006396,5,628.0236726
Percilia gillissi,3,5243,-39,-72,134,134.3333333,3.894006396,5,628.0236726
Percilia gillissi,2,8538,-40,-73,45.85964912,187.1979198,11.39652594,3,971.5374943
Percilia gillissi,3,5243,-39,-72,134,134.3333333,3.894006396,5,628.0236726
Percilia gillissi,2,5993,-36,-72,99.35238095,70.95833333,2.351056413,6,1160.414781
Percilia gillissi,3,818,-37,-72,163.8802083,91.6588527,3.600447729,5,955.1016828
Percilia gillissi,2,5993,-36,-72,99.35238095,70.95833333,2.351056413,6,1160.414781
Percilia gillissi,3,5756,-36,-72,109.3333333,75.56666718,4.452714519,4,257.240611
Percilia gillissi,4,4535,-39,-73,70.40178571,98.70238277,3.160259271,5,1745.722088
Percilia gillissi,4,4535,-39,-73,70.40178571,98.70238277,3.160259271,5,1745.722088
Percilia gillissi,1,4814,-38,-73,173.0347826,96.38095311,6.476367988,4,40.99982154
Percilia gillissi,1,6150,-35,-72,54.2,70.59523664,6.287205955,5,1275.259419
Percilia gillissi,3,818,-37,-72,163.8802083,91.6588527,3.600447729,5,955.1016828
Percilia gillissi,3,818,-37,-72,163.8802083,91.6588527,3.600447729,5,955.1016828
Percilia gillissi,2,3708,-35,-71,146.7207207,64.8333346,2.378894906,6,1544.312195
Percilia gillissi,2,5993,-36,-72,99.35238095,70.95833333,2.351056413,6,1160.414781
Percilia gillissi,3,644,-37,-72,165.7529412,94.2245101,4.587652144,3,656.0660846
Percilia gillissi,4,4535,-39,-73,70.40178571,98.70238277,3.160259271,5,1745.722088
Percilia gillissi,4,4535,-39,-73,70.40178571,98.70238277,3.160259271,5,1745.722088
Percilia gillissi,1,6150,-35,-72,54.2,70.59523664,6.287205955,5,1275.259419
Percilia gillissi,3,5756,-36,-72,109.3333333,75.56666718,4.452714519,4,257.240611
Percilia gillissi,2,8532,-40,-73,86.31818182,192.6666667,18.40214676,3,971.5374943
Percilia gillissi,3,5756,-36,-72,109.3333333,75.56666718,4.452714519,4,257.240611
Percilia gillissi,2,6775,-39,-73,91.29090909,139.761904,7.73398954,4,195.4099444
Percilia gillissi,2,5993,-36,-72,99.35238095,70.95833333,2.351056413,6,1160.414781
Percilia gillissi,2,5993,-36,-72,99.35238095,70.95833333,2.351056413,6,1160.414781
Percilia gillissi,2,5993,-36,-72,99.35238095,70.95833333,2.351056413,6,1160.414781
Percilia gillissi,2,5993,-36,-72,99.35238095,70.95833333,2.351056413,6,1160.414781
Percilia gillissi,3,818,-37,-72,163.8802083,91.6588527,3.600447729,5,955.1016828
Percilia gillissi,3,5243,-39,-72,134,134.3333333,3.894006396,5,628.0236726
Percilia gillissi,3,5756,-36,-72,109.3333333,75.56666718,4.452714519,4,257.240611
Percilia gillissi,2,5993,-36,-72,99.35238095,70.95833333,2.351056413,6,1160.414781
Percilia gillissi,2,4044,-35,-71,201.1388889,64.74999891,4.342244125,4,1544.312195
Percilia gillissi,4,4535,-39,-73,70.40178571,98.70238277,3.160259271,5,1745.722088
Percilia gillissi,2,5993,-36,-72,99.35238095,70.95833333,2.351056413,6,1160.414781
Percilia gillissi,2,5993,-36,-72,99.35238095,70.95833333,2.351056413,6,1160.414781
Percilia gillissi,3,8539,-40,-73,44.54807692,186.6944453,11.19482029,3,971.5374943
Percilia gillissi,2,5993,-36,-72,99.35238095,70.95833333,2.351056413,6,1160.414781
Percilia gillissi,3,818,-37,-72,163.8802083,91.6588527,3.600447729,5,955.1016828
Percilia gillissi,3,818,-37,-72,163.8802083,91.6588527,3.600447729,5,955.1016828
Percilia gillissi,3,8538,-40,-73,45.85964912,187.1979198,11.39652594,3,971.5374943
Percilia gillissi,3,818,-37,-72,163.8802083,91.6588527,3.600447729,5,955.1016828
Percilia gillissi,4,4535,-39,-73,70.40178571,98.70238277,3.160259271,5,1745.722088
Percilia gillissi,2,8532,-40,-73,86.31818182,192.6666667,18.40214676,3,971.5374943
Percilia gillissi,4,4535,-39,-73,70.40178571,98.70238277,3.160259271,5,1745.722088
Percilia gillissi,4,4535,-39,-73,70.40178571,98.70238277,3.160259271,5,1745.722088
Percilia gillissi,4,4535,-39,-73,70.40178571,98.70238277,3.160259271,5,1745.722088
Percilia gillissi,4,4535,-39,-73,70.40178571,98.70238277,3.160259271,5,1745.722088
Percilia gillissi,2,5993,-36,-72,99.35238095,70.95833333,2.351056413,6,1160.414781
Percilia gillissi,4,4535,-39,-73,70.40178571,98.70238277,3.160259271,5,1745.722088
Percilia gillissi,4,4535,-39,-73,70.40178571,98.70238277,3.160259271,5,1745.722088
Percilia gillissi,2,3708,-35,-71,146.7207207,64.8333346,2.378894906,6,1544.312195
Percilia gillissi,2,3708,-35,-71,146.7207207,64.8333346,2.378894906,6,1544.312195
Percilia gillissi,3,818,-37,-72,163.8802083,91.6588527,3.600447729,5,955.1016828
Percilia gillissi,3,8531,-40,-73,101.7017544,194.25,19.25817239,3,971.5374943
Percilia gillissi,2,8538,-40,-73,45.85964912,187.1979198,11.39652594,3,971.5374943
Percilia gillissi,3,8538,-40,-73,45.85964912,187.1979198,11.39652594,3,971.5374943
Percilia gillissi,2,5717,-36,-72,89.8125,73.93333588,3.637341519,6,3290.497922
Percilia gillissi,3,818,-37,-72,163.8802083,91.6588527,3.600447729,5,955.1016828
Percilia gillissi,3,818,-37,-72,163.8802083,91.6588527,3.600447729,5,955.1016828
Percilia gillissi,1,6150,-35,-72,54.2,70.59523664,6.287205955,5,1275.259419
Percilia gillissi,2,4044,-35,-71,201.1388889,64.74999891,4.342244125,4,1544.312195
Percilia gillissi,2,4044,-35,-71,201.1388889,64.74999891,4.342244125,4,1544.312195
Percilia gillissi,3,644,-37,-72,165.7529412,94.2245101,4.587652144,3,656.0660846
Percilia gillissi,3,5756,-36,-72,109.3333333,75.56666718,4.452714519,4,257.240611
Percilia gillissi,4,4535,-39,-73,70.40178571,98.70238277,3.160259271,5,1745.722088
Percilia gillissi,4,4535,-39,-73,70.40178571,98.70238277,3.160259271,5,1745.722088
Percilia gillissi,2,3708,-35,-71,146.7207207,64.8333346,2.378894906,6,1544.312195
Percilia gillissi,2,3708,-35,-71,146.7207207,64.8333346,2.378894906,6,1544.312195
Percilia gillissi,2,3708,-35,-71,146.7207207,64.8333346,2.378894906,6,1544.312195
Percilia gillissi,3,5756,-36,-72,109.3333333,75.56666718,4.452714519,4,257.240611
Percilia gillissi,3,818,-37,-72,163.8802083,91.6588527,3.600447729,5,955.1016828
Percilia gillissi,2,8539,-40,-73,44.54807692,186.6944453,11.19482029,3,971.5374943
Percilia gillissi,4,4535,-39,-73,70.40178571,98.70238277,3.160259271,5,1745.722088
Percilia gillissi,3,818,-37,-72,163.8802083,91.6588527,3.600447729,5,955.1016828
Percilia gillissi,3,818,-37,-72,163.8802083,91.6588527,3.600447729,5,955.1016828
Percilia gillissi,3,818,-37,-72,163.8802083,91.6588527,3.600447729,5,955.1016828
Percilia gillissi,3,818,-37,-72,163.8802083,91.6588527,3.600447729,5,955.1016828
Percilia gillissi,3,5243,-39,-72,134,134.3333333,3.894006396,5,628.0236726
Percilia gillissi,2,5993,-36,-72,99.35238095,70.95833333,2.351056413,6,1160.414781
Percilia gillissi,1,8528,-40,-72,127.1551724,193.8472214,10.735122,3,971.5374943
Percilia gillissi,1,8528,-40,-72,127.1551724,193.8472214,10.735122,3,971.5374943
Percilia gillissi,2,5993,-36,-72,99.35238095,70.95833333,2.351056413,6,1160.414781
Percilia gillissi,1,8528,-40,-72,127.1551724,193.8472214,10.735122,3,971.5374943
Percilia gillissi,4,4535,-39,-73,70.40178571,98.70238277,3.160259271,5,1745.722088
Percilia gillissi,2,3708,-35,-71,146.7207207,64.8333346,2.378894906,6,1544.312195
Percilia gillissi,2,8538,-40,-73,45.85964912,187.1979198,11.39652594,3,971.5374943
Percilia gillissi,2,8538,-40,-73,45.85964912,187.1979198,11.39652594,3,971.5374943
Percilia gillissi,2,8538,-40,-73,45.85964912,187.1979198,11.39652594,3,971.5374943
Percilia gillissi,3,5243,-39,-72,134,134.3333333,3.894006396,5,628.0236726
Percilia gillissi,2,5993,-36,-72,99.35238095,70.95833333,2.351056413,6,1160.414781
Percilia gillissi,2,5993,-36,-72,99.35238095,70.95833333,2.351056413,6,1160.414781
Percilia gillissi,3,818,-37,-72,163.8802083,91.6588527,3.600447729,5,955.1016828
Percilia gillissi,3,818,-37,-72,163.8802083,91.6588527,3.600447729,5,955.1016828
Percilia gillissi,4,4535,-39,-73,70.40178571,98.70238277,3.160259271,5,1745.722088
Percilia gillissi,4,4535,-39,-73,70.40178571,98.70238277,3.160259271,5,1745.722088
Percilia gillissi,4,4535,-39,-73,70.40178571,98.70238277,3.160259271,5,1745.722088
Percilia gillissi,4,4535,-39,-73,70.40178571,98.70238277,3.160259271,5,1745.722088
Percilia gillissi,4,4535,-39,-73,70.40178571,98.70238277,3.160259271,5,1745.722088
Percilia gillissi,2,8538,-40,-73,45.85964912,187.1979198,11.39652594,3,971.5374943
Percilia gillissi,2,5717,-36,-72,89.8125,73.93333588,3.637341519,6,3290.497922
Percilia gillissi,4,4535,-39,-73,70.40178571,98.70238277,3.160259271,5,1745.722088
Percilia gillissi,3,5756,-36,-72,109.3333333,75.56666718,4.452714519,4,257.240611
Percilia gillissi,2,5993,-36,-72,99.35238095,70.95833333,2.351056413,6,1160.414781
Percilia gillissi,3,818,-37,-72,163.8802083,91.6588527,3.600447729,5,955.1016828
Percilia gillissi,3,818,-37,-72,163.8802083,91.6588527,3.600447729,5,955.1016828
Percilia gillissi,4,4535,-39,-73,70.40178571,98.70238277,3.160259271,5,1745.722088
Percilia gillissi,4,4535,-39,-73,70.40178571,98.70238277,3.160259271,5,1745.722088
Percilia gillissi,3,818,-37,-72,163.8802083,91.6588527,3.600447729,5,955.1016828
Percilia gillissi,3,5756,-36,-72,109.3333333,75.56666718,4.452714519,4,257.240611
Percilia gillissi,2,2751,-34,-71,352.85,50.49393827,3.9829068,6,165.4004226
Percilia gillissi,2,2751,-34,-71,352.85,50.49393827,3.9829068,6,165.4004226
Percilia gillissi,2,3708,-35,-71,146.7207207,64.8333346,2.378894906,6,1544.312195
Percilia gillissi,3,5756,-36,-72,109.3333333,75.56666718,4.452714519,4,257.240611
Percilia gillissi,3,5756,-36,-72,109.3333333,75.56666718,4.452714519,4,257.240611
Percilia gillissi,2,3610,-34,-71,162.90625,43.16341121,5.718709548,2,1750.389286
Percilia gillissi,2,8539,-40,-73,44.54807692,186.6944453,11.19482029,3,971.5374943
Percilia gillissi,4,4535,-39,-73,70.40178571,98.70238277,3.160259271,5,1745.722088
Percilia gillissi,2,5993,-36,-72,99.35238095,70.95833333,2.351056413,6,1160.414781
Percilia gillissi,3,818,-37,-72,163.8802083,91.6588527,3.600447729,5,955.1016828
Percilia gillissi,3,818,-37,-72,163.8802083,91.6588527,3.600447729,5,955.1016828
Percilia gillissi,3,818,-37,-72,163.8802083,91.6588527,3.600447729,5,955.1016828
Percilia gillissi,3,818,-37,-72,163.8802083,91.6588527,3.600447729,5,955.1016828
Percilia gillissi,3,818,-37,-72,163.8802083,91.6588527,3.600447729,5,955.1016828
Percilia gillissi,3,818,-37,-72,163.8802083,91.6588527,3.600447729,5,955.1016828
Percilia gillissi,3,818,-37,-72,163.8802083,91.6588527,3.600447729,5,955.1016828
Percilia gillissi,3,818,-37,-72,163.8802083,91.6588527,3.600447729,5,955.1016828
Percilia gillissi,2,5993,-36,-72,99.35238095,70.95833333,2.351056413,6,1160.414781
Percilia gillissi,2,5993,-36,-72,99.35238095,70.95833333,2.351056413,6,1160.414781
Percilia gillissi,3,8507,-40,-73,38.5,185.2833344,2.664263362,4,971.5374943
Percilia gillissi,2,5993,-36,-72,99.35238095,70.95833333,2.351056413,6,1160.414781
Percilia gillissi,2,5993,-36,-72,99.35238095,70.95833333,2.351056413,6,1160.414781
Percilia gillissi,4,4535,-39,-73,70.40178571,98.70238277,3.160259271,5,1745.722088
Percilia gillissi,1,8531,-40,-73,101.7017544,194.25,19.25817239,3,971.5374943
Percilia gillissi,2,3708,-35,-71,146.7207207,64.8333346,2.378894906,6,1544.312195
Percilia gillissi,2,3708,-35,-71,146.7207207,64.8333346,2.378894906,6,1544.312195
Percilia gillissi,2,8507,-40,-73,38.5,185.2833344,2.664263362,4,971.5374943
Percilia gillissi,3,8539,-40,-73,44.54807692,186.6944453,11.19482029,3,971.5374943
Percilia gillissi,2,5993,-36,-72,99.35238095,70.95833333,2.351056413,6,1160.414781
Percilia gillissi,2,4044,-35,-71,201.1388889,64.74999891,4.342244125,4,1544.312195
Percilia gillissi,4,4535,-39,-73,70.40178571,98.70238277,3.160259271,5,1745.722088
Percilia gillissi,2,5993,-36,-72,99.35238095,70.95833333,2.351056413,6,1160.414781
Percilia gillissi,2,8532,-40,-73,86.31818182,192.6666667,18.40214676,3,971.5374943
Percilia gillissi,4,4535,-39,-73,70.40178571,98.70238277,3.160259271,5,1745.722088
Percilia gillissi,4,4535,-39,-73,70.40178571,98.70238277,3.160259271,5,1745.722088
Percilia gillissi,4,4535,-39,-73,70.40178571,98.70238277,3.160259271,5,1745.722088
Percilia gillissi,4,4535,-39,-73,70.40178571,98.70238277,3.160259271,5,1745.722088
Percilia gillissi,2,3708,-35,-71,146.7207207,64.8333346,2.378894906,6,1544.312195
Percilia gillissi,2,3708,-35,-71,146.7207207,64.8333346,2.378894906,6,1544.312195
Percilia gillissi,2,3708,-35,-71,146.7207207,64.8333346,2.378894906,6,1544.312195
Percilia gillissi,2,3708,-35,-71,146.7207207,64.8333346,2.378894906,6,1544.312195
Percilia gillissi,2,3708,-35,-71,146.7207207,64.8333346,2.378894906,6,1544.312195
Percilia gillissi,2,3708,-35,-71,146.7207207,64.8333346,2.378894906,6,1544.312195
Percilia gillissi,3,8531,-40,-73,101.7017544,194.25,19.25817239,3,971.5374943
Percilia gillissi,3,8531,-40,-73,101.7017544,194.25,19.25817239,3,971.5374943
Percilia gillissi,3,8538,-40,-73,45.85964912,187.1979198,11.39652594,3,971.5374943
Percilia gillissi,3,8538,-40,-73,45.85964912,187.1979198,11.39652594,3,971.5374943
Percilia gillissi,1,8507,-40,-73,38.5,185.2833344,2.664263362,4,971.5374943
Percilia gillissi,2,4044,-35,-71,201.1388889,64.74999891,4.342244125,4,1544.312195
Percilia gillissi,3,644,-37,-72,165.7529412,94.2245101,4.587652144,3,656.0660846
Percilia gillissi,3,644,-37,-72,165.7529412,94.2245101,4.587652144,3,656.0660846
Percilia gillissi,3,5756,-36,-72,109.3333333,75.56666718,4.452714519,4,257.240611
Percilia gillissi,1,8531,-40,-73,101.7017544,194.25,19.25817239,3,971.5374943
Percilia gillissi,2,3708,-35,-71,146.7207207,64.8333346,2.378894906,6,1544.312195
Percilia gillissi,3,5756,-36,-72,109.3333333,75.56666718,4.452714519,4,257.240611
Percilia gillissi,2,3708,-35,-71,146.7207207,64.8333346,2.378894906,6,1544.312195
Percilia gillissi,2,5993,-36,-72,99.35238095,70.95833333,2.351056413,6,1160.414781
Percilia gillissi,3,818,-37,-72,163.8802083,91.6588527,3.600447729,5,955.1016828
Percilia gillissi,2,5993,-36,-72,99.35238095,70.95833333,2.351056413,6,1160.414781
Percilia gillissi,2,8536,-40,-73,50.04424779,189.2916641,13.57040073,3,971.5374943
Percilia gillissi,2,5993,-36,-72,99.35238095,70.95833333,2.351056413,6,1160.414781
Percilia gillissi,2,5993,-36,-72,99.35238095,70.95833333,2.351056413,6,1160.414781
Percilia gillissi,2,5993,-36,-72,99.35238095,70.95833333,2.351056413,6,1160.414781
Percilia gillissi,3,818,-37,-72,163.8802083,91.6588527,3.600447729,5,955.1016828
Percilia gillissi,3,5243,-39,-72,134,134.3333333,3.894006396,5,628.0236726
Percilia gillissi,3,5756,-36,-72,109.3333333,75.56666718,4.452714519,4,257.240611
Percilia gillissi,4,4535,-39,-73,70.40178571,98.70238277,3.160259271,5,1745.722088
Percilia gillissi,2,8507,-40,-73,38.5,185.2833344,2.664263362,4,971.5374943
Percilia gillissi,1,8531,-40,-73,101.7017544,194.25,19.25817239,3,971.5374943
Percilia gillissi,2,5993,-36,-72,99.35238095,70.95833333,2.351056413,6,1160.414781
Percilia gillissi,2,8538,-40,-73,45.85964912,187.1979198,11.39652594,3,971.5374943
Percilia gillissi,2,8538,-40,-73,45.85964912,187.1979198,11.39652594,3,971.5374943
Percilia gillissi,2,8538,-40,-73,45.85964912,187.1979198,11.39652594,3,971.5374943
Percilia gillissi,2,5993,-36,-72,99.35238095,70.95833333,2.351056413,6,1160.414781
Percilia gillissi,2,5993,-36,-72,99.35238095,70.95833333,2.351056413,6,1160.414781
Percilia gillissi,2,5993,-36,-72,99.35238095,70.95833333,2.351056413,6,1160.414781
Percilia gillissi,2,8538,-40,-73,45.85964912,187.1979198,11.39652594,3,971.5374943
Percilia gillissi,3,818,-37,-72,163.8802083,91.6588527,3.600447729,5,955.1016828
Percilia gillissi,4,4535,-39,-73,70.40178571,98.70238277,3.160259271,5,1745.722088
Percilia gillissi,4,4535,-39,-73,70.40178571,98.70238277,3.160259271,5,1745.722088
Percilia gillissi,4,4535,-39,-73,70.40178571,98.70238277,3.160259271,5,1745.722088
Percilia gillissi,4,4535,-39,-73,70.40178571,98.70238277,3.160259271,5,1745.722088
Percilia gillissi,4,4535,-39,-73,70.40178571,98.70238277,3.160259271,5,1745.722088
Percilia gillissi,4,4535,-39,-73,70.40178571,98.70238277,3.160259271,5,1745.722088
Percilia gillissi,2,2751,-34,-71,352.85,50.49393827,3.9829068,6,165.4004226
Percilia gillissi,2,2751,-34,-71,352.85,50.49393827,3.9829068,6,165.4004226
Percilia gillissi,4,4535,-39,-73,70.40178571,98.70238277,3.160259271,5,1745.722088
Percilia gillissi,2,8538,-40,-73,45.85964912,187.1979198,11.39652594,3,971.5374943
Percilia gillissi,2,4044,-35,-71,201.1388889,64.74999891,4.342244125,4,1544.312195
Percilia gillissi,2,4044,-35,-71,201.1388889,64.74999891,4.342244125,4,1544.312195
Percilia gillissi,3,5756,-36,-72,109.3333333,75.56666718,4.452714519,4,257.240611
Percilia gillissi,3,5756,-36,-72,109.3333333,75.56666718,4.452714519,4,257.240611
Percilia gillissi,1,8507,-40,-73,38.5,185.2833344,2.664263362,4,971.5374943
Percilia gillissi,3,644,-37,-72,165.7529412,94.2245101,4.587652144,3,656.0660846
Percilia gillissi,2,8507,-40,-73,38.5,185.2833344,2.664263362,4,971.5374943
Percilia gillissi,3,5756,-36,-72,109.3333333,75.56666718,4.452714519,4,257.240611
Percilia gillissi,2,3708,-35,-71,146.7207207,64.8333346,2.378894906,6,1544.312195
Percilia gillissi,2,8539,-40,-73,44.54807692,186.6944453,11.19482029,3,971.5374943
Percilia gillissi,2,3708,-35,-71,146.7207207,64.8333346,2.378894906,6,1544.312195
Percilia gillissi,3,818,-37,-72,163.8802083,91.6588527,3.600447729,5,955.1016828
Percilia gillissi,2,5993,-36,-72,99.35238095,70.95833333,2.351056413,6,1160.414781
Percilia gillissi,2,5993,-36,-72,99.35238095,70.95833333,2.351056413,6,1160.414781
Percilia gillissi,2,5993,-36,-72,99.35238095,70.95833333,2.351056413,6,1160.414781
Percilia gillissi,2,5993,-36,-72,99.35238095,70.95833333,2.351056413,6,1160.414781
Percilia gillissi,2,8539,-40,-73,44.54807692,186.6944453,11.19482029,3,971.5374943
Percilia gillissi,2,5993,-36,-72,99.35238095,70.95833333,2.351056413,6,1160.414781
Percilia gillissi,2,5993,-36,-72,99.35238095,70.95833333,2.351056413,6,1160.414781
Percilia gillissi,3,818,-37,-72,163.8802083,91.6588527,3.600447729,5,955.1016828
Percilia gillissi,2,5993,-36,-72,99.35238095,70.95833333,2.351056413,6,1160.414781
Percilia gillissi,2,5993,-36,-72,99.35238095,70.95833333,2.351056413,6,1160.414781
Percilia gillissi,3,5372,-35,-72,28.65137615,69.65,4.354146694,7,5570.866652
Percilia gillissi,3,5372,-35,-72,28.65137615,69.65,4.354146694,7,5570.866652
Percilia gillissi,1,6150,-35,-72,54.2,70.59523664,6.287205955,5,1275.259419
Percilia gillissi,3,5243,-39,-72,134,134.3333333,3.894006396,5,628.0236726
Percilia gillissi,1,6150,-35,-72,54.2,70.59523664,6.287205955,5,1275.259419
Percilia gillissi,4,4535,-39,-73,70.40178571,98.70238277,3.160259271,5,1745.722088
Percilia gillissi,1,6150,-35,-72,54.2,70.59523664,6.287205955,5,1275.259419
Percilia gillissi,1,6150,-35,-72,54.2,70.59523664,6.287205955,5,1275.259419
Percilia gillissi,4,4535,-39,-73,70.40178571,98.70238277,3.160259271,5,1745.722088
Percilia gillissi,4,4535,-39,-73,70.40178571,98.70238277,3.160259271,5,1745.722088
Percilia gillissi,2,5993,-36,-72,99.35238095,70.95833333,2.351056413,6,1160.414781
Percilia gillissi,2,5993,-36,-72,99.35238095,70.95833333,2.351056413,6,1160.414781
Percilia gillissi,3,5372,-35,-72,28.65137615,69.65,4.354146694,7,5570.866652
Percilia gillissi,4,4535,-39,-73,70.40178571,98.70238277,3.160259271,5,1745.722088
Percilia gillissi,2,3610,-34,-71,162.90625,43.16341121,5.718709548,2,1750.389286
Percilia gillissi,2,3610,-34,-71,162.90625,43.16341121,5.718709548,2,1750.389286
Percilia gillissi,3,8531,-40,-73,101.7017544,194.25,19.25817239,3,971.5374943
Percilia gillissi,2,5717,-36,-72,89.8125,73.93333588,3.637341519,6,3290.497922
Percilia gillissi,1,8507,-40,-73,38.5,185.2833344,2.664263362,4,971.5374943
Percilia gillissi,3,644,-37,-72,165.7529412,94.2245101,4.587652144,3,656.0660846
Percilia gillissi,3,5243,-39,-72,134,134.3333333,3.894006396,5,628.0236726
Percilia gillissi,2,6775,-39,-73,91.29090909,139.761904,7.73398954,4,195.4099444
Percilia gillissi,2,3708,-35,-71,146.7207207,64.8333346,2.378894906,6,1544.312195
Percilia gillissi,2,3708,-35,-71,146.7207207,64.8333346,2.378894906,6,1544.312195
Percilia gillissi,3,818,-37,-72,163.8802083,91.6588527,3.600447729,5,955.1016828
Percilia gillissi,2,8539,-40,-73,44.54807692,186.6944453,11.19482029,3,971.5374943
Percilia gillissi,2,8539,-40,-73,44.54807692,186.6944453,11.19482029,3,971.5374943
Percilia gillissi,3,818,-37,-72,163.8802083,91.6588527,3.600447729,5,955.1016828
Percilia gillissi,2,5764,-36,-72,81.12037037,71.27777863,4.391394707,6,3290.497922
Percilia gillissi,3,818,-37,-72,163.8802083,91.6588527,3.600447729,5,955.1016828
Percilia gillissi,3,818,-37,-72,163.8802083,91.6588527,3.600447729,5,955.1016828
Percilia gillissi,3,818,-37,-72,163.8802083,91.6588527,3.600447729,5,955.1016828
Percilia gillissi,2,5993,-36,-72,99.35238095,70.95833333,2.351056413,6,1160.414781
Percilia gillissi,3,5756,-36,-72,109.3333333,75.56666718,4.452714519,4,257.240611
Percilia gillissi,3,5243,-39,-72,134,134.3333333,3.894006396,5,628.0236726
Percilia gillissi,3,5756,-36,-72,109.3333333,75.56666718,4.452714519,4,257.240611
Percilia gillissi,3,5756,-36,-72,109.3333333,75.56666718,4.452714519,4,257.240611
Percilia gillissi,2,2751,-34,-71,352.85,50.49393827,3.9829068,6,165.4004226
Percilia gillissi,2,2751,-34,-71,352.85,50.49393827,3.9829068,6,165.4004226
Percilia gillissi,3,8507,-40,-73,38.5,185.2833344,2.664263362,4,971.5374943
Percilia gillissi,3,8507,-40,-73,38.5,185.2833344,2.664263362,4,971.5374943
Percilia gillissi,3,8507,-40,-73,38.5,185.2833344,2.664263362,4,971.5374943
Percilia gillissi,1,6733,-39,-73,86.61666667,134.1309531,6.433685386,6,2359.225673
Percilia gillissi,1,6733,-39,-73,86.61666667,134.1309531,6.433685386,6,2359.225673
Percilia gillissi,1,6733,-39,-73,86.61666667,134.1309531,6.433685386,6,2359.225673
Percilia gillissi,3,5243,-39,-72,134,134.3333333,3.894006396,5,628.0236726
Percilia gillissi,3,8539,-40,-73,44.54807692,186.6944453,11.19482029,3,971.5374943
Percilia gillissi,3,818,-37,-72,163.8802083,91.6588527,3.600447729,5,955.1016828
Percilia gillissi,4,4535,-39,-73,70.40178571,98.70238277,3.160259271,5,1745.722088
Percilia gillissi,4,4535,-39,-73,70.40178571,98.70238277,3.160259271,5,1745.722088
Percilia gillissi,4,4535,-39,-73,70.40178571,98.70238277,3.160259271,5,1745.722088
Percilia gillissi,4,4535,-39,-73,70.40178571,98.70238277,3.160259271,5,1745.722088
Percilia gillissi,2,5764,-36,-72,81.12037037,71.27777863,4.391394707,6,3290.497922
Percilia gillissi,3,818,-37,-72,163.8802083,91.6588527,3.600447729,5,955.1016828
Percilia gillissi,3,818,-37,-72,163.8802083,91.6588527,3.600447729,5,955.1016828
Percilia gillissi,2,3708,-35,-71,146.7207207,64.8333346,2.378894906,6,1544.312195
Percilia gillissi,2,8532,-40,-73,86.31818182,192.6666667,18.40214676,3,971.5374943
Percilia gillissi,2,8532,-40,-73,86.31818182,192.6666667,18.40214676,3,971.5374943
Percilia gillissi,3,818,-37,-72,163.8802083,91.6588527,3.600447729,5,955.1016828
Percilia gillissi,3,818,-37,-72,163.8802083,91.6588527,3.600447729,5,955.1016828
Percilia gillissi,3,818,-37,-72,163.8802083,91.6588527,3.600447729,5,955.1016828
Percilia gillissi,3,818,-37,-72,163.8802083,91.6588527,3.600447729,5,955.1016828
Percilia gillissi,2,4044,-35,-71,201.1388889,64.74999891,4.342244125,4,1544.312195
Percilia gillissi,2,4044,-35,-71,201.1388889,64.74999891,4.342244125,4,1544.312195
Percilia gillissi,3,5243,-39,-72,134,134.3333333,3.894006396,5,628.0236726
Percilia gillissi,3,5243,-39,-72,134,134.3333333,3.894006396,5,628.0236726
Percilia gillissi,3,818,-37,-72,163.8802083,91.6588527,3.600447729,5,955.1016828
Percilia gillissi,2,3708,-35,-71,146.7207207,64.8333346,2.378894906,6,1544.312195
Percilia gillissi,2,6775,-39,-73,91.29090909,139.761904,7.73398954,4,195.4099444
Percilia gillissi,3,818,-37,-72,163.8802083,91.6588527,3.600447729,5,955.1016828
Percilia gillissi,3,818,-37,-72,163.8802083,91.6588527,3.600447729,5,955.1016828
Percilia gillissi,2,6775,-39,-73,91.29090909,139.761904,7.73398954,4,195.4099444
Percilia gillissi,2,5993,-36,-72,99.35238095,70.95833333,2.351056413,6,1160.414781
Percilia gillissi,3,818,-37,-72,163.8802083,91.6588527,3.600447729,5,955.1016828
Percilia gillissi,3,818,-37,-72,163.8802083,91.6588527,3.600447729,5,955.1016828
Percilia gillissi,2,5993,-36,-72,99.35238095,70.95833333,2.351056413,6,1160.414781
Percilia gillissi,2,5993,-36,-72,99.35238095,70.95833333,2.351056413,6,1160.414781
Percilia gillissi,3,5243,-39,-72,134,134.3333333,3.894006396,5,628.0236726
Percilia gillissi,3,5243,-39,-72,134,134.3333333,3.894006396,5,628.0236726
Percilia gillissi,3,5243,-39,-72,134,134.3333333,3.894006396,5,628.0236726
Percilia gillissi,2,5993,-36,-72,99.35238095,70.95833333,2.351056413,6,1160.414781
Percilia gillissi,2,2751,-34,-71,352.85,50.49393827,3.9829068,6,165.4004226
Percilia gillissi,3,5243,-39,-72,134,134.3333333,3.894006396,5,628.0236726
Percilia gillissi,3,5243,-39,-72,134,134.3333333,3.894006396,5,628.0236726
Percilia gillissi,3,5243,-39,-72,134,134.3333333,3.894006396,5,628.0236726
Percilia gillissi,2,5993,-36,-72,99.35238095,70.95833333,2.351056413,6,1160.414781
Percilia gillissi,2,8538,-40,-73,45.85964912,187.1979198,11.39652594,3,971.5374943
Percilia gillissi,2,8538,-40,-73,45.85964912,187.1979198,11.39652594,3,971.5374943
Percilia gillissi,2,8538,-40,-73,45.85964912,187.1979198,11.39652594,3,971.5374943
Percilia gillissi,4,4535,-39,-73,70.40178571,98.70238277,3.160259271,5,1745.722088
Percilia gillissi,2,5764,-36,-72,81.12037037,71.27777863,4.391394707,6,3290.497922
Percilia gillissi,2,3708,-35,-71,146.7207207,64.8333346,2.378894906,6,1544.312195
Percilia gillissi,3,818,-37,-72,163.8802083,91.6588527,3.600447729,5,955.1016828
Percilia gillissi,12,6185,-35,-72,42.15384615,70.0416654,2.680632787,7,5570.866652
Percilia gillissi,12,6185,-35,-72,42.15384615,70.0416654,2.680632787,7,5570.866652
Percilia gillissi,12,6185,-35,-72,42.15384615,70.0416654,2.680632787,7,5570.866652
Percilia gillissi,2,4044,-35,-71,201.1388889,64.74999891,4.342244125,4,1544.312195
Percilia gillissi,2,4044,-35,-71,201.1388889,64.74999891,4.342244125,4,1544.312195
Percilia gillissi,2,6775,-39,-73,91.29090909,139.761904,7.73398954,4,195.4099444
Percilia gillissi,3,5243,-39,-72,134,134.3333333,3.894006396,5,628.0236726
Percilia gillissi,3,5243,-39,-72,134,134.3333333,3.894006396,5,628.0236726
Percilia gillissi,2,3708,-35,-71,146.7207207,64.8333346,2.378894906,6,1544.312195
Percilia gillissi,2,3708,-35,-71,146.7207207,64.8333346,2.378894906,6,1544.312195
Percilia gillissi,2,3708,-35,-71,146.7207207,64.8333346,2.378894906,6,1544.312195
Percilia gillissi,3,818,-37,-72,163.8802083,91.6588527,3.600447729,5,955.1016828
Percilia gillissi,3,5756,-36,-72,109.3333333,75.56666718,4.452714519,4,257.240611
Percilia gillissi,3,5243,-39,-72,134,134.3333333,3.894006396,5,628.0236726
Percilia gillissi,3,5372,-35,-72,28.65137615,69.65,4.354146694,7,5570.866652
Percilia gillissi,3,5243,-39,-72,134,134.3333333,3.894006396,5,628.0236726
Percilia gillissi,3,5756,-36,-72,109.3333333,75.56666718,4.452714519,4,257.240611
Percilia gillissi,1,6150,-35,-72,54.2,70.59523664,6.287205955,5,1275.259419
Percilia gillissi,1,6150,-35,-72,54.2,70.59523664,6.287205955,5,1275.259419
Percilia gillissi,1,6150,-35,-72,54.2,70.59523664,6.287205955,5,1275.259419
Percilia gillissi,4,4535,-39,-73,70.40178571,98.70238277,3.160259271,5,1745.722088
Percilia gillissi,4,4535,-39,-73,70.40178571,98.70238277,3.160259271,5,1745.722088
Percilia gillissi,4,4535,-39,-73,70.40178571,98.70238277,3.160259271,5,1745.722088
Percilia gillissi,1,6150,-35,-72,54.2,70.59523664,6.287205955,5,1275.259419
Percilia gillissi,4,4535,-39,-73,70.40178571,98.70238277,3.160259271,5,1745.722088
Percilia gillissi,4,4535,-39,-73,70.40178571,98.70238277,3.160259271,5,1745.722088
Percilia gillissi,2,5717,-36,-72,89.8125,73.93333588,3.637341519,6,3290.497922
Percilia gillissi,2,5717,-36,-72,89.8125,73.93333588,3.637341519,6,3290.497922
Percilia gillissi,2,5993,-36,-72,99.35238095,70.95833333,2.351056413,6,1160.414781
Percilia gillissi,3,644,-37,-72,165.7529412,94.2245101,4.587652144,3,656.0660846
Percilia gillissi,3,8531,-40,-73,101.7017544,194.25,19.25817239,3,971.5374943
Percilia gillissi,3,8531,-40,-73,101.7017544,194.25,19.25817239,3,971.5374943
Percilia gillissi,3,8531,-40,-73,101.7017544,194.25,19.25817239,3,971.5374943
Percilia gillissi,3,5243,-39,-72,134,134.3333333,3.894006396,5,628.0236726
Percilia gillissi,2,6775,-39,-73,91.29090909,139.761904,7.73398954,4,195.4099444
Percilia gillissi,2,6775,-39,-73,91.29090909,139.761904,7.73398954,4,195.4099444
Percilia gillissi,3,5756,-36,-72,109.3333333,75.56666718,4.452714519,4,257.240611
Percilia gillissi,3,5756,-36,-72,109.3333333,75.56666718,4.452714519,4,257.240611
Percilia gillissi,3,5756,-36,-72,109.3333333,75.56666718,4.452714519,4,257.240611
Percilia gillissi,3,818,-37,-72,163.8802083,91.6588527,3.600447729,5,955.1016828
Percilia gillissi,3,818,-37,-72,163.8802083,91.6588527,3.600447729,5,955.1016828
Percilia gillissi,3,818,-37,-72,163.8802083,91.6588527,3.600447729,5,955.1016828
Percilia gillissi,3,818,-37,-72,163.8802083,91.6588527,3.600447729,5,955.1016828
Percilia gillissi,3,818,-37,-72,163.8802083,91.6588527,3.600447729,5,955.1016828
Percilia gillissi,3,818,-37,-72,163.8802083,91.6588527,3.600447729,5,955.1016828
Percilia gillissi,3,818,-37,-72,163.8802083,91.6588527,3.600447729,5,955.1016828
Percilia gillissi,3,818,-37,-72,163.8802083,91.6588527,3.600447729,5,955.1016828
Percilia gillissi,3,818,-37,-72,163.8802083,91.6588527,3.600447729,5,955.1016828
Percilia gillissi,3,8507,-40,-73,38.5,185.2833344,2.664263362,4,971.5374943
Percilia gillissi,3,818,-37,-72,163.8802083,91.6588527,3.600447729,5,955.1016828
Percilia gillissi,3,5756,-36,-72,109.3333333,75.56666718,4.452714519,4,257.240611
Percilia gillissi,3,5756,-36,-72,109.3333333,75.56666718,4.452714519,4,257.240611
Percilia gillissi,3,5756,-36,-72,109.3333333,75.56666718,4.452714519,4,257.240611
Percilia gillissi,3,5756,-36,-72,109.3333333,75.56666718,4.452714519,4,257.240611
Percilia gillissi,3,5756,-36,-72,109.3333333,75.56666718,4.452714519,4,257.240611
Percilia gillissi,3,5756,-36,-72,109.3333333,75.56666718,4.452714519,4,257.240611
Percilia gillissi,3,5372,-35,-72,28.65137615,69.65,4.354146694,7,5570.866652
Percilia gillissi,3,5372,-35,-72,28.65137615,69.65,4.354146694,7,5570.866652
Percilia gillissi,3,8507,-40,-73,38.5,185.2833344,2.664263362,4,971.5374943
Percilia gillissi,3,818,-37,-72,163.8802083,91.6588527,3.600447729,5,955.1016828
Percilia gillissi,3,818,-37,-72,163.8802083,91.6588527,3.600447729,5,955.1016828
Percilia gillissi,3,818,-37,-72,163.8802083,91.6588527,3.600447729,5,955.1016828
Percilia gillissi,3,818,-37,-72,163.8802083,91.6588527,3.600447729,5,955.1016828
Percilia gillissi,3,818,-37,-72,163.8802083,91.6588527,3.600447729,5,955.1016828
Percilia gillissi,3,818,-37,-72,163.8802083,91.6588527,3.600447729,5,955.1016828
Percilia gillissi,3,818,-37,-72,163.8802083,91.6588527,3.600447729,5,955.1016828
Percilia gillissi,2,8532,-40,-73,86.31818182,192.6666667,18.40214676,3,971.5374943
Percilia gillissi,2,8531,-40,-73,101.7017544,194.25,19.25817239,3,971.5374943
Percilia gillissi,4,4535,-39,-73,70.40178571,98.70238277,3.160259271,5,1745.722088
Percilia gillissi,2,5717,-36,-72,89.8125,73.93333588,3.637341519,6,3290.497922
Percilia gillissi,4,6187,-35,-72,34.48484848,70.86666718,4.428001112,7,5570.866652
Percilia gillissi,3,644,-37,-72,165.7529412,94.2245101,4.587652144,3,656.0660846
Percilia gillissi,3,818,-37,-72,163.8802083,91.6588527,3.600447729,5,955.1016828
Percilia gillissi,2,3708,-35,-71,146.7207207,64.8333346,2.378894906,6,1544.312195
Percilia gillissi,3,818,-37,-72,163.8802083,91.6588527,3.600447729,5,955.1016828
Percilia gillissi,3,818,-37,-72,163.8802083,91.6588527,3.600447729,5,955.1016828
Percilia gillissi,3,818,-37,-72,163.8802083,91.6588527,3.600447729,5,955.1016828
Percilia gillissi,3,818,-37,-72,163.8802083,91.6588527,3.600447729,5,955.1016828
Percilia gillissi,3,818,-37,-72,163.8802083,91.6588527,3.600447729,5,955.1016828
Percilia gillissi,3,818,-37,-72,163.8802083,91.6588527,3.600447729,5,955.1016828
Percilia gillissi,3,818,-37,-72,163.8802083,91.6588527,3.600447729,5,955.1016828
Percilia gillissi,3,8538,-40,-73,45.85964912,187.1979198,11.39652594,3,971.5374943
Percilia gillissi,2,4044,-35,-71,201.1388889,64.74999891,4.342244125,4,1544.312195
Percilia gillissi,2,6775,-39,-73,91.29090909,139.761904,7.73398954,4,195.4099444
Percilia gillissi,2,6775,-39,-73,91.29090909,139.761904,7.73398954,4,195.4099444
Percilia gillissi,1,8507,-40,-73,38.5,185.2833344,2.664263362,4,971.5374943
Percilia gillissi,3,5243,-39,-72,134,134.3333333,3.894006396,5,628.0236726
Percilia gillissi,3,5243,-39,-72,134,134.3333333,3.894006396,5,628.0236726
Percilia gillissi,3,5756,-36,-72,109.3333333,75.56666718,4.452714519,4,257.240611
Percilia gillissi,2,6775,-39,-73,91.29090909,139.761904,7.73398954,4,195.4099444
Percilia gillissi,2,6775,-39,-73,91.29090909,139.761904,7.73398954,4,195.4099444
Percilia gillissi,2,6775,-39,-73,91.29090909,139.761904,7.73398954,4,195.4099444
Percilia gillissi,3,5756,-36,-72,109.3333333,75.56666718,4.452714519,4,257.240611
Percilia gillissi,3,5756,-36,-72,109.3333333,75.56666718,4.452714519,4,257.240611
Percilia gillissi,3,818,-37,-72,163.8802083,91.6588527,3.600447729,5,955.1016828
Percilia gillissi,3,818,-37,-72,163.8802083,91.6588527,3.600447729,5,955.1016828
Percilia gillissi,3,818,-37,-72,163.8802083,91.6588527,3.600447729,5,955.1016828
Percilia gillissi,2,6775,-39,-73,91.29090909,139.761904,7.73398954,4,195.4099444
Percilia gillissi,2,6775,-39,-73,91.29090909,139.761904,7.73398954,4,195.4099444
Percilia gillissi,3,818,-37,-72,163.8802083,91.6588527,3.600447729,5,955.1016828
Percilia gillissi,3,818,-37,-72,163.8802083,91.6588527,3.600447729,5,955.1016828
Percilia gillissi,3,818,-37,-72,163.8802083,91.6588527,3.600447729,5,955.1016828
Percilia gillissi,2,8536,-40,-73,50.04424779,189.2916641,13.57040073,3,971.5374943
Percilia gillissi,3,5756,-36,-72,109.3333333,75.56666718,4.452714519,4,257.240611
Percilia gillissi,2,5993,-36,-72,99.35238095,70.95833333,2.351056413,6,1160.414781
Percilia gillissi,1,8528,-40,-72,127.1551724,193.8472214,10.735122,3,971.5374943
Percilia gillissi,2,5993,-36,-72,99.35238095,70.95833333,2.351056413,6,1160.414781
Percilia gillissi,2,5993,-36,-72,99.35238095,70.95833333,2.351056413,6,1160.414781
Percilia gillissi,4,4535,-39,-73,70.40178571,98.70238277,3.160259271,5,1745.722088
Percilia gillissi,2,8538,-40,-73,45.85964912,187.1979198,11.39652594,3,971.5374943
Percilia gillissi,2,5993,-36,-72,99.35238095,70.95833333,2.351056413,6,1160.414781
Percilia gillissi,2,8538,-40,-73,45.85964912,187.1979198,11.39652594,3,971.5374943
Percilia gillissi,2,5717,-36,-72,89.8125,73.93333588,3.637341519,6,3290.497922
Percilia gillissi,2,5717,-36,-72,89.8125,73.93333588,3.637341519,6,3290.497922
Percilia gillissi,3,644,-37,-72,165.7529412,94.2245101,4.587652144,3,656.0660846
Percilia gillissi,2,5764,-36,-72,81.12037037,71.27777863,4.391394707,6,3290.497922
Percilia gillissi,3,818,-37,-72,163.8802083,91.6588527,3.600447729,5,955.1016828
Percilia gillissi,2,8539,-40,-73,44.54807692,186.6944453,11.19482029,3,971.5374943
Percilia gillissi,3,5243,-39,-72,134,134.3333333,3.894006396,5,628.0236726
Percilia gillissi,3,5243,-39,-72,134,134.3333333,3.894006396,5,628.0236726
Percilia gillissi,3,5243,-39,-72,134,134.3333333,3.894006396,5,628.0236726
Percilia gillissi,2,4044,-35,-71,201.1388889,64.74999891,4.342244125,4,1544.312195
Percilia gillissi,2,4044,-35,-71,201.1388889,64.74999891,4.342244125,4,1544.312195
Percilia gillissi,3,5243,-39,-72,134,134.3333333,3.894006396,5,628.0236726
Percilia gillissi,3,5243,-39,-72,134,134.3333333,3.894006396,5,628.0236726
Percilia gillissi,3,5243,-39,-72,134,134.3333333,3.894006396,5,628.0236726
Percilia gillissi,3,5243,-39,-72,134,134.3333333,3.894006396,5,628.0236726
Percilia gillissi,2,8539,-40,-73,44.54807692,186.6944453,11.19482029,3,971.5374943
Percilia gillissi,2,6775,-39,-73,91.29090909,139.761904,7.73398954,4,195.4099444
Percilia gillissi,3,818,-37,-72,163.8802083,91.6588527,3.600447729,5,955.1016828
Percilia gillissi,4,4535,-39,-73,70.40178571,98.70238277,3.160259271,5,1745.722088
Percilia gillissi,3,818,-37,-72,163.8802083,91.6588527,3.600447729,5,955.1016828
Percilia gillissi,3,5372,-35,-72,28.65137615,69.65,4.354146694,7,5570.866652
Percilia gillissi,3,5372,-35,-72,28.65137615,69.65,4.354146694,7,5570.866652
Percilia gillissi,3,5372,-35,-72,28.65137615,69.65,4.354146694,7,5570.866652
Percilia gillissi,3,5372,-35,-72,28.65137615,69.65,4.354146694,7,5570.866652
Percilia gillissi,1,6150,-35,-72,54.2,70.59523664,6.287205955,5,1275.259419
Percilia gillissi,1,6150,-35,-72,54.2,70.59523664,6.287205955,5,1275.259419
Percilia gillissi,1,6150,-35,-72,54.2,70.59523664,6.287205955,5,1275.259419
Percilia gillissi,1,6150,-35,-72,54.2,70.59523664,6.287205955,5,1275.259419
Percilia gillissi,1,6150,-35,-72,54.2,70.59523664,6.287205955,5,1275.259419
Percilia gillissi,3,8539,-40,-73,44.54807692,186.6944453,11.19482029,3,971.5374943
Percilia gillissi,3,8539,-40,-73,44.54807692,186.6944453,11.19482029,3,971.5374943
Percilia gillissi,1,6150,-35,-72,54.2,70.59523664,6.287205955,5,1275.259419
Percilia gillissi,1,6150,-35,-72,54.2,70.59523664,6.287205955,5,1275.259419
Percilia gillissi,4,4535,-39,-73,70.40178571,98.70238277,3.160259271,5,1745.722088
Percilia gillissi,4,4535,-39,-73,70.40178571,98.70238277,3.160259271,5,1745.722088
Percilia gillissi,2,5717,-36,-72,89.8125,73.93333588,3.637341519,6,3290.497922
Percilia gillissi,2,5717,-36,-72,89.8125,73.93333588,3.637341519,6,3290.497922
Percilia gillissi,2,2751,-34,-71,352.85,50.49393827,3.9829068,6,165.4004226
Percilia gillissi,2,3708,-35,-71,146.7207207,64.8333346,2.378894906,6,1544.312195
Percilia gillissi,3,8531,-40,-73,101.7017544,194.25,19.25817239,3,971.5374943
Percilia gillissi,3,8531,-40,-73,101.7017544,194.25,19.25817239,3,971.5374943
Percilia gillissi,3,8531,-40,-73,101.7017544,194.25,19.25817239,3,971.5374943
Percilia gillissi,3,5243,-39,-72,134,134.3333333,3.894006396,5,628.0236726
Percilia gillissi,2,5717,-36,-72,89.8125,73.93333588,3.637341519,6,3290.497922
Percilia gillissi,3,8536,-40,-73,50.04424779,189.2916641,13.57040073,3,971.5374943
Percilia gillissi,3,5756,-36,-72,109.3333333,75.56666718,4.452714519,4,257.240611
Percilia gillissi,2,3708,-35,-71,146.7207207,64.8333346,2.378894906,6,1544.312195
Percilia gillissi,2,3708,-35,-71,146.7207207,64.8333346,2.378894906,6,1544.312195
Percilia gillissi,2,3708,-35,-71,146.7207207,64.8333346,2.378894906,6,1544.312195
Percilia gillissi,2,3708,-35,-71,146.7207207,64.8333346,2.378894906,6,1544.312195
Percilia gillissi,1,6733,-39,-73,86.61666667,134.1309531,6.433685386,6,2359.225673
Percilia gillissi,3,818,-37,-72,163.8802083,91.6588527,3.600447729,5,955.1016828
Percilia gillissi,3,818,-37,-72,163.8802083,91.6588527,3.600447729,5,955.1016828
Percilia gillissi,3,818,-37,-72,163.8802083,91.6588527,3.600447729,5,955.1016828
Percilia gillissi,3,818,-37,-72,163.8802083,91.6588527,3.600447729,5,955.1016828
Percilia gillissi,3,5756,-36,-72,109.3333333,75.56666718,4.452714519,4,257.240611
Percilia gillissi,3,818,-37,-72,163.8802083,91.6588527,3.600447729,5,955.1016828
Percilia gillissi,3,818,-37,-72,163.8802083,91.6588527,3.600447729,5,955.1016828
Percilia gillissi,3,5756,-36,-72,109.3333333,75.56666718,4.452714519,4,257.240611
Percilia gillissi,3,8507,-40,-73,38.5,185.2833344,2.664263362,4,971.5374943
Percilia gillissi,3,8507,-40,-73,38.5,185.2833344,2.664263362,4,971.5374943
Percilia gillissi,3,8539,-40,-73,44.54807692,186.6944453,11.19482029,3,971.5374943
Percilia gillissi,3,818,-37,-72,163.8802083,91.6588527,3.600447729,5,955.1016828
Percilia gillissi,3,818,-37,-72,163.8802083,91.6588527,3.600447729,5,955.1016828
Percilia gillissi,2,5717,-36,-72,89.8125,73.93333588,3.637341519,6,3290.497922
Percilia gillissi,2,8507,-40,-73,38.5,185.2833344,2.664263362,4,971.5374943
Percilia gillissi,3,818,-37,-72,163.8802083,91.6588527,3.600447729,5,955.1016828
Percilia gillissi,2,8507,-40,-73,38.5,185.2833344,2.664263362,4,971.5374943
Percilia gillissi,3,644,-37,-72,165.7529412,94.2245101,4.587652144,3,656.0660846
Percilia gillissi,2,3708,-35,-71,146.7207207,64.8333346,2.378894906,6,1544.312195
Percilia gillissi,2,3708,-35,-71,146.7207207,64.8333346,2.378894906,6,1544.312195
Percilia gillissi,3,818,-37,-72,163.8802083,91.6588527,3.600447729,5,955.1016828
Percilia gillissi,2,3708,-35,-71,146.7207207,64.8333346,2.378894906,6,1544.312195
Percilia gillissi,3,818,-37,-72,163.8802083,91.6588527,3.600447729,5,955.1016828
Percilia gillissi,2,3708,-35,-71,146.7207207,64.8333346,2.378894906,6,1544.312195
Percilia gillissi,3,818,-37,-72,163.8802083,91.6588527,3.600447729,5,955.1016828
Percilia gillissi,3,818,-37,-72,163.8802083,91.6588527,3.600447729,5,955.1016828
Percilia gillissi,3,818,-37,-72,163.8802083,91.6588527,3.600447729,5,955.1016828
Percilia gillissi,3,8538,-40,-73,45.85964912,187.1979198,11.39652594,3,971.5374943
Percilia gillissi,3,8538,-40,-73,45.85964912,187.1979198,11.39652594,3,971.5374943
Percilia gillissi,2,4044,-35,-71,201.1388889,64.74999891,4.342244125,4,1544.312195
Percilia gillissi,2,4044,-35,-71,201.1388889,64.74999891,4.342244125,4,1544.312195
Percilia gillissi,2,4044,-35,-71,201.1388889,64.74999891,4.342244125,4,1544.312195
Percilia gillissi,2,4044,-35,-71,201.1388889,64.74999891,4.342244125,4,1544.312195
Percilia gillissi,2,6775,-39,-73,91.29090909,139.761904,7.73398954,4,195.4099444
Percilia gillissi,3,8536,-40,-73,50.04424779,189.2916641,13.57040073,3,971.5374943
Percilia gillissi,3,5756,-36,-72,109.3333333,75.56666718,4.452714519,4,257.240611
Percilia gillissi,3,5756,-36,-72,109.3333333,75.56666718,4.452714519,4,257.240611
Percilia gillissi,2,8539,-40,-73,44.54807692,186.6944453,11.19482029,3,971.5374943
Percilia gillissi,2,8539,-40,-73,44.54807692,186.6944453,11.19482029,3,971.5374943
Percilia gillissi,2,8539,-40,-73,44.54807692,186.6944453,11.19482029,3,971.5374943
Percilia gillissi,3,818,-37,-72,163.8802083,91.6588527,3.600447729,5,955.1016828
Percilia gillissi,2,8536,-40,-73,50.04424779,189.2916641,13.57040073,3,971.5374943
Percilia gillissi,3,818,-37,-72,163.8802083,91.6588527,3.600447729,5,955.1016828
Percilia gillissi,3,5243,-39,-72,134,134.3333333,3.894006396,5,628.0236726
Percilia gillissi,3,5756,-36,-72,109.3333333,75.56666718,4.452714519,4,257.240611
Percilia gillissi,3,8539,-40,-73,44.54807692,186.6944453,11.19482029,3,971.5374943
Percilia gillissi,3,8539,-40,-73,44.54807692,186.6944453,11.19482029,3,971.5374943
Percilia gillissi,3,818,-37,-72,163.8802083,91.6588527,3.600447729,5,955.1016828
Percilia gillissi,1,6150,-35,-72,54.2,70.59523664,6.287205955,5,1275.259419
Percilia gillissi,2,5993,-36,-72,99.35238095,70.95833333,2.351056413,6,1160.414781
Percilia gillissi,2,5993,-36,-72,99.35238095,70.95833333,2.351056413,6,1160.414781
Percilia gillissi,2,5993,-36,-72,99.35238095,70.95833333,2.351056413,6,1160.414781
Percilia gillissi,2,8538,-40,-73,45.85964912,187.1979198,11.39652594,3,971.5374943
Percilia gillissi,2,8538,-40,-73,45.85964912,187.1979198,11.39652594,3,971.5374943
Percilia gillissi,1,6733,-39,-73,86.61666667,134.1309531,6.433685386,6,2359.225673
Percilia gillissi,2,5764,-36,-72,81.12037037,71.27777863,4.391394707,6,3290.497922
Percilia gillissi,2,5764,-36,-72,81.12037037,71.27777863,4.391394707,6,3290.497922
Percilia gillissi,1,8539,-40,-73,44.54807692,186.6944453,11.19482029,3,971.5374943
Percilia gillissi,3,818,-37,-72,163.8802083,91.6588527,3.600447729,5,955.1016828
Percilia gillissi,2,4044,-35,-71,201.1388889,64.74999891,4.342244125,4,1544.312195
Percilia gillissi,3,5243,-39,-72,134,134.3333333,3.894006396,5,628.0236726
Percilia gillissi,3,5243,-39,-72,134,134.3333333,3.894006396,5,628.0236726
Percilia gillissi,3,5243,-39,-72,134,134.3333333,3.894006396,5,628.0236726
Percilia gillissi,3,5243,-39,-72,134,134.3333333,3.894006396,5,628.0236726
Percilia gillissi,3,5243,-39,-72,134,134.3333333,3.894006396,5,628.0236726
Percilia gillissi,3,5243,-39,-72,134,134.3333333,3.894006396,5,628.0236726
Percilia gillissi,3,5243,-39,-72,134,134.3333333,3.894006396,5,628.0236726
Percilia gillissi,3,5243,-39,-72,134,134.3333333,3.894006396,5,628.0236726
Percilia gillissi,3,5756,-36,-72,109.3333333,75.56666718,4.452714519,4,257.240611
Percilia gillissi,3,5372,-35,-72,28.65137615,69.65,4.354146694,7,5570.866652
Percilia gillissi,3,5372,-35,-72,28.65137615,69.65,4.354146694,7,5570.866652
Percilia gillissi,1,6150,-35,-72,54.2,70.59523664,6.287205955,5,1275.259419
Percilia gillissi,3,8507,-40,-73,38.5,185.2833344,2.664263362,4,971.5374943
Percilia gillissi,1,6150,-35,-72,54.2,70.59523664,6.287205955,5,1275.259419
Percilia gillissi,1,6733,-39,-73,86.61666667,134.1309531,6.433685386,6,2359.225673
Percilia gillissi,1,6150,-35,-72,54.2,70.59523664,6.287205955,5,1275.259419
Percilia gillissi,2,4044,-35,-71,201.1388889,64.74999891,4.342244125,4,1544.312195
Percilia gillissi,1,6150,-35,-72,54.2,70.59523664,6.287205955,5,1275.259419
Percilia gillissi,1,6150,-35,-72,54.2,70.59523664,6.287205955,5,1275.259419
Percilia gillissi,3,8532,-40,-73,86.31818182,192.6666667,18.40214676,3,971.5374943
Percilia gillissi,3,8532,-40,-73,86.31818182,192.6666667,18.40214676,3,971.5374943
Percilia gillissi,2,5717,-36,-72,89.8125,73.93333588,3.637341519,6,3290.497922
Percilia gillissi,2,8507,-40,-73,38.5,185.2833344,2.664263362,4,971.5374943
Percilia gillissi,1,6733,-39,-73,86.61666667,134.1309531,6.433685386,6,2359.225673
Percilia gillissi,4,6187,-35,-72,34.48484848,70.86666718,4.428001112,7,5570.866652
Percilia gillissi,2,8507,-40,-73,38.5,185.2833344,2.664263362,4,971.5374943
Percilia gillissi,3,8531,-40,-73,101.7017544,194.25,19.25817239,3,971.5374943
Percilia gillissi,3,8531,-40,-73,101.7017544,194.25,19.25817239,3,971.5374943
Percilia gillissi,3,8531,-40,-73,101.7017544,194.25,19.25817239,3,971.5374943
Percilia gillissi,2,8530,-40,-73,110.9545455,194.9500031,25.84003993,3,971.5374943
Percilia gillissi,3,818,-37,-72,163.8802083,91.6588527,3.600447729,5,955.1016828
Percilia gillissi,3,8538,-40,-73,45.85964912,187.1979198,11.39652594,3,971.5374943
Percilia gillissi,2,5717,-36,-72,89.8125,73.93333588,3.637341519,6,3290.497922
Percilia gillissi,2,6775,-39,-73,91.29090909,139.761904,7.73398954,4,195.4099444
Percilia gillissi,2,6775,-39,-73,91.29090909,139.761904,7.73398954,4,195.4099444
Percilia gillissi,3,5243,-39,-72,134,134.3333333,3.894006396,5,628.0236726
Percilia gillissi,1,8507,-40,-73,38.5,185.2833344,2.664263362,4,971.5374943
Percilia gillissi,2,5717,-36,-72,89.8125,73.93333588,3.637341519,6,3290.497922
Percilia gillissi,3,5756,-36,-72,109.3333333,75.56666718,4.452714519,4,257.240611
Percilia gillissi,3,5756,-36,-72,109.3333333,75.56666718,4.452714519,4,257.240611
Percilia gillissi,3,8536,-40,-73,50.04424779,189.2916641,13.57040073,3,971.5374943
Percilia gillissi,3,8536,-40,-73,50.04424779,189.2916641,13.57040073,3,971.5374943
Percilia gillissi,3,8536,-40,-73,50.04424779,189.2916641,13.57040073,3,971.5374943
Percilia gillissi,3,5756,-36,-72,109.3333333,75.56666718,4.452714519,4,257.240611
Percilia gillissi,3,5756,-36,-72,109.3333333,75.56666718,4.452714519,4,257.240611
Percilia gillissi,1,6733,-39,-73,86.61666667,134.1309531,6.433685386,6,2359.225673
Percilia gillissi,1,6733,-39,-73,86.61666667,134.1309531,6.433685386,6,2359.225673
Percilia gillissi,3,818,-37,-72,163.8802083,91.6588527,3.600447729,5,955.1016828
Percilia gillissi,3,5756,-36,-72,109.3333333,75.56666718,4.452714519,4,257.240611
Percilia gillissi,3,5756,-36,-72,109.3333333,75.56666718,4.452714519,4,257.240611
Percilia gillissi,3,5756,-36,-72,109.3333333,75.56666718,4.452714519,4,257.240611
Percilia gillissi,3,818,-37,-72,163.8802083,91.6588527,3.600447729,5,955.1016828
Percilia gillissi,3,5756,-36,-72,109.3333333,75.56666718,4.452714519,4,257.240611
Percilia gillissi,3,8507,-40,-73,38.5,185.2833344,2.664263362,4,971.5374943
Percilia gillissi,2,3708,-35,-71,146.7207207,64.8333346,2.378894906,6,1544.312195
Percilia gillissi,3,5756,-36,-72,109.3333333,75.56666718,4.452714519,4,257.240611
Percilia gillissi,3,5756,-36,-72,109.3333333,75.56666718,4.452714519,4,257.240611
Percilia gillissi,3,8507,-40,-73,38.5,185.2833344,2.664263362,4,971.5374943
Percilia gillissi,3,8507,-40,-73,38.5,185.2833344,2.664263362,4,971.5374943
Percilia gillissi,1,6733,-39,-73,86.61666667,134.1309531,6.433685386,6,2359.225673
Percilia gillissi,1,6733,-39,-73,86.61666667,134.1309531,6.433685386,6,2359.225673
Percilia gillissi,1,6733,-39,-73,86.61666667,134.1309531,6.433685386,6,2359.225673
Percilia gillissi,1,6733,-39,-73,86.61666667,134.1309531,6.433685386,6,2359.225673
Percilia gillissi,3,818,-37,-72,163.8802083,91.6588527,3.600447729,5,955.1016828
Percilia gillissi,3,818,-37,-72,163.8802083,91.6588527,3.600447729,5,955.1016828
Percilia gillissi,3,818,-37,-72,163.8802083,91.6588527,3.600447729,5,955.1016828
Percilia gillissi,3,818,-37,-72,163.8802083,91.6588527,3.600447729,5,955.1016828
Percilia gillissi,2,8507,-40,-73,38.5,185.2833344,2.664263362,4,971.5374943
Percilia gillissi,3,818,-37,-72,163.8802083,91.6588527,3.600447729,5,955.1016828
Percilia gillissi,2,5764,-36,-72,81.12037037,71.27777863,4.391394707,6,3290.497922
Percilia gillissi,2,5764,-36,-72,81.12037037,71.27777863,4.391394707,6,3290.497922
Percilia gillissi,3,818,-37,-72,163.8802083,91.6588527,3.600447729,5,955.1016828
Percilia gillissi,2,3708,-35,-71,146.7207207,64.8333346,2.378894906,6,1544.312195
Percilia gillissi,2,3708,-35,-71,146.7207207,64.8333346,2.378894906,6,1544.312195
Percilia gillissi,2,3708,-35,-71,146.7207207,64.8333346,2.378894906,6,1544.312195
Percilia gillissi,3,818,-37,-72,163.8802083,91.6588527,3.600447729,5,955.1016828
Percilia gillissi,3,818,-37,-72,163.8802083,91.6588527,3.600447729,5,955.1016828
Percilia gillissi,3,8538,-40,-73,45.85964912,187.1979198,11.39652594,3,971.5374943
Percilia gillissi,2,6775,-39,-73,91.29090909,139.761904,7.73398954,4,195.4099444
Percilia gillissi,2,6775,-39,-73,91.29090909,139.761904,7.73398954,4,195.4099444
Percilia gillissi,2,6775,-39,-73,91.29090909,139.761904,7.73398954,4,195.4099444
Percilia gillissi,3,5243,-39,-72,134,134.3333333,3.894006396,5,628.0236726
Percilia gillissi,2,6775,-39,-73,91.29090909,139.761904,7.73398954,4,195.4099444
Percilia gillissi,2,6775,-39,-73,91.29090909,139.761904,7.73398954,4,195.4099444
Percilia gillissi,2,4044,-35,-71,201.1388889,64.74999891,4.342244125,4,1544.312195
Percilia gillissi,2,4044,-35,-71,201.1388889,64.74999891,4.342244125,4,1544.312195
Percilia gillissi,2,4044,-35,-71,201.1388889,64.74999891,4.342244125,4,1544.312195
Percilia gillissi,2,4044,-35,-71,201.1388889,64.74999891,4.342244125,4,1544.312195
Percilia gillissi,2,4044,-35,-71,201.1388889,64.74999891,4.342244125,4,1544.312195
Percilia gillissi,2,5717,-36,-72,89.8125,73.93333588,3.637341519,6,3290.497922
Percilia gillissi,2,4044,-35,-71,201.1388889,64.74999891,4.342244125,4,1544.312195
Percilia gillissi,2,6775,-39,-73,91.29090909,139.761904,7.73398954,4,195.4099444
Percilia gillissi,2,6775,-39,-73,91.29090909,139.761904,7.73398954,4,195.4099444
Percilia gillissi,2,6775,-39,-73,91.29090909,139.761904,7.73398954,4,195.4099444
Percilia gillissi,2,6775,-39,-73,91.29090909,139.761904,7.73398954,4,195.4099444
Percilia gillissi,2,6775,-39,-73,91.29090909,139.761904,7.73398954,4,195.4099444
Percilia gillissi,2,6775,-39,-73,91.29090909,139.761904,7.73398954,4,195.4099444
Percilia gillissi,2,6775,-39,-73,91.29090909,139.761904,7.73398954,4,195.4099444
Percilia gillissi,2,6775,-39,-73,91.29090909,139.761904,7.73398954,4,195.4099444
Percilia gillissi,3,5756,-36,-72,109.3333333,75.56666718,4.452714519,4,257.240611
Percilia gillissi,3,5756,-36,-72,109.3333333,75.56666718,4.452714519,4,257.240611
Percilia gillissi,3,818,-37,-72,163.8802083,91.6588527,3.600447729,5,955.1016828
Percilia gillissi,3,818,-37,-72,163.8802083,91.6588527,3.600447729,5,955.1016828
Percilia gillissi,2,8539,-40,-73,44.54807692,186.6944453,11.19482029,3,971.5374943
Percilia gillissi,3,818,-37,-72,163.8802083,91.6588527,3.600447729,5,955.1016828
Percilia gillissi,3,818,-37,-72,163.8802083,91.6588527,3.600447729,5,955.1016828
Percilia gillissi,1,6733,-39,-73,86.61666667,134.1309531,6.433685386,6,2359.225673
Percilia gillissi,1,6150,-35,-72,54.2,70.59523664,6.287205955,5,1275.259419
Percilia gillissi,2,8536,-40,-73,50.04424779,189.2916641,13.57040073,3,971.5374943
Percilia gillissi,2,8536,-40,-73,50.04424779,189.2916641,13.57040073,3,971.5374943
Percilia gillissi,1,6150,-35,-72,54.2,70.59523664,6.287205955,5,1275.259419
Percilia gillissi,3,5243,-39,-72,134,134.3333333,3.894006396,5,628.0236726
Percilia gillissi,2,4044,-35,-71,201.1388889,64.74999891,4.342244125,4,1544.312195
Percilia gillissi,2,4044,-35,-71,201.1388889,64.74999891,4.342244125,4,1544.312195
Percilia gillissi,3,8539,-40,-73,44.54807692,186.6944453,11.19482029,3,971.5374943
Percilia gillissi,3,818,-37,-72,163.8802083,91.6588527,3.600447729,5,955.1016828
Percilia gillissi,3,818,-37,-72,163.8802083,91.6588527,3.600447729,5,955.1016828
Percilia gillissi,2,5993,-36,-72,99.35238095,70.95833333,2.351056413,6,1160.414781
Percilia gillissi,2,5993,-36,-72,99.35238095,70.95833333,2.351056413,6,1160.414781
Percilia gillissi,3,818,-37,-72,163.8802083,91.6588527,3.600447729,5,955.1016828
Percilia gillissi,2,3708,-35,-71,146.7207207,64.8333346,2.378894906,6,1544.312195
Percilia gillissi,2,3708,-35,-71,146.7207207,64.8333346,2.378894906,6,1544.312195
Percilia gillissi,2,5764,-36,-72,81.12037037,71.27777863,4.391394707,6,3290.497922
Percilia gillissi,2,5764,-36,-72,81.12037037,71.27777863,4.391394707,6,3290.497922
Percilia gillissi,2,5764,-36,-72,81.12037037,71.27777863,4.391394707,6,3290.497922
Percilia gillissi,2,5764,-36,-72,81.12037037,71.27777863,4.391394707,6,3290.497922
Percilia gillissi,3,818,-37,-72,163.8802083,91.6588527,3.600447729,5,955.1016828
Percilia gillissi,3,818,-37,-72,163.8802083,91.6588527,3.600447729,5,955.1016828
Percilia gillissi,3,5243,-39,-72,134,134.3333333,3.894006396,5,628.0236726
Percilia gillissi,3,5243,-39,-72,134,134.3333333,3.894006396,5,628.0236726
Percilia gillissi,3,5243,-39,-72,134,134.3333333,3.894006396,5,628.0236726
Percilia gillissi,3,5243,-39,-72,134,134.3333333,3.894006396,5,628.0236726
Percilia gillissi,2,8539,-40,-73,44.54807692,186.6944453,11.19482029,3,971.5374943
Percilia gillissi,1,6733,-39,-73,86.61666667,134.1309531,6.433685386,6,2359.225673
Percilia gillissi,4,4535,-39,-73,70.40178571,98.70238277,3.160259271,5,1745.722088
Percilia gillissi,4,4535,-39,-73,70.40178571,98.70238277,3.160259271,5,1745.722088
Percilia gillissi,4,4535,-39,-73,70.40178571,98.70238277,3.160259271,5,1745.722088
Percilia gillissi,3,5372,-35,-72,28.65137615,69.65,4.354146694,7,5570.866652
Percilia gillissi,3,5372,-35,-72,28.65137615,69.65,4.354146694,7,5570.866652
Percilia gillissi,1,6150,-35,-72,54.2,70.59523664,6.287205955,5,1275.259419
Percilia gillissi,3,818,-37,-72,163.8802083,91.6588527,3.600447729,5,955.1016828
Percilia gillissi,3,818,-37,-72,163.8802083,91.6588527,3.600447729,5,955.1016828
Percilia gillissi,1,6150,-35,-72,54.2,70.59523664,6.287205955,5,1275.259419
Percilia gillissi,1,6150,-35,-72,54.2,70.59523664,6.287205955,5,1275.259419
Percilia gillissi,3,8532,-40,-73,86.31818182,192.6666667,18.40214676,3,971.5374943
Percilia gillissi,2,5717,-36,-72,89.8125,73.93333588,3.637341519,6,3290.497922
Percilia gillissi,2,3708,-35,-71,146.7207207,64.8333346,2.378894906,6,1544.312195
Percilia gillissi,2,5764,-36,-72,81.12037037,71.27777863,4.391394707,6,3290.497922
Percilia gillissi,2,8507,-40,-73,38.5,185.2833344,2.664263362,4,971.5374943
Percilia gillissi,3,818,-37,-72,163.8802083,91.6588527,3.600447729,5,955.1016828
Percilia gillissi,3,8531,-40,-73,101.7017544,194.25,19.25817239,3,971.5374943
Percilia gillissi,3,8531,-40,-73,101.7017544,194.25,19.25817239,3,971.5374943
Percilia gillissi,3,8531,-40,-73,101.7017544,194.25,19.25817239,3,971.5374943
Percilia gillissi,3,8531,-40,-73,101.7017544,194.25,19.25817239,3,971.5374943
Percilia gillissi,3,8531,-40,-73,101.7017544,194.25,19.25817239,3,971.5374943
Percilia gillissi,3,818,-37,-72,163.8802083,91.6588527,3.600447729,5,955.1016828
Percilia gillissi,3,8530,-40,-73,110.9545455,194.9500031,25.84003993,3,971.5374943
Percilia gillissi,3,644,-37,-72,165.7529412,94.2245101,4.587652144,3,656.0660846
Percilia gillissi,3,5756,-36,-72,109.3333333,75.56666718,4.452714519,4,257.240611
Percilia gillissi,3,5756,-36,-72,109.3333333,75.56666718,4.452714519,4,257.240611
Percilia gillissi,3,5756,-36,-72,109.3333333,75.56666718,4.452714519,4,257.240611
Percilia gillissi,3,8536,-40,-73,50.04424779,189.2916641,13.57040073,3,971.5374943
Percilia gillissi,3,8536,-40,-73,50.04424779,189.2916641,13.57040073,3,971.5374943
Percilia gillissi,3,5756,-36,-72,109.3333333,75.56666718,4.452714519,4,257.240611
Percilia gillissi,3,818,-37,-72,163.8802083,91.6588527,3.600447729,5,955.1016828
Percilia gillissi,3,818,-37,-72,163.8802083,91.6588527,3.600447729,5,955.1016828
Percilia gillissi,2,3708,-35,-71,146.7207207,64.8333346,2.378894906,6,1544.312195
Percilia gillissi,3,818,-37,-72,163.8802083,91.6588527,3.600447729,5,955.1016828
Percilia gillissi,3,818,-37,-72,163.8802083,91.6588527,3.600447729,5,955.1016828
Percilia gillissi,3,818,-37,-72,163.8802083,91.6588527,3.600447729,5,955.1016828
Percilia gillissi,2,3708,-35,-71,146.7207207,64.8333346,2.378894906,6,1544.312195
Percilia gillissi,1,6733,-39,-73,86.61666667,134.1309531,6.433685386,6,2359.225673
Percilia gillissi,2,8539,-40,-73,44.54807692,186.6944453,11.19482029,3,971.5374943
Percilia gillissi,3,818,-37,-72,163.8802083,91.6588527,3.600447729,5,955.1016828
Percilia gillissi,3,818,-37,-72,163.8802083,91.6588527,3.600447729,5,955.1016828
Percilia gillissi,1,6733,-39,-73,86.61666667,134.1309531,6.433685386,6,2359.225673
Percilia gillissi,3,818,-37,-72,163.8802083,91.6588527,3.600447729,5,955.1016828
Percilia gillissi,1,6733,-39,-73,86.61666667,134.1309531,6.433685386,6,2359.225673
Percilia gillissi,3,818,-37,-72,163.8802083,91.6588527,3.600447729,5,955.1016828
Percilia gillissi,3,818,-37,-72,163.8802083,91.6588527,3.600447729,5,955.1016828
Percilia gillissi,3,8507,-40,-73,38.5,185.2833344,2.664263362,4,971.5374943
Percilia gillissi,3,8507,-40,-73,38.5,185.2833344,2.664263362,4,971.5374943
Percilia gillissi,3,818,-37,-72,163.8802083,91.6588527,3.600447729,5,955.1016828
Percilia gillissi,3,8507,-40,-73,38.5,185.2833344,2.664263362,4,971.5374943
Percilia gillissi,3,8507,-40,-73,38.5,185.2833344,2.664263362,4,971.5374943
Percilia gillissi,3,8507,-40,-73,38.5,185.2833344,2.664263362,4,971.5374943
Percilia gillissi,3,8507,-40,-73,38.5,185.2833344,2.664263362,4,971.5374943
Percilia gillissi,3,818,-37,-72,163.8802083,91.6588527,3.600447729,5,955.1016828
Percilia gillissi,3,5243,-39,-72,134,134.3333333,3.894006396,5,628.0236726
Percilia gillissi,3,8539,-40,-73,44.54807692,186.6944453,11.19482029,3,971.5374943
Percilia gillissi,3,8539,-40,-73,44.54807692,186.6944453,11.19482029,3,971.5374943
Percilia gillissi,2,5993,-36,-72,99.35238095,70.95833333,2.351056413,6,1160.414781
Percilia gillissi,3,818,-37,-72,163.8802083,91.6588527,3.600447729,5,955.1016828
Percilia gillissi,3,818,-37,-72,163.8802083,91.6588527,3.600447729,5,955.1016828
Percilia gillissi,3,818,-37,-72,163.8802083,91.6588527,3.600447729,5,955.1016828
Percilia gillissi,2,2751,-34,-71,352.85,50.49393827,3.9829068,6,165.4004226
Percilia gillissi,2,3708,-35,-71,146.7207207,64.8333346,2.378894906,6,1544.312195
Percilia gillissi,2,3708,-35,-71,146.7207207,64.8333346,2.378894906,6,1544.312195
Percilia gillissi,3,818,-37,-72,163.8802083,91.6588527,3.600447729,5,955.1016828
Percilia gillissi,1,8539,-40,-73,44.54807692,186.6944453,11.19482029,3,971.5374943
Percilia gillissi,3,5243,-39,-72,134,134.3333333,3.894006396,5,628.0236726
Percilia gillissi,1,8527,-40,-72,127.3928571,193.9722214,16.10434568,3,971.5374943
Percilia gillissi,1,8507,-40,-73,38.5,185.2833344,2.664263362,4,971.5374943
Percilia gillissi,2,4044,-35,-71,201.1388889,64.74999891,4.342244125,4,1544.312195
Percilia gillissi,2,4044,-35,-71,201.1388889,64.74999891,4.342244125,4,1544.312195
Percilia gillissi,2,4044,-35,-71,201.1388889,64.74999891,4.342244125,4,1544.312195
Percilia gillissi,2,6775,-39,-73,91.29090909,139.761904,7.73398954,4,195.4099444
Percilia gillissi,2,6775,-39,-73,91.29090909,139.761904,7.73398954,4,195.4099444
Percilia gillissi,2,6775,-39,-73,91.29090909,139.761904,7.73398954,4,195.4099444
Percilia gillissi,3,818,-37,-72,163.8802083,91.6588527,3.600447729,5,955.1016828
Percilia gillissi,3,818,-37,-72,163.8802083,91.6588527,3.600447729,5,955.1016828
Percilia gillissi,3,818,-37,-72,163.8802083,91.6588527,3.600447729,5,955.1016828
Percilia gillissi,1,6733,-39,-73,86.61666667,134.1309531,6.433685386,6,2359.225673
Percilia gillissi,3,818,-37,-72,163.8802083,91.6588527,3.600447729,5,955.1016828
Percilia gillissi,1,6733,-39,-73,86.61666667,134.1309531,6.433685386,6,2359.225673
Percilia gillissi,1,6733,-39,-73,86.61666667,134.1309531,6.433685386,6,2359.225673
Percilia gillissi,4,4535,-39,-73,70.40178571,98.70238277,3.160259271,5,1745.722088
Percilia gillissi,1,6150,-35,-72,54.2,70.59523664,6.287205955,5,1275.259419
Percilia gillissi,3,818,-37,-72,163.8802083,91.6588527,3.600447729,5,955.1016828
Percilia gillissi,3,818,-37,-72,163.8802083,91.6588527,3.600447729,5,955.1016828
Percilia gillissi,3,818,-37,-72,163.8802083,91.6588527,3.600447729,5,955.1016828
Percilia gillissi,3,818,-37,-72,163.8802083,91.6588527,3.600447729,5,955.1016828
Percilia gillissi,3,818,-37,-72,163.8802083,91.6588527,3.600447729,5,955.1016828
Percilia gillissi,3,8507,-40,-73,38.5,185.2833344,2.664263362,4,971.5374943
Percilia gillissi,3,8507,-40,-73,38.5,185.2833344,2.664263362,4,971.5374943
Percilia gillissi,3,818,-37,-72,163.8802083,91.6588527,3.600447729,5,955.1016828
Percilia gillissi,2,5993,-36,-72,99.35238095,70.95833333,2.351056413,6,1160.414781
Percilia gillissi,1,6150,-35,-72,54.2,70.59523664,6.287205955,5,1275.259419
Percilia gillissi,2,4044,-35,-71,201.1388889,64.74999891,4.342244125,4,1544.312195
Percilia gillissi,2,8531,-40,-73,101.7017544,194.25,19.25817239,3,971.5374943
Percilia gillissi,2,5993,-36,-72,99.35238095,70.95833333,2.351056413,6,1160.414781
Percilia gillissi,2,5993,-36,-72,99.35238095,70.95833333,2.351056413,6,1160.414781
Percilia gillissi,2,5993,-36,-72,99.35238095,70.95833333,2.351056413,6,1160.414781
Percilia gillissi,3,8532,-40,-73,86.31818182,192.6666667,18.40214676,3,971.5374943
Percilia gillissi,2,8507,-40,-73,38.5,185.2833344,2.664263362,4,971.5374943
Percilia gillissi,1,6733,-39,-73,86.61666667,134.1309531,6.433685386,6,2359.225673
Percilia gillissi,2,3708,-35,-71,146.7207207,64.8333346,2.378894906,6,1544.312195
Percilia gillissi,3,818,-37,-72,163.8802083,91.6588527,3.600447729,5,955.1016828
Percilia gillissi,2,5764,-36,-72,81.12037037,71.27777863,4.391394707,6,3290.497922
Percilia gillissi,2,5764,-36,-72,81.12037037,71.27777863,4.391394707,6,3290.497922
Percilia gillissi,2,5764,-36,-72,81.12037037,71.27777863,4.391394707,6,3290.497922
Percilia gillissi,2,5764,-36,-72,81.12037037,71.27777863,4.391394707,6,3290.497922
Percilia gillissi,2,5764,-36,-72,81.12037037,71.27777863,4.391394707,6,3290.497922
Percilia gillissi,1,8539,-40,-73,44.54807692,186.6944453,11.19482029,3,971.5374943
Percilia gillissi,1,8539,-40,-73,44.54807692,186.6944453,11.19482029,3,971.5374943
Percilia gillissi,1,8539,-40,-73,44.54807692,186.6944453,11.19482029,3,971.5374943
Percilia gillissi,3,818,-37,-72,163.8802083,91.6588527,3.600447729,5,955.1016828
Percilia gillissi,3,818,-37,-72,163.8802083,91.6588527,3.600447729,5,955.1016828
Percilia gillissi,3,5243,-39,-72,134,134.3333333,3.894006396,5,628.0236726
Percilia gillissi,2,6775,-39,-73,91.29090909,139.761904,7.73398954,4,195.4099444
Percilia gillissi,3,5243,-39,-72,134,134.3333333,3.894006396,5,628.0236726
Percilia gillissi,3,5243,-39,-72,134,134.3333333,3.894006396,5,628.0236726
Percilia gillissi,3,818,-37,-72,163.8802083,91.6588527,3.600447729,5,955.1016828
Percilia gillissi,3,818,-37,-72,163.8802083,91.6588527,3.600447729,5,955.1016828
Percilia gillissi,1,6150,-35,-72,54.2,70.59523664,6.287205955,5,1275.259419
Percilia gillissi,4,644,-37,-72,165.7529412,94.2245101,4.587652144,3,656.0660846
Percilia gillissi,1,8536,-40,-73,50.04424779,189.2916641,13.57040073,3,971.5374943
Percilia gillissi,1,8536,-40,-73,50.04424779,189.2916641,13.57040073,3,971.5374943
Percilia gillissi,4,4535,-39,-73,70.40178571,98.70238277,3.160259271,5,1745.722088
Percilia gillissi,1,8536,-40,-73,50.04424779,189.2916641,13.57040073,3,971.5374943
Percilia gillissi,3,818,-37,-72,163.8802083,91.6588527,3.600447729,5,955.1016828
Percilia gillissi,3,5372,-35,-72,28.65137615,69.65,4.354146694,7,5570.866652
Percilia gillissi,1,6150,-35,-72,54.2,70.59523664,6.287205955,5,1275.259419
Percilia gillissi,1,6150,-35,-72,54.2,70.59523664,6.287205955,5,1275.259419
Percilia gillissi,3,8539,-40,-73,44.54807692,186.6944453,11.19482029,3,971.5374943
Percilia gillissi,3,8532,-40,-73,86.31818182,192.6666667,18.40214676,3,971.5374943
Percilia gillissi,3,8532,-40,-73,86.31818182,192.6666667,18.40214676,3,971.5374943
Percilia gillissi,1,6150,-35,-72,54.2,70.59523664,6.287205955,5,1275.259419
Percilia gillissi,3,818,-37,-72,163.8802083,91.6588527,3.600447729,5,955.1016828
Percilia gillissi,2,8507,-40,-73,38.5,185.2833344,2.664263362,4,971.5374943
Percilia gillissi,2,8507,-40,-73,38.5,185.2833344,2.664263362,4,971.5374943
Percilia gillissi,2,5717,-36,-72,89.8125,73.93333588,3.637341519,6,3290.497922
Percilia gillissi,2,3708,-35,-71,146.7207207,64.8333346,2.378894906,6,1544.312195
Percilia gillissi,2,3708,-35,-71,146.7207207,64.8333346,2.378894906,6,1544.312195
Percilia gillissi,2,3708,-35,-71,146.7207207,64.8333346,2.378894906,6,1544.312195
Percilia gillissi,3,818,-37,-72,163.8802083,91.6588527,3.600447729,5,955.1016828
Percilia gillissi,2,8507,-40,-73,38.5,185.2833344,2.664263362,4,971.5374943
Percilia gillissi,2,8507,-40,-73,38.5,185.2833344,2.664263362,4,971.5374943
Percilia gillissi,2,3708,-35,-71,146.7207207,64.8333346,2.378894906,6,1544.312195
Percilia gillissi,3,8531,-40,-73,101.7017544,194.25,19.25817239,3,971.5374943
Percilia gillissi,1,8539,-40,-73,44.54807692,186.6944453,11.19482029,3,971.5374943
Percilia gillissi,2,8538,-40,-73,45.85964912,187.1979198,11.39652594,3,971.5374943
Percilia gillissi,3,8538,-40,-73,45.85964912,187.1979198,11.39652594,3,971.5374943
Percilia gillissi,1,8507,-40,-73,38.5,185.2833344,2.664263362,4,971.5374943
Percilia gillissi,1,8507,-40,-73,38.5,185.2833344,2.664263362,4,971.5374943
Percilia gillissi,2,4044,-35,-71,201.1388889,64.74999891,4.342244125,4,1544.312195
Percilia gillissi,2,5717,-36,-72,89.8125,73.93333588,3.637341519,6,3290.497922
Percilia gillissi,2,5717,-36,-72,89.8125,73.93333588,3.637341519,6,3290.497922
Percilia gillissi,2,5717,-36,-72,89.8125,73.93333588,3.637341519,6,3290.497922
Percilia gillissi,3,644,-37,-72,165.7529412,94.2245101,4.587652144,3,656.0660846
Percilia gillissi,3,818,-37,-72,163.8802083,91.6588527,3.600447729,5,955.1016828
Percilia gillissi,2,6775,-39,-73,91.29090909,139.761904,7.73398954,4,195.4099444
Percilia gillissi,3,5756,-36,-72,109.3333333,75.56666718,4.452714519,4,257.240611
Percilia gillissi,3,5756,-36,-72,109.3333333,75.56666718,4.452714519,4,257.240611
Percilia gillissi,3,5756,-36,-72,109.3333333,75.56666718,4.452714519,4,257.240611
Percilia gillissi,2,3708,-35,-71,146.7207207,64.8333346,2.378894906,6,1544.312195
Percilia gillissi,2,3708,-35,-71,146.7207207,64.8333346,2.378894906,6,1544.312195
Percilia gillissi,1,6733,-39,-73,86.61666667,134.1309531,6.433685386,6,2359.225673
Percilia gillissi,2,3708,-35,-71,146.7207207,64.8333346,2.378894906,6,1544.312195
Percilia gillissi,3,8536,-40,-73,50.04424779,189.2916641,13.57040073,3,971.5374943
Percilia gillissi,3,818,-37,-72,163.8802083,91.6588527,3.600447729,5,955.1016828
Percilia gillissi,2,8531,-40,-73,101.7017544,194.25,19.25817239,3,971.5374943
Percilia gillissi,3,818,-37,-72,163.8802083,91.6588527,3.600447729,5,955.1016828
Percilia gillissi,3,818,-37,-72,163.8802083,91.6588527,3.600447729,5,955.1016828
Percilia gillissi,3,8507,-40,-73,38.5,185.2833344,2.664263362,4,971.5374943
Percilia gillissi,3,8507,-40,-73,38.5,185.2833344,2.664263362,4,971.5374943
Percilia gillissi,2,3708,-35,-71,146.7207207,64.8333346,2.378894906,6,1544.312195
Percilia gillissi,1,6150,-35,-72,54.2,70.59523664,6.287205955,5,1275.259419
Percilia gillissi,1,6733,-39,-73,86.61666667,134.1309531,6.433685386,6,2359.225673
Percilia gillissi,2,4044,-35,-71,201.1388889,64.74999891,4.342244125,4,1544.312195
Percilia gillissi,3,8539,-40,-73,44.54807692,186.6944453,11.19482029,3,971.5374943
Percilia gillissi,3,818,-37,-72,163.8802083,91.6588527,3.600447729,5,955.1016828
Percilia gillissi,1,6733,-39,-73,86.61666667,134.1309531,6.433685386,6,2359.225673
Percilia gillissi,3,818,-37,-72,163.8802083,91.6588527,3.600447729,5,955.1016828
Percilia gillissi,3,818,-37,-72,163.8802083,91.6588527,3.600447729,5,955.1016828
Percilia gillissi,3,818,-37,-72,163.8802083,91.6588527,3.600447729,5,955.1016828
Percilia gillissi,2,5764,-36,-72,81.12037037,71.27777863,4.391394707,6,3290.497922
Percilia gillissi,1,8539,-40,-73,44.54807692,186.6944453,11.19482029,3,971.5374943
Percilia gillissi,3,8531,-40,-73,101.7017544,194.25,19.25817239,3,971.5374943
Percilia gillissi,3,818,-37,-72,163.8802083,91.6588527,3.600447729,5,955.1016828
Percilia gillissi,1,8507,-40,-73,38.5,185.2833344,2.664263362,4,971.5374943
Percilia gillissi,2,4044,-35,-71,201.1388889,64.74999891,4.342244125,4,1544.312195
Percilia gillissi,2,4044,-35,-71,201.1388889,64.74999891,4.342244125,4,1544.312195
Percilia gillissi,2,4044,-35,-71,201.1388889,64.74999891,4.342244125,4,1544.312195
Percilia gillissi,2,4044,-35,-71,201.1388889,64.74999891,4.342244125,4,1544.312195
Percilia gillissi,2,4044,-35,-71,201.1388889,64.74999891,4.342244125,4,1544.312195
Percilia gillissi,2,6775,-39,-73,91.29090909,139.761904,7.73398954,4,195.4099444
Percilia gillissi,2,4044,-35,-71,201.1388889,64.74999891,4.342244125,4,1544.312195
Percilia gillissi,2,4044,-35,-71,201.1388889,64.74999891,4.342244125,4,1544.312195
Percilia gillissi,2,4044,-35,-71,201.1388889,64.74999891,4.342244125,4,1544.312195
Percilia gillissi,3,818,-37,-72,163.8802083,91.6588527,3.600447729,5,955.1016828
Percilia gillissi,3,5243,-39,-72,134,134.3333333,3.894006396,5,628.0236726
Percilia gillissi,1,6733,-39,-73,86.61666667,134.1309531,6.433685386,6,2359.225673
Percilia gillissi,2,3708,-35,-71,146.7207207,64.8333346,2.378894906,6,1544.312195
Percilia gillissi,1,6733,-39,-73,86.61666667,134.1309531,6.433685386,6,2359.225673
Percilia gillissi,3,818,-37,-72,163.8802083,91.6588527,3.600447729,5,955.1016828
Percilia gillissi,3,818,-37,-72,163.8802083,91.6588527,3.600447729,5,955.1016828
Percilia gillissi,3,8536,-40,-73,50.04424779,189.2916641,13.57040073,3,971.5374943
Percilia gillissi,2,8531,-40,-73,101.7017544,194.25,19.25817239,3,971.5374943
Percilia gillissi,4,644,-37,-72,165.7529412,94.2245101,4.587652144,3,656.0660846
Percilia gillissi,3,5243,-39,-72,134,134.3333333,3.894006396,5,628.0236726
Percilia gillissi,1,8536,-40,-73,50.04424779,189.2916641,13.57040073,3,971.5374943
Percilia gillissi,2,3708,-35,-71,146.7207207,64.8333346,2.378894906,6,1544.312195
Percilia gillissi,3,5756,-36,-72,109.3333333,75.56666718,4.452714519,4,257.240611
Percilia gillissi,2,8536,-40,-73,50.04424779,189.2916641,13.57040073,3,971.5374943
Percilia gillissi,1,6733,-39,-73,86.61666667,134.1309531,6.433685386,6,2359.225673
Percilia gillissi,1,6733,-39,-73,86.61666667,134.1309531,6.433685386,6,2359.225673
Percilia gillissi,1,6733,-39,-73,86.61666667,134.1309531,6.433685386,6,2359.225673
Percilia gillissi,3,8539,-40,-73,44.54807692,186.6944453,11.19482029,3,971.5374943
Percilia gillissi,3,8539,-40,-73,44.54807692,186.6944453,11.19482029,3,971.5374943
Percilia gillissi,3,8539,-40,-73,44.54807692,186.6944453,11.19482029,3,971.5374943
Percilia gillissi,2,8507,-40,-73,38.5,185.2833344,2.664263362,4,971.5374943
Percilia gillissi,3,818,-37,-72,163.8802083,91.6588527,3.600447729,5,955.1016828
Percilia gillissi,2,3708,-35,-71,146.7207207,64.8333346,2.378894906,6,1544.312195
Percilia gillissi,2,3708,-35,-71,146.7207207,64.8333346,2.378894906,6,1544.312195
Percilia gillissi,3,818,-37,-72,163.8802083,91.6588527,3.600447729,5,955.1016828
Percilia gillissi,2,3610,-34,-71,162.90625,43.16341121,5.718709548,2,1750.389286
Percilia gillissi,2,5764,-36,-72,81.12037037,71.27777863,4.391394707,6,3290.497922
Percilia gillissi,2,5764,-36,-72,81.12037037,71.27777863,4.391394707,6,3290.497922
Percilia gillissi,2,5764,-36,-72,81.12037037,71.27777863,4.391394707,6,3290.497922
Percilia gillissi,1,8539,-40,-73,44.54807692,186.6944453,11.19482029,3,971.5374943
Percilia gillissi,1,8539,-40,-73,44.54807692,186.6944453,11.19482029,3,971.5374943
Percilia gillissi,2,8539,-40,-73,44.54807692,186.6944453,11.19482029,3,971.5374943
Percilia gillissi,2,8538,-40,-73,45.85964912,187.1979198,11.39652594,3,971.5374943
Percilia gillissi,2,8538,-40,-73,45.85964912,187.1979198,11.39652594,3,971.5374943
Percilia gillissi,3,818,-37,-72,163.8802083,91.6588527,3.600447729,5,955.1016828
Percilia gillissi,3,818,-37,-72,163.8802083,91.6588527,3.600447729,5,955.1016828
Percilia gillissi,3,8538,-40,-73,45.85964912,187.1979198,11.39652594,3,971.5374943
Percilia gillissi,3,8538,-40,-73,45.85964912,187.1979198,11.39652594,3,971.5374943
Percilia gillissi,1,6733,-39,-73,86.61666667,134.1309531,6.433685386,6,2359.225673
Percilia gillissi,3,818,-37,-72,163.8802083,91.6588527,3.600447729,5,955.1016828
Percilia gillissi,2,8531,-40,-73,101.7017544,194.25,19.25817239,3,971.5374943
Percilia gillissi,4,644,-37,-72,165.7529412,94.2245101,4.587652144,3,656.0660846
Percilia gillissi,4,644,-37,-72,165.7529412,94.2245101,4.587652144,3,656.0660846
Percilia gillissi,4,644,-37,-72,165.7529412,94.2245101,4.587652144,3,656.0660846
Percilia gillissi,4,4535,-39,-73,70.40178571,98.70238277,3.160259271,5,1745.722088
Percilia gillissi,4,4535,-39,-73,70.40178571,98.70238277,3.160259271,5,1745.722088
Percilia gillissi,3,8507,-40,-73,38.5,185.2833344,2.664263362,4,971.5374943
Percilia gillissi,1,8536,-40,-73,50.04424779,189.2916641,13.57040073,3,971.5374943
Percilia gillissi,4,4535,-39,-73,70.40178571,98.70238277,3.160259271,5,1745.722088
Percilia gillissi,2,3708,-35,-71,146.7207207,64.8333346,2.378894906,6,1544.312195
Percilia gillissi,3,818,-37,-72,163.8802083,91.6588527,3.600447729,5,955.1016828
Percilia gillissi,3,818,-37,-72,163.8802083,91.6588527,3.600447729,5,955.1016828
Percilia gillissi,3,818,-37,-72,163.8802083,91.6588527,3.600447729,5,955.1016828
Percilia gillissi,3,818,-37,-72,163.8802083,91.6588527,3.600447729,5,955.1016828
Percilia gillissi,1,6150,-35,-72,54.2,70.59523664,6.287205955,5,1275.259419
Percilia gillissi,1,6733,-39,-73,86.61666667,134.1309531,6.433685386,6,2359.225673
Percilia gillissi,1,6733,-39,-73,86.61666667,134.1309531,6.433685386,6,2359.225673
Percilia gillissi,3,5243,-39,-72,134,134.3333333,3.894006396,5,628.0236726
Percilia gillissi,3,8539,-40,-73,44.54807692,186.6944453,11.19482029,3,971.5374943
Percilia gillissi,3,8539,-40,-73,44.54807692,186.6944453,11.19482029,3,971.5374943
Percilia gillissi,2,3708,-35,-71,146.7207207,64.8333346,2.378894906,6,1544.312195
Percilia gillissi,1,6733,-39,-73,86.61666667,134.1309531,6.433685386,6,2359.225673
Percilia gillissi,2,8507,-40,-73,38.5,185.2833344,2.664263362,4,971.5374943
Percilia gillissi,2,8507,-40,-73,38.5,185.2833344,2.664263362,4,971.5374943
Percilia gillissi,3,818,-37,-72,163.8802083,91.6588527,3.600447729,5,955.1016828
Percilia gillissi,3,818,-37,-72,163.8802083,91.6588527,3.600447729,5,955.1016828
Percilia gillissi,3,818,-37,-72,163.8802083,91.6588527,3.600447729,5,955.1016828
Percilia gillissi,3,818,-37,-72,163.8802083,91.6588527,3.600447729,5,955.1016828
Percilia gillissi,2,5764,-36,-72,81.12037037,71.27777863,4.391394707,6,3290.497922
Percilia gillissi,2,8507,-40,-73,38.5,185.2833344,2.664263362,4,971.5374943
Percilia gillissi,2,5764,-36,-72,81.12037037,71.27777863,4.391394707,6,3290.497922
Percilia gillissi,1,6733,-39,-73,86.61666667,134.1309531,6.433685386,6,2359.225673
Percilia gillissi,3,818,-37,-72,163.8802083,91.6588527,3.600447729,5,955.1016828
Percilia gillissi,3,818,-37,-72,163.8802083,91.6588527,3.600447729,5,955.1016828
Percilia gillissi,2,6775,-39,-73,91.29090909,139.761904,7.73398954,4,195.4099444
Percilia gillissi,2,5717,-36,-72,89.8125,73.93333588,3.637341519,6,3290.497922
Percilia gillissi,3,8530,-40,-73,110.9545455,194.9500031,25.84003993,3,971.5374943
Percilia gillissi,2,5717,-36,-72,89.8125,73.93333588,3.637341519,6,3290.497922
Percilia gillissi,2,5717,-36,-72,89.8125,73.93333588,3.637341519,6,3290.497922
Percilia gillissi,2,5717,-36,-72,89.8125,73.93333588,3.637341519,6,3290.497922
Percilia gillissi,3,5756,-36,-72,109.3333333,75.56666718,4.452714519,4,257.240611
Percilia gillissi,3,5756,-36,-72,109.3333333,75.56666718,4.452714519,4,257.240611
Percilia gillissi,3,5243,-39,-72,134,134.3333333,3.894006396,5,628.0236726
Percilia gillissi,3,8536,-40,-73,50.04424779,189.2916641,13.57040073,3,971.5374943
Percilia gillissi,3,8536,-40,-73,50.04424779,189.2916641,13.57040073,3,971.5374943
Percilia gillissi,3,818,-37,-72,163.8802083,91.6588527,3.600447729,5,955.1016828
Percilia gillissi,1,6733,-39,-73,86.61666667,134.1309531,6.433685386,6,2359.225673
Percilia gillissi,2,3708,-35,-71,146.7207207,64.8333346,2.378894906,6,1544.312195
Percilia gillissi,1,6733,-39,-73,86.61666667,134.1309531,6.433685386,6,2359.225673
Percilia gillissi,3,8536,-40,-73,50.04424779,189.2916641,13.57040073,3,971.5374943
Percilia gillissi,3,818,-37,-72,163.8802083,91.6588527,3.600447729,5,955.1016828
Percilia gillissi,1,6733,-39,-73,86.61666667,134.1309531,6.433685386,6,2359.225673
Percilia gillissi,1,6733,-39,-73,86.61666667,134.1309531,6.433685386,6,2359.225673
Percilia gillissi,3,8507,-40,-73,38.5,185.2833344,2.664263362,4,971.5374943
Percilia gillissi,3,5243,-39,-72,134,134.3333333,3.894006396,5,628.0236726
Percilia gillissi,4,4535,-39,-73,70.40178571,98.70238277,3.160259271,5,1745.722088
Percilia gillissi,3,8507,-40,-73,38.5,185.2833344,2.664263362,4,971.5374943
Percilia gillissi,3,8507,-40,-73,38.5,185.2833344,2.664263362,4,971.5374943
Percilia gillissi,3,818,-37,-72,163.8802083,91.6588527,3.600447729,5,955.1016828
Percilia gillissi,3,818,-37,-72,163.8802083,91.6588527,3.600447729,5,955.1016828
Percilia gillissi,1,6733,-39,-73,86.61666667,134.1309531,6.433685386,6,2359.225673
Percilia gillissi,1,6733,-39,-73,86.61666667,134.1309531,6.433685386,6,2359.225673
Percilia gillissi,1,6733,-39,-73,86.61666667,134.1309531,6.433685386,6,2359.225673
Percilia gillissi,1,6733,-39,-73,86.61666667,134.1309531,6.433685386,6,2359.225673
Percilia gillissi,1,6733,-39,-73,86.61666667,134.1309531,6.433685386,6,2359.225673
Percilia gillissi,2,8536,-40,-73,50.04424779,189.2916641,13.57040073,3,971.5374943
Percilia gillissi,2,8538,-40,-73,45.85964912,187.1979198,11.39652594,3,971.5374943
Percilia gillissi,1,6733,-39,-73,86.61666667,134.1309531,6.433685386,6,2359.225673
Percilia gillissi,3,8532,-40,-73,86.31818182,192.6666667,18.40214676,3,971.5374943
Percilia gillissi,2,8507,-40,-73,38.5,185.2833344,2.664263362,4,971.5374943
Percilia gillissi,3,818,-37,-72,163.8802083,91.6588527,3.600447729,5,955.1016828
Percilia gillissi,3,818,-37,-72,163.8802083,91.6588527,3.600447729,5,955.1016828
Percilia gillissi,3,8539,-40,-73,44.54807692,186.6944453,11.19482029,3,971.5374943
Percilia gillissi,2,8532,-40,-73,86.31818182,192.6666667,18.40214676,3,971.5374943
Percilia gillissi,2,8507,-40,-73,38.5,185.2833344,2.664263362,4,971.5374943
Percilia gillissi,3,818,-37,-72,163.8802083,91.6588527,3.600447729,5,955.1016828
Percilia gillissi,2,3708,-35,-71,146.7207207,64.8333346,2.378894906,6,1544.312195
Percilia gillissi,3,818,-37,-72,163.8802083,91.6588527,3.600447729,5,955.1016828
Percilia gillissi,2,3708,-35,-71,146.7207207,64.8333346,2.378894906,6,1544.312195
Percilia gillissi,2,3708,-35,-71,146.7207207,64.8333346,2.378894906,6,1544.312195
Percilia gillissi,2,3708,-35,-71,146.7207207,64.8333346,2.378894906,6,1544.312195
Percilia gillissi,3,818,-37,-72,163.8802083,91.6588527,3.600447729,5,955.1016828
Percilia gillissi,3,818,-37,-72,163.8802083,91.6588527,3.600447729,5,955.1016828
Percilia gillissi,3,818,-37,-72,163.8802083,91.6588527,3.600447729,5,955.1016828
Percilia gillissi,2,8507,-40,-73,38.5,185.2833344,2.664263362,4,971.5374943
Percilia gillissi,3,818,-37,-72,163.8802083,91.6588527,3.600447729,5,955.1016828
Percilia gillissi,1,8539,-40,-73,44.54807692,186.6944453,11.19482029,3,971.5374943
Percilia gillissi,3,8538,-40,-73,45.85964912,187.1979198,11.39652594,3,971.5374943
Percilia gillissi,3,818,-37,-72,163.8802083,91.6588527,3.600447729,5,955.1016828
Percilia gillissi,3,8536,-40,-73,50.04424779,189.2916641,13.57040073,3,971.5374943
Percilia gillissi,4,644,-37,-72,165.7529412,94.2245101,4.587652144,3,656.0660846
Percilia gillissi,3,818,-37,-72,163.8802083,91.6588527,3.600447729,5,955.1016828
Percilia gillissi,3,8538,-40,-73,45.85964912,187.1979198,11.39652594,3,971.5374943
Percilia gillissi,3,5243,-39,-72,134,134.3333333,3.894006396,5,628.0236726
Percilia gillissi,2,6775,-39,-73,91.29090909,139.761904,7.73398954,4,195.4099444
Percilia gillissi,2,6775,-39,-73,91.29090909,139.761904,7.73398954,4,195.4099444
Percilia gillissi,3,8538,-40,-73,45.85964912,187.1979198,11.39652594,3,971.5374943
Percilia gillissi,1,8507,-40,-73,38.5,185.2833344,2.664263362,4,971.5374943
Percilia gillissi,2,6775,-39,-73,91.29090909,139.761904,7.73398954,4,195.4099444
Percilia gillissi,1,8507,-40,-73,38.5,185.2833344,2.664263362,4,971.5374943
Percilia gillissi,1,8507,-40,-73,38.5,185.2833344,2.664263362,4,971.5374943
Percilia gillissi,2,6775,-39,-73,91.29090909,139.761904,7.73398954,4,195.4099444
Percilia gillissi,3,5243,-39,-72,134,134.3333333,3.894006396,5,628.0236726
Percilia gillissi,3,818,-37,-72,163.8802083,91.6588527,3.600447729,5,955.1016828
Percilia gillissi,3,818,-37,-72,163.8802083,91.6588527,3.600447729,5,955.1016828
Percilia gillissi,1,6733,-39,-73,86.61666667,134.1309531,6.433685386,6,2359.225673
Percilia gillissi,2,3708,-35,-71,146.7207207,64.8333346,2.378894906,6,1544.312195
Percilia gillissi,2,3708,-35,-71,146.7207207,64.8333346,2.378894906,6,1544.312195
Percilia gillissi,4,644,-37,-72,165.7529412,94.2245101,4.587652144,3,656.0660846
Percilia gillissi,3,818,-37,-72,163.8802083,91.6588527,3.600447729,5,955.1016828
Percilia gillissi,3,818,-37,-72,163.8802083,91.6588527,3.600447729,5,955.1016828
Percilia gillissi,3,5243,-39,-72,134,134.3333333,3.894006396,5,628.0236726
Percilia gillissi,3,818,-37,-72,163.8802083,91.6588527,3.600447729,5,955.1016828
Percilia gillissi,3,5243,-39,-72,134,134.3333333,3.894006396,5,628.0236726
Percilia gillissi,3,8507,-40,-73,38.5,185.2833344,2.664263362,4,971.5374943
Percilia gillissi,2,3708,-35,-71,146.7207207,64.8333346,2.378894906,6,1544.312195
Percilia gillissi,1,8536,-40,-73,50.04424779,189.2916641,13.57040073,3,971.5374943
Percilia gillissi,3,818,-37,-72,163.8802083,91.6588527,3.600447729,5,955.1016828
Percilia gillissi,2,8536,-40,-73,50.04424779,189.2916641,13.57040073,3,971.5374943
Percilia gillissi,2,8536,-40,-73,50.04424779,189.2916641,13.57040073,3,971.5374943
Percilia gillissi,2,8536,-40,-73,50.04424779,189.2916641,13.57040073,3,971.5374943
Percilia gillissi,1,8538,-40,-73,45.85964912,187.1979198,11.39652594,3,971.5374943
Percilia gillissi,2,5764,-36,-72,81.12037037,71.27777863,4.391394707,6,3290.497922
Percilia gillissi,2,8536,-40,-73,50.04424779,189.2916641,13.57040073,3,971.5374943
Percilia gillissi,2,8538,-40,-73,45.85964912,187.1979198,11.39652594,3,971.5374943
Percilia gillissi,3,8536,-40,-73,50.04424779,189.2916641,13.57040073,3,971.5374943
Percilia gillissi,2,8538,-40,-73,45.85964912,187.1979198,11.39652594,3,971.5374943
Percilia gillissi,2,8507,-40,-73,38.5,185.2833344,2.664263362,4,971.5374943
Percilia gillissi,2,8507,-40,-73,38.5,185.2833344,2.664263362,4,971.5374943
Percilia gillissi,2,8507,-40,-73,38.5,185.2833344,2.664263362,4,971.5374943
Percilia gillissi,3,818,-37,-72,163.8802083,91.6588527,3.600447729,5,955.1016828
Percilia gillissi,3,818,-37,-72,163.8802083,91.6588527,3.600447729,5,955.1016828
Percilia gillissi,3,818,-37,-72,163.8802083,91.6588527,3.600447729,5,955.1016828
Percilia gillissi,3,818,-37,-72,163.8802083,91.6588527,3.600447729,5,955.1016828
Percilia gillissi,1,6733,-39,-73,86.61666667,134.1309531,6.433685386,6,2359.225673
Percilia gillissi,2,3708,-35,-71,146.7207207,64.8333346,2.378894906,6,1544.312195
Percilia gillissi,4,6187,-35,-72,34.48484848,70.86666718,4.428001112,7,5570.866652
Percilia gillissi,3,818,-37,-72,163.8802083,91.6588527,3.600447729,5,955.1016828
Percilia gillissi,2,5764,-36,-72,81.12037037,71.27777863,4.391394707,6,3290.497922
Percilia gillissi,2,5764,-36,-72,81.12037037,71.27777863,4.391394707,6,3290.497922
Percilia gillissi,3,818,-37,-72,163.8802083,91.6588527,3.600447729,5,955.1016828
Percilia gillissi,2,5764,-36,-72,81.12037037,71.27777863,4.391394707,6,3290.497922
Percilia gillissi,1,6733,-39,-73,86.61666667,134.1309531,6.433685386,6,2359.225673
Percilia gillissi,4,644,-37,-72,165.7529412,94.2245101,4.587652144,3,656.0660846
Percilia gillissi,3,818,-37,-72,163.8802083,91.6588527,3.600447729,5,955.1016828
Percilia gillissi,3,818,-37,-72,163.8802083,91.6588527,3.600447729,5,955.1016828
Percilia gillissi,3,818,-37,-72,163.8802083,91.6588527,3.600447729,5,955.1016828
Percilia gillissi,3,5243,-39,-72,134,134.3333333,3.894006396,5,628.0236726
Percilia gillissi,2,6775,-39,-73,91.29090909,139.761904,7.73398954,4,195.4099444
Percilia gillissi,3,8538,-40,-73,45.85964912,187.1979198,11.39652594,3,971.5374943
Percilia gillissi,2,6775,-39,-73,91.29090909,139.761904,7.73398954,4,195.4099444
Percilia gillissi,3,818,-37,-72,163.8802083,91.6588527,3.600447729,5,955.1016828
Percilia gillissi,1,6733,-39,-73,86.61666667,134.1309531,6.433685386,6,2359.225673
Percilia gillissi,3,818,-37,-72,163.8802083,91.6588527,3.600447729,5,955.1016828
Percilia gillissi,3,818,-37,-72,163.8802083,91.6588527,3.600447729,5,955.1016828
Percilia gillissi,3,8507,-40,-73,38.5,185.2833344,2.664263362,4,971.5374943
Percilia gillissi,4,4535,-39,-73,70.40178571,98.70238277,3.160259271,5,1745.722088
Percilia gillissi,1,8536,-40,-73,50.04424779,189.2916641,13.57040073,3,971.5374943
Percilia gillissi,3,818,-37,-72,163.8802083,91.6588527,3.600447729,5,955.1016828
Percilia gillissi,1,6150,-35,-72,54.2,70.59523664,6.287205955,5,1275.259419
Percilia gillissi,1,8531,-40,-73,101.7017544,194.25,19.25817239,3,971.5374943
Percilia gillissi,1,6150,-35,-72,54.2,70.59523664,6.287205955,5,1275.259419
Percilia gillissi,1,6733,-39,-73,86.61666667,134.1309531,6.433685386,6,2359.225673
Percilia gillissi,3,818,-37,-72,163.8802083,91.6588527,3.600447729,5,955.1016828
Percilia gillissi,1,6733,-39,-73,86.61666667,134.1309531,6.433685386,6,2359.225673
Percilia gillissi,3,8538,-40,-73,45.85964912,187.1979198,11.39652594,3,971.5374943
Percilia gillissi,3,8536,-40,-73,50.04424779,189.2916641,13.57040073,3,971.5374943
Percilia gillissi,3,818,-37,-72,163.8802083,91.6588527,3.600447729,5,955.1016828
Percilia gillissi,3,8536,-40,-73,50.04424779,189.2916641,13.57040073,3,971.5374943
Percilia gillissi,3,818,-37,-72,163.8802083,91.6588527,3.600447729,5,955.1016828
Percilia gillissi,3,818,-37,-72,163.8802083,91.6588527,3.600447729,5,955.1016828
Percilia gillissi,2,8507,-40,-73,38.5,185.2833344,2.664263362,4,971.5374943
Percilia gillissi,3,818,-37,-72,163.8802083,91.6588527,3.600447729,5,955.1016828
Percilia gillissi,3,818,-37,-72,163.8802083,91.6588527,3.600447729,5,955.1016828
Percilia gillissi,3,818,-37,-72,163.8802083,91.6588527,3.600447729,5,955.1016828
Percilia gillissi,2,3708,-35,-71,146.7207207,64.8333346,2.378894906,6,1544.312195
Percilia gillissi,3,818,-37,-72,163.8802083,91.6588527,3.600447729,5,955.1016828
Percilia gillissi,2,3708,-35,-71,146.7207207,64.8333346,2.378894906,6,1544.312195
Percilia gillissi,2,8507,-40,-73,38.5,185.2833344,2.664263362,4,971.5374943
Percilia gillissi,2,8507,-40,-73,38.5,185.2833344,2.664263362,4,971.5374943
Percilia gillissi,2,5764,-36,-72,81.12037037,71.27777863,4.391394707,6,3290.497922
Percilia gillissi,3,818,-37,-72,163.8802083,91.6588527,3.600447729,5,955.1016828
Percilia gillissi,3,818,-37,-72,163.8802083,91.6588527,3.600447729,5,955.1016828
Percilia gillissi,3,818,-37,-72,163.8802083,91.6588527,3.600447729,5,955.1016828
Percilia gillissi,3,8538,-40,-73,45.85964912,187.1979198,11.39652594,3,971.5374943
Percilia gillissi,1,6733,-39,-73,86.61666667,134.1309531,6.433685386,6,2359.225673
Percilia gillissi,4,644,-37,-72,165.7529412,94.2245101,4.587652144,3,656.0660846
Percilia gillissi,1,8507,-40,-73,38.5,185.2833344,2.664263362,4,971.5374943
Percilia gillissi,3,8530,-40,-73,110.9545455,194.9500031,25.84003993,3,971.5374943
Percilia gillissi,2,5717,-36,-72,89.8125,73.93333588,3.637341519,6,3290.497922
Percilia gillissi,2,5717,-36,-72,89.8125,73.93333588,3.637341519,6,3290.497922
Percilia gillissi,2,5717,-36,-72,89.8125,73.93333588,3.637341519,6,3290.497922
Percilia gillissi,3,5756,-36,-72,109.3333333,75.56666718,4.452714519,4,257.240611
Percilia gillissi,3,8536,-40,-73,50.04424779,189.2916641,13.57040073,3,971.5374943
Percilia gillissi,3,8536,-40,-73,50.04424779,189.2916641,13.57040073,3,971.5374943
Percilia gillissi,3,5756,-36,-72,109.3333333,75.56666718,4.452714519,4,257.240611
Percilia gillissi,3,5756,-36,-72,109.3333333,75.56666718,4.452714519,4,257.240611
Percilia gillissi,2,3708,-35,-71,146.7207207,64.8333346,2.378894906,6,1544.312195
Percilia gillissi,1,6733,-39,-73,86.61666667,134.1309531,6.433685386,6,2359.225673
Percilia gillissi,2,8539,-40,-73,44.54807692,186.6944453,11.19482029,3,971.5374943
Percilia gillissi,3,818,-37,-72,163.8802083,91.6588527,3.600447729,5,955.1016828
Percilia gillissi,4,644,-37,-72,165.7529412,94.2245101,4.587652144,3,656.0660846
Percilia gillissi,3,818,-37,-72,163.8802083,91.6588527,3.600447729,5,955.1016828
Percilia gillissi,1,6733,-39,-73,86.61666667,134.1309531,6.433685386,6,2359.225673
Percilia gillissi,3,8539,-40,-73,44.54807692,186.6944453,11.19482029,3,971.5374943
Percilia gillissi,3,8539,-40,-73,44.54807692,186.6944453,11.19482029,3,971.5374943
Percilia gillissi,3,818,-37,-72,163.8802083,91.6588527,3.600447729,5,955.1016828
Percilia gillissi,3,8507,-40,-73,38.5,185.2833344,2.664263362,4,971.5374943
Percilia gillissi,1,8536,-40,-73,50.04424779,189.2916641,13.57040073,3,971.5374943
Percilia gillissi,3,818,-37,-72,163.8802083,91.6588527,3.600447729,5,955.1016828
Percilia gillissi,3,818,-37,-72,163.8802083,91.6588527,3.600447729,5,955.1016828
Percilia gillissi,3,818,-37,-72,163.8802083,91.6588527,3.600447729,5,955.1016828
Percilia gillissi,3,818,-37,-72,163.8802083,91.6588527,3.600447729,5,955.1016828
Percilia gillissi,3,818,-37,-72,163.8802083,91.6588527,3.600447729,5,955.1016828
Percilia gillissi,2,8536,-40,-73,50.04424779,189.2916641,13.57040073,3,971.5374943
Percilia gillissi,1,6150,-35,-72,54.2,70.59523664,6.287205955,5,1275.259419
Percilia gillissi,3,8538,-40,-73,45.85964912,187.1979198,11.39652594,3,971.5374943
Percilia gillissi,3,8538,-40,-73,45.85964912,187.1979198,11.39652594,3,971.5374943
Percilia gillissi,3,8538,-40,-73,45.85964912,187.1979198,11.39652594,3,971.5374943
Percilia gillissi,2,8507,-40,-73,38.5,185.2833344,2.664263362,4,971.5374943
Percilia gillissi,1,6150,-35,-72,54.2,70.59523664,6.287205955,5,1275.259419
Percilia gillissi,2,8507,-40,-73,38.5,185.2833344,2.664263362,4,971.5374943
Percilia gillissi,3,818,-37,-72,163.8802083,91.6588527,3.600447729,5,955.1016828
Percilia gillissi,3,818,-37,-72,163.8802083,91.6588527,3.600447729,5,955.1016828
Percilia gillissi,3,818,-37,-72,163.8802083,91.6588527,3.600447729,5,955.1016828
Percilia gillissi,4,6187,-35,-72,34.48484848,70.86666718,4.428001112,7,5570.866652
Percilia gillissi,3,818,-37,-72,163.8802083,91.6588527,3.600447729,5,955.1016828
Percilia gillissi,3,818,-37,-72,163.8802083,91.6588527,3.600447729,5,955.1016828
Percilia gillissi,3,8538,-40,-73,45.85964912,187.1979198,11.39652594,3,971.5374943
Percilia gillissi,3,818,-37,-72,163.8802083,91.6588527,3.600447729,5,955.1016828
Percilia gillissi,1,6733,-39,-73,86.61666667,134.1309531,6.433685386,6,2359.225673
Percilia gillissi,1,8507,-40,-73,38.5,185.2833344,2.664263362,4,971.5374943
Percilia gillissi,2,6775,-39,-73,91.29090909,139.761904,7.73398954,4,195.4099444
Percilia gillissi,3,818,-37,-72,163.8802083,91.6588527,3.600447729,5,955.1016828
Percilia gillissi,3,8538,-40,-73,45.85964912,187.1979198,11.39652594,3,971.5374943
Percilia gillissi,2,4044,-35,-71,201.1388889,64.74999891,4.342244125,4,1544.312195
Percilia gillissi,1,8507,-40,-73,38.5,185.2833344,2.664263362,4,971.5374943
Percilia gillissi,1,8507,-40,-73,38.5,185.2833344,2.664263362,4,971.5374943
Percilia gillissi,3,818,-37,-72,163.8802083,91.6588527,3.600447729,5,955.1016828
Percilia gillissi,3,8538,-40,-73,45.85964912,187.1979198,11.39652594,3,971.5374943
Percilia gillissi,3,8538,-40,-73,45.85964912,187.1979198,11.39652594,3,971.5374943
Percilia gillissi,2,3708,-35,-71,146.7207207,64.8333346,2.378894906,6,1544.312195
Percilia gillissi,3,8536,-40,-73,50.04424779,189.2916641,13.57040073,3,971.5374943
Percilia gillissi,1,6733,-39,-73,86.61666667,134.1309531,6.433685386,6,2359.225673
Percilia gillissi,1,6733,-39,-73,86.61666667,134.1309531,6.433685386,6,2359.225673
Percilia gillissi,3,8507,-40,-73,38.5,185.2833344,2.664263362,4,971.5374943
Percilia gillissi,3,8507,-40,-73,38.5,185.2833344,2.664263362,4,971.5374943
Percilia gillissi,1,8536,-40,-73,50.04424779,189.2916641,13.57040073,3,971.5374943
Percilia gillissi,3,818,-37,-72,163.8802083,91.6588527,3.600447729,5,955.1016828
Percilia gillissi,3,818,-37,-72,163.8802083,91.6588527,3.600447729,5,955.1016828
Percilia gillissi,1,8538,-40,-73,45.85964912,187.1979198,11.39652594,3,971.5374943
Percilia gillissi,1,6733,-39,-73,86.61666667,134.1309531,6.433685386,6,2359.225673
Percilia gillissi,3,8538,-40,-73,45.85964912,187.1979198,11.39652594,3,971.5374943
Percilia gillissi,3,818,-37,-72,163.8802083,91.6588527,3.600447729,5,955.1016828
Percilia gillissi,1,8526,-40,-72,244.7747748,194.3125019,7.668742135,3,971.5374943
Percilia gillissi,1,8526,-40,-72,244.7747748,194.3125019,7.668742135,3,971.5374943
Percilia gillissi,2,8507,-40,-73,38.5,185.2833344,2.664263362,4,971.5374943
Percilia gillissi,3,818,-37,-72,163.8802083,91.6588527,3.600447729,5,955.1016828
Percilia gillissi,2,8507,-40,-73,38.5,185.2833344,2.664263362,4,971.5374943
Percilia gillissi,2,3708,-35,-71,146.7207207,64.8333346,2.378894906,6,1544.312195
Percilia gillissi,3,8538,-40,-73,45.85964912,187.1979198,11.39652594,3,971.5374943
Percilia gillissi,1,6733,-39,-73,86.61666667,134.1309531,6.433685386,6,2359.225673
Percilia gillissi,3,818,-37,-72,163.8802083,91.6588527,3.600447729,5,955.1016828
Percilia gillissi,1,6733,-39,-73,86.61666667,134.1309531,6.433685386,6,2359.225673
Percilia gillissi,2,8507,-40,-73,38.5,185.2833344,2.664263362,4,971.5374943
Percilia gillissi,2,3708,-35,-71,146.7207207,64.8333346,2.378894906,6,1544.312195
Percilia gillissi,2,5717,-36,-72,89.8125,73.93333588,3.637341519,6,3290.497922
Percilia gillissi,3,8532,-40,-73,86.31818182,192.6666667,18.40214676,3,971.5374943
Percilia gillissi,3,8532,-40,-73,86.31818182,192.6666667,18.40214676,3,971.5374943
Percilia gillissi,3,8538,-40,-73,45.85964912,187.1979198,11.39652594,3,971.5374943
Percilia gillissi,3,818,-37,-72,163.8802083,91.6588527,3.600447729,5,955.1016828
Percilia gillissi,3,8538,-40,-73,45.85964912,187.1979198,11.39652594,3,971.5374943
Percilia gillissi,3,818,-37,-72,163.8802083,91.6588527,3.600447729,5,955.1016828
Percilia gillissi,1,8536,-40,-73,50.04424779,189.2916641,13.57040073,3,971.5374943
Percilia gillissi,1,8526,-40,-72,244.7747748,194.3125019,7.668742135,3,971.5374943
Percilia gillissi,4,644,-37,-72,165.7529412,94.2245101,4.587652144,3,656.0660846
Percilia gillissi,2,8507,-40,-73,38.5,185.2833344,2.664263362,4,971.5374943
Percilia gillissi,2,6775,-39,-73,91.29090909,139.761904,7.73398954,4,195.4099444
Percilia gillissi,2,8507,-40,-73,38.5,185.2833344,2.664263362,4,971.5374943
Percilia gillissi,2,8507,-40,-73,38.5,185.2833344,2.664263362,4,971.5374943
Percilia gillissi,3,8507,-40,-73,38.5,185.2833344,2.664263362,4,971.5374943
Percilia gillissi,2,3708,-35,-71,146.7207207,64.8333346,2.378894906,6,1544.312195
Percilia gillissi,3,818,-37,-72,163.8802083,91.6588527,3.600447729,5,955.1016828
Percilia gillissi,3,818,-37,-72,163.8802083,91.6588527,3.600447729,5,955.1016828
Percilia gillissi,1,6150,-35,-72,54.2,70.59523664,6.287205955,5,1275.259419
Percilia gillissi,1,8538,-40,-73,45.85964912,187.1979198,11.39652594,3,971.5374943
Percilia gillissi,3,818,-37,-72,163.8802083,91.6588527,3.600447729,5,955.1016828
Percilia gillissi,3,818,-37,-72,163.8802083,91.6588527,3.600447729,5,955.1016828
Percilia gillissi,3,8539,-40,-73,44.54807692,186.6944453,11.19482029,3,971.5374943
Percilia gillissi,1,8526,-40,-72,244.7747748,194.3125019,7.668742135,3,971.5374943
Percilia gillissi,1,8526,-40,-72,244.7747748,194.3125019,7.668742135,3,971.5374943
Percilia gillissi,1,8526,-40,-72,244.7747748,194.3125019,7.668742135,3,971.5374943
Percilia gillissi,1,6733,-39,-73,86.61666667,134.1309531,6.433685386,6,2359.225673
Percilia gillissi,3,818,-37,-72,163.8802083,91.6588527,3.600447729,5,955.1016828
Percilia gillissi,3,818,-37,-72,163.8802083,91.6588527,3.600447729,5,955.1016828
Percilia gillissi,2,8507,-40,-73,38.5,185.2833344,2.664263362,4,971.5374943
Percilia gillissi,3,8539,-40,-73,44.54807692,186.6944453,11.19482029,3,971.5374943
Percilia gillissi,3,818,-37,-72,163.8802083,91.6588527,3.600447729,5,955.1016828
Percilia gillissi,2,5717,-36,-72,89.8125,73.93333588,3.637341519,6,3290.497922
Percilia gillissi,1,8536,-40,-73,50.04424779,189.2916641,13.57040073,3,971.5374943
Percilia gillissi,3,818,-37,-72,163.8802083,91.6588527,3.600447729,5,955.1016828
Percilia gillissi,3,818,-37,-72,163.8802083,91.6588527,3.600447729,5,955.1016828
Percilia gillissi,2,8507,-40,-73,38.5,185.2833344,2.664263362,4,971.5374943
Percilia gillissi,3,8538,-40,-73,45.85964912,187.1979198,11.39652594,3,971.5374943
Percilia gillissi,3,818,-37,-72,163.8802083,91.6588527,3.600447729,5,955.1016828
Percilia gillissi,3,818,-37,-72,163.8802083,91.6588527,3.600447729,5,955.1016828
Percilia gillissi,2,6775,-39,-73,91.29090909,139.761904,7.73398954,4,195.4099444
Percilia gillissi,3,818,-37,-72,163.8802083,91.6588527,3.600447729,5,955.1016828
Percilia gillissi,2,3708,-35,-71,146.7207207,64.8333346,2.378894906,6,1544.312195
Percilia gillissi,2,8536,-40,-73,50.04424779,189.2916641,13.57040073,3,971.5374943
Percilia gillissi,1,8526,-40,-72,244.7747748,194.3125019,7.668742135,3,971.5374943
Percilia gillissi,3,818,-37,-72,163.8802083,91.6588527,3.600447729,5,955.1016828
Percilia gillissi,3,8538,-40,-73,45.85964912,187.1979198,11.39652594,3,971.5374943
Percilia gillissi,3,818,-37,-72,163.8802083,91.6588527,3.600447729,5,955.1016828
Percilia gillissi,3,818,-37,-72,163.8802083,91.6588527,3.600447729,5,955.1016828
Percilia gillissi,3,818,-37,-72,163.8802083,91.6588527,3.600447729,5,955.1016828
Percilia gillissi,2,8538,-40,-73,45.85964912,187.1979198,11.39652594,3,971.5374943
Percilia gillissi,3,8536,-40,-73,50.04424779,189.2916641,13.57040073,3,971.5374943
Percilia gillissi,1,6733,-39,-73,86.61666667,134.1309531,6.433685386,6,2359.225673
Percilia gillissi,2,8507,-40,-73,38.5,185.2833344,2.664263362,4,971.5374943
Percilia gillissi,2,6775,-39,-73,91.29090909,139.761904,7.73398954,4,195.4099444
Percilia gillissi,3,5243,-39,-72,134,134.3333333,3.894006396,5,628.0236726
Percilia gillissi,3,8507,-40,-73,38.5,185.2833344,2.664263362,4,971.5374943
Percilia gillissi,3,818,-37,-72,163.8802083,91.6588527,3.600447729,5,955.1016828
Percilia gillissi,3,818,-37,-72,163.8802083,91.6588527,3.600447729,5,955.1016828
Percilia gillissi,3,818,-37,-72,163.8802083,91.6588527,3.600447729,5,955.1016828
Percilia gillissi,3,8507,-40,-73,38.5,185.2833344,2.664263362,4,971.5374943
Percilia gillissi,3,8538,-40,-73,45.85964912,187.1979198,11.39652594,3,971.5374943
Percilia gillissi,3,818,-37,-72,163.8802083,91.6588527,3.600447729,5,955.1016828
Percilia gillissi,2,6775,-39,-73,91.29090909,139.761904,7.73398954,4,195.4099444
Percilia gillissi,4,644,-37,-72,165.7529412,94.2245101,4.587652144,3,656.0660846
Percilia gillissi,4,644,-37,-72,165.7529412,94.2245101,4.587652144,3,656.0660846
Percilia gillissi,2,8507,-40,-73,38.5,185.2833344,2.664263362,4,971.5374943
Percilia gillissi,3,818,-37,-72,163.8802083,91.6588527,3.600447729,5,955.1016828
Percilia gillissi,3,818,-37,-72,163.8802083,91.6588527,3.600447729,5,955.1016828
Percilia gillissi,3,818,-37,-72,163.8802083,91.6588527,3.600447729,5,955.1016828
Percilia gillissi,2,4044,-35,-71,201.1388889,64.74999891,4.342244125,4,1544.312195
Percilia gillissi,1,8507,-40,-73,38.5,185.2833344,2.664263362,4,971.5374943
Percilia gillissi,3,818,-37,-72,163.8802083,91.6588527,3.600447729,5,955.1016828
Percilia gillissi,3,818,-37,-72,163.8802083,91.6588527,3.600447729,5,955.1016828
Percilia gillissi,1,8536,-40,-73,50.04424779,189.2916641,13.57040073,3,971.5374943
Percilia gillissi,3,818,-37,-72,163.8802083,91.6588527,3.600447729,5,955.1016828
Percilia gillissi,3,818,-37,-72,163.8802083,91.6588527,3.600447729,5,955.1016828
Percilia gillissi,2,8536,-40,-73,50.04424779,189.2916641,13.57040073,3,971.5374943
Percilia gillissi,3,8539,-40,-73,44.54807692,186.6944453,11.19482029,3,971.5374943
Percilia gillissi,3,818,-37,-72,163.8802083,91.6588527,3.600447729,5,955.1016828
Percilia gillissi,3,8507,-40,-73,38.5,185.2833344,2.664263362,4,971.5374943
Percilia gillissi,3,8536,-40,-73,50.04424779,189.2916641,13.57040073,3,971.5374943
Percilia gillissi,4,644,-37,-72,165.7529412,94.2245101,4.587652144,3,656.0660846
Percilia gillissi,3,818,-37,-72,163.8802083,91.6588527,3.600447729,5,955.1016828
Percilia gillissi,3,818,-37,-72,163.8802083,91.6588527,3.600447729,5,955.1016828
Percilia gillissi,3,818,-37,-72,163.8802083,91.6588527,3.600447729,5,955.1016828
Percilia gillissi,3,8507,-40,-73,38.5,185.2833344,2.664263362,4,971.5374943
Percilia gillissi,1,8507,-40,-73,38.5,185.2833344,2.664263362,4,971.5374943
Percilia gillissi,2,4044,-35,-71,201.1388889,64.74999891,4.342244125,4,1544.312195
Percilia gillissi,1,8507,-40,-73,38.5,185.2833344,2.664263362,4,971.5374943
Percilia gillissi,3,8539,-40,-73,44.54807692,186.6944453,11.19482029,3,971.5374943
Percilia gillissi,3,818,-37,-72,163.8802083,91.6588527,3.600447729,5,955.1016828
Percilia gillissi,2,6775,-39,-73,91.29090909,139.761904,7.73398954,4,195.4099444
Percilia gillissi,2,8536,-40,-73,50.04424779,189.2916641,13.57040073,3,971.5374943
Percilia gillissi,3,8507,-40,-73,38.5,185.2833344,2.664263362,4,971.5374943
Percilia gillissi,3,818,-37,-72,163.8802083,91.6588527,3.600447729,5,955.1016828
Percilia gillissi,3,818,-37,-72,163.8802083,91.6588527,3.600447729,5,955.1016828
Percilia gillissi,2,6775,-39,-73,91.29090909,139.761904,7.73398954,4,195.4099444
Percilia gillissi,2,6775,-39,-73,91.29090909,139.761904,7.73398954,4,195.4099444
Percilia gillissi,3,8507,-40,-73,38.5,185.2833344,2.664263362,4,971.5374943
Percilia gillissi,3,8539,-40,-73,44.54807692,186.6944453,11.19482029,3,971.5374943
Percilia gillissi,3,8538,-40,-73,45.85964912,187.1979198,11.39652594,3,971.5374943
Percilia gillissi,3,8538,-40,-73,45.85964912,187.1979198,11.39652594,3,971.5374943
Percilia gillissi,3,8538,-40,-73,45.85964912,187.1979198,11.39652594,3,971.5374943
Percilia gillissi,3,8538,-40,-73,45.85964912,187.1979198,11.39652594,3,971.5374943
Percilia gillissi,3,818,-37,-72,163.8802083,91.6588527,3.600447729,5,955.1016828
Percilia gillissi,3,818,-37,-72,163.8802083,91.6588527,3.600447729,5,955.1016828
Percilia gillissi,3,818,-37,-72,163.8802083,91.6588527,3.600447729,5,955.1016828
Percilia gillissi,3,818,-37,-72,163.8802083,91.6588527,3.600447729,5,955.1016828
Percilia gillissi,3,8538,-40,-73,45.85964912,187.1979198,11.39652594,3,971.5374943
Percilia gillissi,1,6733,-39,-73,86.61666667,134.1309531,6.433685386,6,2359.225673
Percilia gillissi,1,6733,-39,-73,86.61666667,134.1309531,6.433685386,6,2359.225673
Percilia gillissi,1,6733,-39,-73,86.61666667,134.1309531,6.433685386,6,2359.225673
Percilia gillissi,2,6775,-39,-73,91.29090909,139.761904,7.73398954,4,195.4099444
Percilia gillissi,3,8536,-40,-73,50.04424779,189.2916641,13.57040073,3,971.5374943
Percilia gillissi,3,8539,-40,-73,44.54807692,186.6944453,11.19482029,3,971.5374943
Percilia gillissi,3,8539,-40,-73,44.54807692,186.6944453,11.19482029,3,971.5374943
Percilia gillissi,3,818,-37,-72,163.8802083,91.6588527,3.600447729,5,955.1016828
Percilia gillissi,3,8538,-40,-73,45.85964912,187.1979198,11.39652594,3,971.5374943
Percilia gillissi,1,6733,-39,-73,86.61666667,134.1309531,6.433685386,6,2359.225673
Percilia gillissi,3,8539,-40,-73,44.54807692,186.6944453,11.19482029,3,971.5374943
Percilia gillissi,3,818,-37,-72,163.8802083,91.6588527,3.600447729,5,955.1016828
Percilia gillissi,3,8539,-40,-73,44.54807692,186.6944453,11.19482029,3,971.5374943
Percilia gillissi,2,8536,-40,-73,50.04424779,189.2916641,13.57040073,3,971.5374943
Percilia gillissi,2,5717,-36,-72,89.8125,73.93333588,3.637341519,6,3290.497922
Percilia gillissi,3,818,-37,-72,163.8802083,91.6588527,3.600447729,5,955.1016828
Percilia gillissi,1,6733,-39,-73,86.61666667,134.1309531,6.433685386,6,2359.225673
Percilia gillissi,3,8539,-40,-73,44.54807692,186.6944453,11.19482029,3,971.5374943
Percilia gillissi,3,8539,-40,-73,44.54807692,186.6944453,11.19482029,3,971.5374943
Percilia gillissi,3,818,-37,-72,163.8802083,91.6588527,3.600447729,5,955.1016828
Percilia gillissi,2,3610,-34,-71,162.90625,43.16341121,5.718709548,2,1750.389286
Percilia gillissi,3,818,-37,-72,163.8802083,91.6588527,3.600447729,5,955.1016828
Percilia gillissi,3,8538,-40,-73,45.85964912,187.1979198,11.39652594,3,971.5374943
Percilia gillissi,3,8536,-40,-73,50.04424779,189.2916641,13.57040073,3,971.5374943
Percilia gillissi,3,818,-37,-72,163.8802083,91.6588527,3.600447729,5,955.1016828
Percilia gillissi,1,6733,-39,-73,86.61666667,134.1309531,6.433685386,6,2359.225673
Percilia gillissi,1,8527,-40,-72,127.3928571,193.9722214,16.10434568,3,971.5374943
Percilia gillissi,3,818,-37,-72,163.8802083,91.6588527,3.600447729,5,955.1016828
Percilia gillissi,1,6733,-39,-73,86.61666667,134.1309531,6.433685386,6,2359.225673
Percilia gillissi,3,8539,-40,-73,44.54807692,186.6944453,11.19482029,3,971.5374943
Percilia gillissi,1,6733,-39,-73,86.61666667,134.1309531,6.433685386,6,2359.225673
Percilia gillissi,3,8538,-40,-73,45.85964912,187.1979198,11.39652594,3,971.5374943
Percilia gillissi,3,818,-37,-72,163.8802083,91.6588527,3.600447729,5,955.1016828
Percilia gillissi,1,8530,-40,-73,110.9545455,194.9500031,25.84003993,3,971.5374943
Percilia gillissi,3,8536,-40,-73,50.04424779,189.2916641,13.57040073,3,971.5374943
Percilia gillissi,1,6733,-39,-73,86.61666667,134.1309531,6.433685386,6,2359.225673
Percilia gillissi,3,8539,-40,-73,44.54807692,186.6944453,11.19482029,3,971.5374943
Percilia gillissi,3,5372,-35,-72,28.65137615,69.65,4.354146694,7,5570.866652
Percilia gillissi,3,8539,-40,-73,44.54807692,186.6944453,11.19482029,3,971.5374943
Percilia gillissi,3,818,-37,-72,163.8802083,91.6588527,3.600447729,5,955.1016828
Percilia gillissi,3,8536,-40,-73,50.04424779,189.2916641,13.57040073,3,971.5374943
Percilia gillissi,3,8538,-40,-73,45.85964912,187.1979198,11.39652594,3,971.5374943
Percilia gillissi,3,5372,-35,-72,28.65137615,69.65,4.354146694,7,5570.866652
Percilia gillissi,2,8538,-40,-73,45.85964912,187.1979198,11.39652594,3,971.5374943
Percilia gillissi,3,818,-37,-72,163.8802083,91.6588527,3.600447729,5,955.1016828
Percilia gillissi,3,818,-37,-72,163.8802083,91.6588527,3.600447729,5,955.1016828
Percilia gillissi,3,818,-37,-72,163.8802083,91.6588527,3.600447729,5,955.1016828
Percilia gillissi,1,8507,-40,-73,38.5,185.2833344,2.664263362,4,971.5374943
Percilia gillissi,3,818,-37,-72,163.8802083,91.6588527,3.600447729,5,955.1016828
Percilia gillissi,1,8527,-40,-72,127.3928571,193.9722214,16.10434568,3,971.5374943
Percilia gillissi,3,8539,-40,-73,44.54807692,186.6944453,11.19482029,3,971.5374943
Percilia gillissi,1,8530,-40,-73,110.9545455,194.9500031,25.84003993,3,971.5374943
Percilia gillissi,2,8538,-40,-73,45.85964912,187.1979198,11.39652594,3,971.5374943
Percilia gillissi,3,8538,-40,-73,45.85964912,187.1979198,11.39652594,3,971.5374943
Percilia gillissi,1,8527,-40,-72,127.3928571,193.9722214,16.10434568,3,971.5374943
Percilia gillissi,2,8538,-40,-73,45.85964912,187.1979198,11.39652594,3,971.5374943
Percilia gillissi,3,818,-37,-72,163.8802083,91.6588527,3.600447729,5,955.1016828
Percilia irwini,3,1563,-38,-72,161.2708333,108.7996618,3.086832117,4,419.5884732
Percilia irwini,3,1563,-38,-72,161.2708333,108.7996618,3.086832117,4,419.5884732
Percilia irwini,1,1524,-37,-73,74.05737705,102.6450002,1.207989798,6,3526.717392
Percilia irwini,1,1760,-38,-73,79.125,103.338334,1.344648499,6,6261.697266
Percilia irwini,12,1916,-37,-72,369.6431535,113.0148534,4.216141644,5,967.7092813
Percilia irwini,12,1916,-37,-72,369.6431535,113.0148534,4.216141644,5,967.7092813
Percilia irwini,12,1916,-37,-72,369.6431535,113.0148534,4.216141644,5,967.7092813
Percilia irwini,1,1524,-37,-73,74.05737705,102.6450002,1.207989798,6,3526.717392
Percilia irwini,1,1760,-38,-73,79.125,103.338334,1.344648499,6,6261.697266
Percilia irwini,1,1172,-38,-72,256.4545455,122.4354573,1.286548742,6,3019.392631
Percilia irwini,1,1760,-38,-73,79.125,103.338334,1.344648499,6,6261.697266
Percilia irwini,1,1172,-38,-72,256.4545455,122.4354573,1.286548742,6,3019.392631
Percilia irwini,2,1919,-37,-72,325.7125984,112.264937,2.674051057,5,967.7092813
Percilia irwini,3,1385,-38,-72,117.0362694,101.5833359,1.895766663,6,3526.717392
Percilia irwini,1,1524,-37,-73,74.05737705,102.6450002,1.207989798,6,3526.717392
Percilia irwini,1,1353,-38,-72,357.6867925,140.7681836,6.289933997,4,3019.392631
Percilia irwini,1,1172,-38,-72,256.4545455,122.4354573,1.286548742,6,3019.392631
Percilia irwini,2,1919,-37,-72,325.7125984,112.264937,2.674051057,5,967.7092813
Percilia irwini,1,1353,-38,-72,357.6867925,140.7681836,6.289933997,4,3019.392631
Percilia irwini,2,1916,-37,-72,369.6431535,113.0148534,4.216141644,5,967.7092813
Percilia irwini,1,2062,-38,-72,298.8237548,132.9436729,13.7936481,6,3019.392631
Percilia irwini,1,1524,-37,-73,74.05737705,102.6450002,1.207989798,6,3526.717392
Percilia irwini,1,1760,-38,-73,79.125,103.338334,1.344648499,6,6261.697266
Percilia irwini,2,1919,-37,-72,325.7125984,112.264937,2.674051057,5,967.7092813
Percilia irwini,1,1524,-37,-73,74.05737705,102.6450002,1.207989798,6,3526.717392
Percilia irwini,1,1524,-37,-73,74.05737705,102.6450002,1.207989798,6,3526.717392
Percilia irwini,2,1916,-37,-72,369.6431535,113.0148534,4.216141644,5,967.7092813
Percilia irwini,1,1524,-37,-73,74.05737705,102.6450002,1.207989798,6,3526.717392
Percilia irwini,4,1524,-37,-73,74.05737705,102.6450002,1.207989798,6,3526.717392
Percilia irwini,1,1525,-37,-73,75.06299213,103.4748428,1.291669373,6,3526.717392
Percilia irwini,3,1608,-38,-73,87.00401606,100.1915891,1,5,154.1941464
Percilia irwini,1,1524,-37,-73,74.05737705,102.6450002,1.207989798,6,3526.717392
Percilia irwini,1,1525,-37,-73,75.06299213,103.4748428,1.291669373,6,3526.717392
Percilia irwini,1,2063,-38,-72,290.1971831,129.7125486,1.974997731,6,3019.392631
Percilia irwini,1,1525,-37,-73,75.06299213,103.4748428,1.291669373,6,3526.717392
Percilia irwini,4,2270,-38,-72,416.0440252,176.5795445,2.294542228,4,3019.392631
Percilia irwini,4,2270,-38,-72,416.0440252,176.5795445,2.294542228,4,3019.392631
Percilia irwini,12,1916,-37,-72,369.6431535,113.0148534,4.216141644,5,967.7092813
Percilia irwini,4,2270,-38,-72,416.0440252,176.5795445,2.294542228,4,3019.392631
Percilia irwini,1,1524,-37,-73,74.05737705,102.6450002,1.207989798,6,3526.717392
Percilia irwini,1,1524,-37,-73,74.05737705,102.6450002,1.207989798,6,3526.717392
Percilia irwini,2,1919,-37,-72,325.7125984,112.264937,2.674051057,5,967.7092813
Percilia irwini,1,1524,-37,-73,74.05737705,102.6450002,1.207989798,6,3526.717392
Percilia irwini,12,1916,-37,-72,369.6431535,113.0148534,4.216141644,5,967.7092813
Percilia irwini,1,1353,-38,-72,357.6867925,140.7681836,6.289933997,4,3019.392631
Percilia irwini,1,1524,-37,-73,74.05737705,102.6450002,1.207989798,6,3526.717392
Percilia irwini,1,1525,-37,-73,75.06299213,103.4748428,1.291669373,6,3526.717392
Percilia irwini,1,1525,-37,-73,75.06299213,103.4748428,1.291669373,6,3526.717392
Percilia irwini,1,1525,-37,-73,75.06299213,103.4748428,1.291669373,6,3526.717392
Percilia irwini,1,1760,-38,-73,79.125,103.338334,1.344648499,6,6261.697266
Percilia irwini,1,1525,-37,-73,75.06299213,103.4748428,1.291669373,6,3526.717392
Percilia irwini,1,1172,-38,-72,256.4545455,122.4354573,1.286548742,6,3019.392631
Percilia irwini,4,1524,-37,-73,74.05737705,102.6450002,1.207989798,6,3526.717392
Percilia irwini,1,1525,-37,-73,75.06299213,103.4748428,1.291669373,6,3526.717392
Percilia irwini,4,1524,-37,-73,74.05737705,102.6450002,1.207989798,6,3526.717392
Percilia irwini,1,1524,-37,-73,74.05737705,102.6450002,1.207989798,6,3526.717392
Percilia irwini,3,1608,-38,-73,87.00401606,100.1915891,1,5,154.1941464
Percilia irwini,1,1525,-37,-73,75.06299213,103.4748428,1.291669373,6,3526.717392
Percilia irwini,1,1760,-38,-73,79.125,103.338334,1.344648499,6,6261.697266
Percilia irwini,1,1524,-37,-73,74.05737705,102.6450002,1.207989798,6,3526.717392
Percilia irwini,1,1760,-38,-73,79.125,103.338334,1.344648499,6,6261.697266
Percilia irwini,12,1918,-37,-72,338.9216418,111.7864594,2.509841725,5,967.7092813
Percilia irwini,12,1918,-37,-72,338.9216418,111.7864594,2.509841725,5,967.7092813
Percilia irwini,1,1525,-37,-73,75.06299213,103.4748428,1.291669373,6,3526.717392
Percilia irwini,1,1524,-37,-73,74.05737705,102.6450002,1.207989798,6,3526.717392
Percilia irwini,1,2067,-38,-72,264.8429119,123.1311731,1.984076042,6,3019.392631
Percilia irwini,2,1919,-37,-72,325.7125984,112.264937,2.674051057,5,967.7092813
Percilia irwini,1,1173,-38,-72,241.6390977,120.9665176,2.296090808,6,3526.717392
Percilia irwini,4,2270,-38,-72,416.0440252,176.5795445,2.294542228,4,3019.392631
Percilia irwini,1,1524,-37,-73,74.05737705,102.6450002,1.207989798,6,3526.717392
Percilia irwini,4,1524,-37,-73,74.05737705,102.6450002,1.207989798,6,3526.717392
Percilia irwini,1,1525,-37,-73,75.06299213,103.4748428,1.291669373,6,3526.717392
Percilia irwini,1,1760,-38,-73,79.125,103.338334,1.344648499,6,6261.697266
Percilia irwini,4,2270,-38,-72,416.0440252,176.5795445,2.294542228,4,3019.392631
Percilia irwini,3,1921,-37,-72,308.4888889,113.9680038,3.428372948,5,967.7092813
Percilia irwini,1,1525,-37,-73,75.06299213,103.4748428,1.291669373,6,3526.717392
Percilia irwini,1,2067,-38,-72,264.8429119,123.1311731,1.984076042,6,3019.392631
Percilia irwini,1,1353,-38,-72,357.6867925,140.7681836,6.289933997,4,3019.392631
Percilia irwini,1,1760,-38,-73,79.125,103.338334,1.344648499,6,6261.697266
Percilia irwini,2,1916,-37,-72,369.6431535,113.0148534,4.216141644,5,967.7092813
Percilia irwini,1,1524,-37,-73,74.05737705,102.6450002,1.207989798,6,3526.717392
Percilia irwini,3,1174,-38,-72,187.8987854,111.7043264,1.16080209,6,3526.717392
Percilia irwini,1,1525,-37,-73,75.06299213,103.4748428,1.291669373,6,3526.717392
Percilia irwini,1,1760,-38,-73,79.125,103.338334,1.344648499,6,6261.697266
Percilia irwini,4,1760,-38,-73,79.125,103.338334,1.344648499,6,6261.697266
Percilia irwini,2,1916,-37,-72,369.6431535,113.0148534,4.216141644,5,967.7092813
Percilia irwini,1,1760,-38,-73,79.125,103.338334,1.344648499,6,6261.697266
Percilia irwini,2,1918,-37,-72,338.9216418,111.7864594,2.509841725,5,967.7092813
Percilia irwini,3,1921,-37,-72,308.4888889,113.9680038,3.428372948,5,967.7092813
Percilia irwini,3,1921,-37,-72,308.4888889,113.9680038,3.428372948,5,967.7092813
Percilia irwini,2,1916,-37,-72,369.6431535,113.0148534,4.216141644,5,967.7092813
Percilia irwini,2,1919,-37,-72,325.7125984,112.264937,2.674051057,5,967.7092813
Percilia irwini,4,2270,-38,-72,416.0440252,176.5795445,2.294542228,4,3019.392631
Percilia irwini,1,1760,-38,-73,79.125,103.338334,1.344648499,6,6261.697266
Percilia irwini,1,1524,-37,-73,74.05737705,102.6450002,1.207989798,6,3526.717392
Percilia irwini,3,1385,-38,-72,117.0362694,101.5833359,1.895766663,6,3526.717392
Percilia irwini,2,1919,-37,-72,325.7125984,112.264937,2.674051057,5,967.7092813
Percilia irwini,1,1525,-37,-73,75.06299213,103.4748428,1.291669373,6,3526.717392
Percilia irwini,3,1174,-38,-72,187.8987854,111.7043264,1.16080209,6,3526.717392
Percilia irwini,12,1918,-37,-72,338.9216418,111.7864594,2.509841725,5,967.7092813
Percilia irwini,1,1353,-38,-72,357.6867925,140.7681836,6.289933997,4,3019.392631
Percilia irwini,3,1174,-38,-72,187.8987854,111.7043264,1.16080209,6,3526.717392
Percilia irwini,4,2270,-38,-72,416.0440252,176.5795445,2.294542228,4,3019.392631
Percilia irwini,1,1760,-38,-73,79.125,103.338334,1.344648499,6,6261.697266
Percilia irwini,1,1760,-38,-73,79.125,103.338334,1.344648499,6,6261.697266
Percilia irwini,1,1524,-37,-73,74.05737705,102.6450002,1.207989798,6,3526.717392
Percilia irwini,3,1921,-37,-72,308.4888889,113.9680038,3.428372948,5,967.7092813
Percilia irwini,3,1921,-37,-72,308.4888889,113.9680038,3.428372948,5,967.7092813
Percilia irwini,3,1174,-38,-72,187.8987854,111.7043264,1.16080209,6,3526.717392
Percilia irwini,1,1525,-37,-73,75.06299213,103.4748428,1.291669373,6,3526.717392
Percilia irwini,1,1524,-37,-73,74.05737705,102.6450002,1.207989798,6,3526.717392
Percilia irwini,1,1760,-38,-73,79.125,103.338334,1.344648499,6,6261.697266
Percilia irwini,3,1608,-38,-73,87.00401606,100.1915891,1,5,154.1941464
Percilia irwini,1,1172,-38,-72,256.4545455,122.4354573,1.286548742,6,3019.392631
Percilia irwini,3,1174,-38,-72,187.8987854,111.7043264,1.16080209,6,3526.717392
Percilia irwini,2,1916,-37,-72,369.6431535,113.0148534,4.216141644,5,967.7092813
Percilia irwini,1,1342,-38,-72,366.6785714,158.8839576,5.299810607,6,3019.392631
Percilia irwini,1,1525,-37,-73,75.06299213,103.4748428,1.291669373,6,3526.717392
Percilia irwini,1,1525,-37,-73,75.06299213,103.4748428,1.291669373,6,3526.717392
Percilia irwini,1,1525,-37,-73,75.06299213,103.4748428,1.291669373,6,3526.717392
Percilia irwini,1,1525,-37,-73,75.06299213,103.4748428,1.291669373,6,3526.717392
Percilia irwini,1,1525,-37,-73,75.06299213,103.4748428,1.291669373,6,3526.717392
Percilia irwini,1,1525,-37,-73,75.06299213,103.4748428,1.291669373,6,3526.717392
Percilia irwini,1,2062,-38,-72,298.8237548,132.9436729,13.7936481,6,3019.392631
Percilia irwini,1,2062,-38,-72,298.8237548,132.9436729,13.7936481,6,3019.392631
Percilia irwini,1,1525,-37,-73,75.06299213,103.4748428,1.291669373,6,3526.717392
Percilia irwini,3,1385,-38,-72,117.0362694,101.5833359,1.895766663,6,3526.717392
Percilia irwini,1,1525,-37,-73,75.06299213,103.4748428,1.291669373,6,3526.717392
Percilia irwini,3,1174,-38,-72,187.8987854,111.7043264,1.16080209,6,3526.717392
Percilia irwini,3,1174,-38,-72,187.8987854,111.7043264,1.16080209,6,3526.717392
Percilia irwini,4,2270,-38,-72,416.0440252,176.5795445,2.294542228,4,3019.392631
Percilia irwini,1,1172,-38,-72,256.4545455,122.4354573,1.286548742,6,3019.392631
Percilia irwini,3,1174,-38,-72,187.8987854,111.7043264,1.16080209,6,3526.717392
Percilia irwini,1,1760,-38,-73,79.125,103.338334,1.344648499,6,6261.697266
Percilia irwini,1,1353,-38,-72,357.6867925,140.7681836,6.289933997,4,3019.392631
Percilia irwini,1,1525,-37,-73,75.06299213,103.4748428,1.291669373,6,3526.717392
Percilia irwini,2,1919,-37,-72,325.7125984,112.264937,2.674051057,5,967.7092813
Percilia irwini,1,1524,-37,-73,74.05737705,102.6450002,1.207989798,6,3526.717392
Percilia irwini,1,1524,-37,-73,74.05737705,102.6450002,1.207989798,6,3526.717392
Percilia irwini,1,1525,-37,-73,75.06299213,103.4748428,1.291669373,6,3526.717392
Percilia irwini,1,1524,-37,-73,74.05737705,102.6450002,1.207989798,6,3526.717392
Percilia irwini,1,2063,-38,-72,290.1971831,129.7125486,1.974997731,6,3019.392631
Percilia irwini,1,1172,-38,-72,256.4545455,122.4354573,1.286548742,6,3019.392631
Percilia irwini,1,1525,-37,-73,75.06299213,103.4748428,1.291669373,6,3526.717392
Percilia irwini,1,1525,-37,-73,75.06299213,103.4748428,1.291669373,6,3526.717392
Percilia irwini,1,1353,-38,-72,357.6867925,140.7681836,6.289933997,4,3019.392631
Percilia irwini,4,1524,-37,-73,74.05737705,102.6450002,1.207989798,6,3526.717392
Percilia irwini,1,1760,-38,-73,79.125,103.338334,1.344648499,6,6261.697266
Percilia irwini,4,1524,-37,-73,74.05737705,102.6450002,1.207989798,6,3526.717392
Percilia irwini,2,1933,-37,-72,178.921875,105.1404316,4.258407648,5,967.7092813
Percilia irwini,12,1916,-37,-72,369.6431535,113.0148534,4.216141644,5,967.7092813
Percilia irwini,1,2067,-38,-72,264.8429119,123.1311731,1.984076042,6,3019.392631
Percilia irwini,12,1919,-37,-72,325.7125984,112.264937,2.674051057,5,967.7092813
Percilia irwini,12,1916,-37,-72,369.6431535,113.0148534,4.216141644,5,967.7092813
Percilia irwini,1,1525,-37,-73,75.06299213,103.4748428,1.291669373,6,3526.717392
Percilia irwini,1,1342,-38,-72,366.6785714,158.8839576,5.299810607,6,3019.392631
Percilia irwini,1,1342,-38,-72,366.6785714,158.8839576,5.299810607,6,3019.392631
Percilia irwini,1,1524,-37,-73,74.05737705,102.6450002,1.207989798,6,3526.717392
Percilia irwini,1,1524,-37,-73,74.05737705,102.6450002,1.207989798,6,3526.717392
Percilia irwini,1,1524,-37,-73,74.05737705,102.6450002,1.207989798,6,3526.717392
Percilia irwini,1,1524,-37,-73,74.05737705,102.6450002,1.207989798,6,3526.717392
Percilia irwini,12,1916,-37,-72,369.6431535,113.0148534,4.216141644,5,967.7092813
Percilia irwini,12,1916,-37,-72,369.6431535,113.0148534,4.216141644,5,967.7092813
Percilia irwini,12,1916,-37,-72,369.6431535,113.0148534,4.216141644,5,967.7092813
Percilia irwini,12,1916,-37,-72,369.6431535,113.0148534,4.216141644,5,967.7092813
Percilia irwini,1,2064,-38,-72,282.364486,128.6732224,3.156730716,6,3019.392631
Percilia irwini,12,1916,-37,-72,369.6431535,113.0148534,4.216141644,5,967.7092813
Percilia irwini,12,1916,-37,-72,369.6431535,113.0148534,4.216141644,5,967.7092813
Percilia irwini,1,1525,-37,-73,75.06299213,103.4748428,1.291669373,6,3526.717392
Percilia irwini,1,2067,-38,-72,264.8429119,123.1311731,1.984076042,6,3019.392631
Percilia irwini,12,1918,-37,-72,338.9216418,111.7864594,2.509841725,5,967.7092813
Percilia irwini,3,1174,-38,-72,187.8987854,111.7043264,1.16080209,6,3526.717392
Percilia irwini,3,1174,-38,-72,187.8987854,111.7043264,1.16080209,6,3526.717392
Percilia irwini,4,2270,-38,-72,416.0440252,176.5795445,2.294542228,4,3019.392631
Percilia irwini,4,2270,-38,-72,416.0440252,176.5795445,2.294542228,4,3019.392631
Percilia irwini,3,1174,-38,-72,187.8987854,111.7043264,1.16080209,6,3526.717392
Percilia irwini,3,1174,-38,-72,187.8987854,111.7043264,1.16080209,6,3526.717392
Percilia irwini,1,1172,-38,-72,256.4545455,122.4354573,1.286548742,6,3019.392631
Percilia irwini,2,1919,-37,-72,325.7125984,112.264937,2.674051057,5,967.7092813
Percilia irwini,1,1524,-37,-73,74.05737705,102.6450002,1.207989798,6,3526.717392
Percilia irwini,1,1525,-37,-73,75.06299213,103.4748428,1.291669373,6,3526.717392
Percilia irwini,1,1351,-38,-72,403.459144,142.8271616,4.5816708,3,3019.392631
Percilia irwini,2,1909,-37,-72,511.2031873,119.9583311,1.537121968,5,967.7092813
Percilia irwini,1,1342,-38,-72,366.6785714,158.8839576,5.299810607,6,3019.392631
Percilia irwini,1,1351,-38,-72,403.459144,142.8271616,4.5816708,3,3019.392631
Percilia irwini,1,2064,-38,-72,282.364486,128.6732224,3.156730716,6,3019.392631
Percilia irwini,2,1916,-37,-72,369.6431535,113.0148534,4.216141644,5,967.7092813
Percilia irwini,1,2067,-38,-72,264.8429119,123.1311731,1.984076042,6,3019.392631
Percilia irwini,1,2067,-38,-72,264.8429119,123.1311731,1.984076042,6,3019.392631
Percilia irwini,1,1342,-38,-72,366.6785714,158.8839576,5.299810607,6,3019.392631
Percilia irwini,1,1525,-37,-73,75.06299213,103.4748428,1.291669373,6,3526.717392
Percilia irwini,3,1385,-38,-72,117.0362694,101.5833359,1.895766663,6,3526.717392
Percilia irwini,1,1760,-38,-73,79.125,103.338334,1.344648499,6,6261.697266
Percilia irwini,1,1760,-38,-73,79.125,103.338334,1.344648499,6,6261.697266
Percilia irwini,4,1524,-37,-73,74.05737705,102.6450002,1.207989798,6,3526.717392
Percilia irwini,12,1916,-37,-72,369.6431535,113.0148534,4.216141644,5,967.7092813
Percilia irwini,12,1916,-37,-72,369.6431535,113.0148534,4.216141644,5,967.7092813
Percilia irwini,12,1916,-37,-72,369.6431535,113.0148534,4.216141644,5,967.7092813
Percilia irwini,12,1916,-37,-72,369.6431535,113.0148534,4.216141644,5,967.7092813
Percilia irwini,2,1918,-37,-72,338.9216418,111.7864594,2.509841725,5,967.7092813
Percilia irwini,1,2067,-38,-72,264.8429119,123.1311731,1.984076042,6,3019.392631
Percilia irwini,1,1342,-38,-72,366.6785714,158.8839576,5.299810607,6,3019.392631
Percilia irwini,1,1525,-37,-73,75.06299213,103.4748428,1.291669373,6,3526.717392
Percilia irwini,1,1342,-38,-72,366.6785714,158.8839576,5.299810607,6,3019.392631
Percilia irwini,1,1525,-37,-73,75.06299213,103.4748428,1.291669373,6,3526.717392
Percilia irwini,2,1919,-37,-72,325.7125984,112.264937,2.674051057,5,967.7092813
Percilia irwini,2,1919,-37,-72,325.7125984,112.264937,2.674051057,5,967.7092813
Percilia irwini,2,1909,-37,-72,511.2031873,119.9583311,1.537121968,5,967.7092813
Percilia irwini,3,1385,-38,-72,117.0362694,101.5833359,1.895766663,6,3526.717392
Percilia irwini,1,1342,-38,-72,366.6785714,158.8839576,5.299810607,6,3019.392631
Percilia irwini,1,1342,-38,-72,366.6785714,158.8839576,5.299810607,6,3019.392631
Percilia irwini,1,2064,-38,-72,282.364486,128.6732224,3.156730716,6,3019.392631
Percilia irwini,1,2064,-38,-72,282.364486,128.6732224,3.156730716,6,3019.392631
Percilia irwini,2,1918,-37,-72,338.9216418,111.7864594,2.509841725,5,967.7092813
Percilia irwini,3,1385,-38,-72,117.0362694,101.5833359,1.895766663,6,3526.717392
Percilia irwini,1,1525,-37,-73,75.06299213,103.4748428,1.291669373,6,3526.717392
Percilia irwini,1,1525,-37,-73,75.06299213,103.4748428,1.291669373,6,3526.717392
Percilia irwini,1,1342,-38,-72,366.6785714,158.8839576,5.299810607,6,3019.392631
Percilia irwini,3,1174,-38,-72,187.8987854,111.7043264,1.16080209,6,3526.717392
Percilia irwini,1,1525,-37,-73,75.06299213,103.4748428,1.291669373,6,3526.717392
Percilia irwini,12,1918,-37,-72,338.9216418,111.7864594,2.509841725,5,967.7092813
Percilia irwini,1,1525,-37,-73,75.06299213,103.4748428,1.291669373,6,3526.717392
Percilia irwini,12,1918,-37,-72,338.9216418,111.7864594,2.509841725,5,967.7092813
Percilia irwini,3,1174,-38,-72,187.8987854,111.7043264,1.16080209,6,3526.717392
Percilia irwini,1,1172,-38,-72,256.4545455,122.4354573,1.286548742,6,3019.392631
Percilia irwini,1,1525,-37,-73,75.06299213,103.4748428,1.291669373,6,3526.717392
Percilia irwini,1,2064,-38,-72,282.364486,128.6732224,3.156730716,6,3019.392631
Percilia irwini,3,1921,-37,-72,308.4888889,113.9680038,3.428372948,5,967.7092813
Percilia irwini,1,1525,-37,-73,75.06299213,103.4748428,1.291669373,6,3526.717392
Percilia irwini,1,1353,-38,-72,357.6867925,140.7681836,6.289933997,4,3019.392631
Percilia irwini,4,1524,-37,-73,74.05737705,102.6450002,1.207989798,6,3526.717392
Percilia irwini,3,1385,-38,-72,117.0362694,101.5833359,1.895766663,6,3526.717392
Percilia irwini,12,1916,-37,-72,369.6431535,113.0148534,4.216141644,5,967.7092813
Percilia irwini,12,1916,-37,-72,369.6431535,113.0148534,4.216141644,5,967.7092813
Percilia irwini,12,1918,-37,-72,338.9216418,111.7864594,2.509841725,5,967.7092813
Percilia irwini,2,1918,-37,-72,338.9216418,111.7864594,2.509841725,5,967.7092813
Percilia irwini,1,1525,-37,-73,75.06299213,103.4748428,1.291669373,6,3526.717392
Percilia irwini,1,1342,-38,-72,366.6785714,158.8839576,5.299810607,6,3019.392631
Percilia irwini,1,1525,-37,-73,75.06299213,103.4748428,1.291669373,6,3526.717392
Percilia irwini,1,1525,-37,-73,75.06299213,103.4748428,1.291669373,6,3526.717392
Percilia irwini,1,1525,-37,-73,75.06299213,103.4748428,1.291669373,6,3526.717392
Percilia irwini,1,1524,-37,-73,74.05737705,102.6450002,1.207989798,6,3526.717392
Percilia irwini,1,1525,-37,-73,75.06299213,103.4748428,1.291669373,6,3526.717392
Percilia irwini,1,1525,-37,-73,75.06299213,103.4748428,1.291669373,6,3526.717392
Percilia irwini,1,2063,-38,-72,290.1971831,129.7125486,1.974997731,6,3019.392631
Percilia irwini,3,1385,-38,-72,117.0362694,101.5833359,1.895766663,6,3526.717392
Percilia irwini,1,1342,-38,-72,366.6785714,158.8839576,5.299810607,6,3019.392631
Percilia irwini,3,1385,-38,-72,117.0362694,101.5833359,1.895766663,6,3526.717392
Percilia irwini,3,1385,-38,-72,117.0362694,101.5833359,1.895766663,6,3526.717392
Percilia irwini,1,1342,-38,-72,366.6785714,158.8839576,5.299810607,6,3019.392631
Percilia irwini,12,1916,-37,-72,369.6431535,113.0148534,4.216141644,5,967.7092813
Percilia irwini,12,1916,-37,-72,369.6431535,113.0148534,4.216141644,5,967.7092813
Percilia irwini,1,1525,-37,-73,75.06299213,103.4748428,1.291669373,6,3526.717392
Percilia irwini,3,1174,-38,-72,187.8987854,111.7043264,1.16080209,6,3526.717392
Percilia irwini,1,1172,-38,-72,256.4545455,122.4354573,1.286548742,6,3019.392631
Percilia irwini,1,1172,-38,-72,256.4545455,122.4354573,1.286548742,6,3019.392631
Percilia irwini,3,1174,-38,-72,187.8987854,111.7043264,1.16080209,6,3526.717392
Percilia irwini,4,2270,-38,-72,416.0440252,176.5795445,2.294542228,4,3019.392631
Percilia irwini,4,2270,-38,-72,416.0440252,176.5795445,2.294542228,4,3019.392631
Percilia irwini,2,1919,-37,-72,325.7125984,112.264937,2.674051057,5,967.7092813
Percilia irwini,2,1919,-37,-72,325.7125984,112.264937,2.674051057,5,967.7092813
Percilia irwini,1,1172,-38,-72,256.4545455,122.4354573,1.286548742,6,3019.392631
Percilia irwini,2,1919,-37,-72,325.7125984,112.264937,2.674051057,5,967.7092813
Percilia irwini,1,1173,-38,-72,241.6390977,120.9665176,2.296090808,6,3526.717392
Percilia irwini,1,1524,-37,-73,74.05737705,102.6450002,1.207989798,6,3526.717392
Percilia irwini,1,1525,-37,-73,75.06299213,103.4748428,1.291669373,6,3526.717392
Percilia irwini,1,1524,-37,-73,74.05737705,102.6450002,1.207989798,6,3526.717392
Percilia irwini,1,1524,-37,-73,74.05737705,102.6450002,1.207989798,6,3526.717392
Percilia irwini,4,1524,-37,-73,74.05737705,102.6450002,1.207989798,6,3526.717392
Percilia irwini,1,1525,-37,-73,75.06299213,103.4748428,1.291669373,6,3526.717392
Percilia irwini,1,2064,-38,-72,282.364486,128.6732224,3.156730716,6,3019.392631
Percilia irwini,3,1385,-38,-72,117.0362694,101.5833359,1.895766663,6,3526.717392
Percilia irwini,2,1933,-37,-72,178.921875,105.1404316,4.258407648,5,967.7092813
Percilia irwini,3,1353,-38,-72,357.6867925,140.7681836,6.289933997,4,3019.392631
Percilia irwini,4,1524,-37,-73,74.05737705,102.6450002,1.207989798,6,3526.717392
Percilia irwini,1,1353,-38,-72,357.6867925,140.7681836,6.289933997,4,3019.392631
Percilia irwini,1,1173,-38,-72,241.6390977,120.9665176,2.296090808,6,3526.717392
Percilia irwini,2,1909,-37,-72,511.2031873,119.9583311,1.537121968,5,967.7092813
Percilia irwini,12,1916,-37,-72,369.6431535,113.0148534,4.216141644,5,967.7092813
Percilia irwini,1,1353,-38,-72,357.6867925,140.7681836,6.289933997,4,3019.392631
Percilia irwini,12,1916,-37,-72,369.6431535,113.0148534,4.216141644,5,967.7092813
Percilia irwini,12,1916,-37,-72,369.6431535,113.0148534,4.216141644,5,967.7092813
Percilia irwini,12,1916,-37,-72,369.6431535,113.0148534,4.216141644,5,967.7092813
Percilia irwini,2,1918,-37,-72,338.9216418,111.7864594,2.509841725,5,967.7092813
Percilia irwini,1,1524,-37,-73,74.05737705,102.6450002,1.207989798,6,3526.717392
Percilia irwini,1,1342,-38,-72,366.6785714,158.8839576,5.299810607,6,3019.392631
Percilia irwini,1,1342,-38,-72,366.6785714,158.8839576,5.299810607,6,3019.392631
Percilia irwini,12,1916,-37,-72,369.6431535,113.0148534,4.216141644,5,967.7092813
Percilia irwini,4,1760,-38,-73,79.125,103.338334,1.344648499,6,6261.697266
Percilia irwini,4,1760,-38,-73,79.125,103.338334,1.344648499,6,6261.697266
Percilia irwini,2,1933,-37,-72,178.921875,105.1404316,4.258407648,5,967.7092813
Percilia irwini,4,1760,-38,-73,79.125,103.338334,1.344648499,6,6261.697266
Percilia irwini,1,1342,-38,-72,366.6785714,158.8839576,5.299810607,6,3019.392631
Percilia irwini,1,1353,-38,-72,357.6867925,140.7681836,6.289933997,4,3019.392631
Percilia irwini,12,1916,-37,-72,369.6431535,113.0148534,4.216141644,5,967.7092813
Percilia irwini,1,1525,-37,-73,75.06299213,103.4748428,1.291669373,6,3526.717392
Percilia irwini,1,1342,-38,-72,366.6785714,158.8839576,5.299810607,6,3019.392631
Percilia irwini,3,1174,-38,-72,187.8987854,111.7043264,1.16080209,6,3526.717392
Percilia irwini,1,1525,-37,-73,75.06299213,103.4748428,1.291669373,6,3526.717392
Percilia irwini,12,1918,-37,-72,338.9216418,111.7864594,2.509841725,5,967.7092813
Percilia irwini,1,1525,-37,-73,75.06299213,103.4748428,1.291669373,6,3526.717392
Percilia irwini,1,1525,-37,-73,75.06299213,103.4748428,1.291669373,6,3526.717392
Percilia irwini,4,2270,-38,-72,416.0440252,176.5795445,2.294542228,4,3019.392631
Percilia irwini,3,1174,-38,-72,187.8987854,111.7043264,1.16080209,6,3526.717392
Percilia irwini,4,2270,-38,-72,416.0440252,176.5795445,2.294542228,4,3019.392631
Percilia irwini,4,2270,-38,-72,416.0440252,176.5795445,2.294542228,4,3019.392631
Percilia irwini,1,1353,-38,-72,357.6867925,140.7681836,6.289933997,4,3019.392631
Percilia irwini,4,2270,-38,-72,416.0440252,176.5795445,2.294542228,4,3019.392631
Percilia irwini,2,1919,-37,-72,325.7125984,112.264937,2.674051057,5,967.7092813
Percilia irwini,1,1760,-38,-73,79.125,103.338334,1.344648499,6,6261.697266
Percilia irwini,1,1173,-38,-72,241.6390977,120.9665176,2.296090808,6,3526.717392
Percilia irwini,1,1524,-37,-73,74.05737705,102.6450002,1.207989798,6,3526.717392
Percilia irwini,1,1524,-37,-73,74.05737705,102.6450002,1.207989798,6,3526.717392
Percilia irwini,1,1525,-37,-73,75.06299213,103.4748428,1.291669373,6,3526.717392
Percilia irwini,1,1525,-37,-73,75.06299213,103.4748428,1.291669373,6,3526.717392
Percilia irwini,3,1174,-38,-72,187.8987854,111.7043264,1.16080209,6,3526.717392
Percilia irwini,3,1385,-38,-72,117.0362694,101.5833359,1.895766663,6,3526.717392
Percilia irwini,3,1385,-38,-72,117.0362694,101.5833359,1.895766663,6,3526.717392
Percilia irwini,3,1385,-38,-72,117.0362694,101.5833359,1.895766663,6,3526.717392
Percilia irwini,3,1385,-38,-72,117.0362694,101.5833359,1.895766663,6,3526.717392
Percilia irwini,3,1385,-38,-72,117.0362694,101.5833359,1.895766663,6,3526.717392
Percilia irwini,3,1385,-38,-72,117.0362694,101.5833359,1.895766663,6,3526.717392
Percilia irwini,12,1918,-37,-72,338.9216418,111.7864594,2.509841725,5,967.7092813
Percilia irwini,1,1342,-38,-72,366.6785714,158.8839576,5.299810607,6,3019.392631
Percilia irwini,2,1918,-37,-72,338.9216418,111.7864594,2.509841725,5,967.7092813
Percilia irwini,12,1916,-37,-72,369.6431535,113.0148534,4.216141644,5,967.7092813
Percilia irwini,12,1916,-37,-72,369.6431535,113.0148534,4.216141644,5,967.7092813
Percilia irwini,2,1918,-37,-72,338.9216418,111.7864594,2.509841725,5,967.7092813
Percilia irwini,2,1918,-37,-72,338.9216418,111.7864594,2.509841725,5,967.7092813
Percilia irwini,2,1918,-37,-72,338.9216418,111.7864594,2.509841725,5,967.7092813
Percilia irwini,12,1916,-37,-72,369.6431535,113.0148534,4.216141644,5,967.7092813
Percilia irwini,3,1385,-38,-72,117.0362694,101.5833359,1.895766663,6,3526.717392
Percilia irwini,3,1385,-38,-72,117.0362694,101.5833359,1.895766663,6,3526.717392
Percilia irwini,2,1918,-37,-72,338.9216418,111.7864594,2.509841725,5,967.7092813
Percilia irwini,1,1342,-38,-72,366.6785714,158.8839576,5.299810607,6,3019.392631
Percilia irwini,1,1524,-37,-73,74.05737705,102.6450002,1.207989798,6,3526.717392
Percilia irwini,2,1919,-37,-72,325.7125984,112.264937,2.674051057,5,967.7092813
Percilia irwini,2,1919,-37,-72,325.7125984,112.264937,2.674051057,5,967.7092813
Percilia irwini,1,1524,-37,-73,74.05737705,102.6450002,1.207989798,6,3526.717392
Percilia irwini,2,1919,-37,-72,325.7125984,112.264937,2.674051057,5,967.7092813
Percilia irwini,3,1385,-38,-72,117.0362694,101.5833359,1.895766663,6,3526.717392
Percilia irwini,3,1385,-38,-72,117.0362694,101.5833359,1.895766663,6,3526.717392
Percilia irwini,2,1933,-37,-72,178.921875,105.1404316,4.258407648,5,967.7092813
Percilia irwini,3,1385,-38,-72,117.0362694,101.5833359,1.895766663,6,3526.717392
Percilia irwini,1,1342,-38,-72,366.6785714,158.8839576,5.299810607,6,3019.392631
Percilia irwini,4,1760,-38,-73,79.125,103.338334,1.344648499,6,6261.697266
Percilia irwini,1,1342,-38,-72,366.6785714,158.8839576,5.299810607,6,3019.392631
Percilia irwini,3,1921,-37,-72,308.4888889,113.9680038,3.428372948,5,967.7092813
Percilia irwini,3,1385,-38,-72,117.0362694,101.5833359,1.895766663,6,3526.717392
Percilia irwini,1,1525,-37,-73,75.06299213,103.4748428,1.291669373,6,3526.717392
Percilia irwini,1,1525,-37,-73,75.06299213,103.4748428,1.291669373,6,3526.717392
Percilia irwini,12,1918,-37,-72,338.9216418,111.7864594,2.509841725,5,967.7092813
Percilia irwini,3,1174,-38,-72,187.8987854,111.7043264,1.16080209,6,3526.717392
Percilia irwini,2,1919,-37,-72,325.7125984,112.264937,2.674051057,5,967.7092813
Percilia irwini,1,1172,-38,-72,256.4545455,122.4354573,1.286548742,6,3019.392631
Percilia irwini,2,1919,-37,-72,325.7125984,112.264937,2.674051057,5,967.7092813
Percilia irwini,1,1172,-38,-72,256.4545455,122.4354573,1.286548742,6,3019.392631
Percilia irwini,3,1608,-38,-73,87.00401606,100.1915891,1,5,154.1941464
Percilia irwini,1,1173,-38,-72,241.6390977,120.9665176,2.296090808,6,3526.717392
Percilia irwini,2,1919,-37,-72,325.7125984,112.264937,2.674051057,5,967.7092813
Percilia irwini,2,1919,-37,-72,325.7125984,112.264937,2.674051057,5,967.7092813
Percilia irwini,4,1524,-37,-73,74.05737705,102.6450002,1.207989798,6,3526.717392
Percilia irwini,2,1916,-37,-72,369.6431535,113.0148534,4.216141644,5,967.7092813
Percilia irwini,1,2067,-38,-72,264.8429119,123.1311731,1.984076042,6,3019.392631
Percilia irwini,1,1353,-38,-72,357.6867925,140.7681836,6.289933997,4,3019.392631
Percilia irwini,1,1172,-38,-72,256.4545455,122.4354573,1.286548742,6,3019.392631
Percilia irwini,1,1172,-38,-72,256.4545455,122.4354573,1.286548742,6,3019.392631
Percilia irwini,1,1172,-38,-72,256.4545455,122.4354573,1.286548742,6,3019.392631
Percilia irwini,4,1524,-37,-73,74.05737705,102.6450002,1.207989798,6,3526.717392
Percilia irwini,4,1524,-37,-73,74.05737705,102.6450002,1.207989798,6,3526.717392
Percilia irwini,1,1760,-38,-73,79.125,103.338334,1.344648499,6,6261.697266
Percilia irwini,3,1608,-38,-73,87.00401606,100.1915891,1,5,154.1941464
Percilia irwini,1,1351,-38,-72,403.459144,142.8271616,4.5816708,3,3019.392631
Percilia irwini,3,1385,-38,-72,117.0362694,101.5833359,1.895766663,6,3526.717392
Percilia irwini,2,1918,-37,-72,338.9216418,111.7864594,2.509841725,5,967.7092813
Percilia irwini,2,1918,-37,-72,338.9216418,111.7864594,2.509841725,5,967.7092813
Percilia irwini,1,1525,-37,-73,75.06299213,103.4748428,1.291669373,6,3526.717392
Percilia irwini,1,1525,-37,-73,75.06299213,103.4748428,1.291669373,6,3526.717392
Percilia irwini,1,1525,-37,-73,75.06299213,103.4748428,1.291669373,6,3526.717392
Percilia irwini,1,1525,-37,-73,75.06299213,103.4748428,1.291669373,6,3526.717392
Percilia irwini,1,1342,-38,-72,366.6785714,158.8839576,5.299810607,6,3019.392631
Percilia irwini,1,1342,-38,-72,366.6785714,158.8839576,5.299810607,6,3019.392631
Percilia irwini,1,1525,-37,-73,75.06299213,103.4748428,1.291669373,6,3526.717392
Percilia irwini,1,1525,-37,-73,75.06299213,103.4748428,1.291669373,6,3526.717392
Percilia irwini,1,1525,-37,-73,75.06299213,103.4748428,1.291669373,6,3526.717392
Percilia irwini,1,1525,-37,-73,75.06299213,103.4748428,1.291669373,6,3526.717392
Percilia irwini,1,1525,-37,-73,75.06299213,103.4748428,1.291669373,6,3526.717392
Percilia irwini,1,2063,-38,-72,290.1971831,129.7125486,1.974997731,6,3019.392631
Percilia irwini,1,2063,-38,-72,290.1971831,129.7125486,1.974997731,6,3019.392631
Percilia irwini,1,1525,-37,-73,75.06299213,103.4748428,1.291669373,6,3526.717392
Percilia irwini,4,1760,-38,-73,79.125,103.338334,1.344648499,6,6261.697266
Percilia irwini,1,1525,-37,-73,75.06299213,103.4748428,1.291669373,6,3526.717392
Percilia irwini,2,1919,-37,-72,325.7125984,112.264937,2.674051057,5,967.7092813
Percilia irwini,3,1385,-38,-72,117.0362694,101.5833359,1.895766663,6,3526.717392
Percilia irwini,1,2064,-38,-72,282.364486,128.6732224,3.156730716,6,3019.392631
Percilia irwini,1,2067,-38,-72,264.8429119,123.1311731,1.984076042,6,3019.392631
Percilia irwini,1,1525,-37,-73,75.06299213,103.4748428,1.291669373,6,3526.717392
Percilia irwini,1,1172,-38,-72,256.4545455,122.4354573,1.286548742,6,3019.392631
Percilia irwini,1,1172,-38,-72,256.4545455,122.4354573,1.286548742,6,3019.392631
Percilia irwini,1,1172,-38,-72,256.4545455,122.4354573,1.286548742,6,3019.392631
Percilia irwini,1,1172,-38,-72,256.4545455,122.4354573,1.286548742,6,3019.392631
Percilia irwini,4,2270,-38,-72,416.0440252,176.5795445,2.294542228,4,3019.392631
Percilia irwini,1,1353,-38,-72,357.6867925,140.7681836,6.289933997,4,3019.392631
Percilia irwini,1,1353,-38,-72,357.6867925,140.7681836,6.289933997,4,3019.392631
Percilia irwini,2,1919,-37,-72,325.7125984,112.264937,2.674051057,5,967.7092813
Percilia irwini,1,1173,-38,-72,241.6390977,120.9665176,2.296090808,6,3526.717392
Percilia irwini,1,1524,-37,-73,74.05737705,102.6450002,1.207989798,6,3526.717392
Percilia irwini,1,1524,-37,-73,74.05737705,102.6450002,1.207989798,6,3526.717392
Percilia irwini,1,2067,-38,-72,264.8429119,123.1311731,1.984076042,6,3019.392631
Percilia irwini,1,1524,-37,-73,74.05737705,102.6450002,1.207989798,6,3526.717392
Percilia irwini,1,1353,-38,-72,357.6867925,140.7681836,6.289933997,4,3019.392631
Percilia irwini,1,1353,-38,-72,357.6867925,140.7681836,6.289933997,4,3019.392631
Percilia irwini,1,1760,-38,-73,79.125,103.338334,1.344648499,6,6261.697266
Percilia irwini,3,1385,-38,-72,117.0362694,101.5833359,1.895766663,6,3526.717392
Percilia irwini,3,1385,-38,-72,117.0362694,101.5833359,1.895766663,6,3526.717392
Percilia irwini,2,1918,-37,-72,338.9216418,111.7864594,2.509841725,5,967.7092813
Percilia irwini,2,1918,-37,-72,338.9216418,111.7864594,2.509841725,5,967.7092813
Percilia irwini,2,1918,-37,-72,338.9216418,111.7864594,2.509841725,5,967.7092813
Percilia irwini,2,1918,-37,-72,338.9216418,111.7864594,2.509841725,5,967.7092813
Percilia irwini,3,1385,-38,-72,117.0362694,101.5833359,1.895766663,6,3526.717392
Percilia irwini,2,1918,-37,-72,338.9216418,111.7864594,2.509841725,5,967.7092813
Percilia irwini,1,1525,-37,-73,75.06299213,103.4748428,1.291669373,6,3526.717392
Percilia irwini,1,1349,-38,-72,455.9098039,148.4282426,27.06829148,3,3019.392631
Percilia irwini,1,1342,-38,-72,366.6785714,158.8839576,5.299810607,6,3019.392631
Percilia irwini,4,1349,-38,-72,455.9098039,148.4282426,27.06829148,3,3019.392631
Percilia irwini,3,1563,-38,-72,161.2708333,108.7996618,3.086832117,4,419.5884732
Percilia irwini,3,1563,-38,-72,161.2708333,108.7996618,3.086832117,4,419.5884732
Percilia irwini,12,1916,-37,-72,369.6431535,113.0148534,4.216141644,5,967.7092813
Percilia irwini,1,1342,-38,-72,366.6785714,158.8839576,5.299810607,6,3019.392631
Percilia irwini,12,1916,-37,-72,369.6431535,113.0148534,4.216141644,5,967.7092813
Percilia irwini,1,1342,-38,-72,366.6785714,158.8839576,5.299810607,6,3019.392631
Percilia irwini,1,1525,-37,-73,75.06299213,103.4748428,1.291669373,6,3526.717392
Percilia irwini,1,1342,-38,-72,366.6785714,158.8839576,5.299810607,6,3019.392631
Percilia irwini,1,1525,-37,-73,75.06299213,103.4748428,1.291669373,6,3526.717392
Percilia irwini,4,1760,-38,-73,79.125,103.338334,1.344648499,6,6261.697266
Percilia irwini,4,1760,-38,-73,79.125,103.338334,1.344648499,6,6261.697266
Percilia irwini,2,1933,-37,-72,178.921875,105.1404316,4.258407648,5,967.7092813
Percilia irwini,4,1760,-38,-73,79.125,103.338334,1.344648499,6,6261.697266
Percilia irwini,3,1921,-37,-72,308.4888889,113.9680038,3.428372948,5,967.7092813
Percilia irwini,3,1921,-37,-72,308.4888889,113.9680038,3.428372948,5,967.7092813
Percilia irwini,12,1916,-37,-72,369.6431535,113.0148534,4.216141644,5,967.7092813
Percilia irwini,3,1921,-37,-72,308.4888889,113.9680038,3.428372948,5,967.7092813
Percilia irwini,12,1916,-37,-72,369.6431535,113.0148534,4.216141644,5,967.7092813
Percilia irwini,12,1916,-37,-72,369.6431535,113.0148534,4.216141644,5,967.7092813
Percilia irwini,3,1921,-37,-72,308.4888889,113.9680038,3.428372948,5,967.7092813
Percilia irwini,3,1174,-38,-72,187.8987854,111.7043264,1.16080209,6,3526.717392
Percilia irwini,1,1525,-37,-73,75.06299213,103.4748428,1.291669373,6,3526.717392
Percilia irwini,12,1918,-37,-72,338.9216418,111.7864594,2.509841725,5,967.7092813
Percilia irwini,12,1918,-37,-72,338.9216418,111.7864594,2.509841725,5,967.7092813
Percilia irwini,12,1918,-37,-72,338.9216418,111.7864594,2.509841725,5,967.7092813
Percilia irwini,1,1525,-37,-73,75.06299213,103.4748428,1.291669373,6,3526.717392
Percilia irwini,1,1525,-37,-73,75.06299213,103.4748428,1.291669373,6,3526.717392
Percilia irwini,4,2270,-38,-72,416.0440252,176.5795445,2.294542228,4,3019.392631
Percilia irwini,3,1174,-38,-72,187.8987854,111.7043264,1.16080209,6,3526.717392
Percilia irwini,3,1174,-38,-72,187.8987854,111.7043264,1.16080209,6,3526.717392
Percilia irwini,3,1174,-38,-72,187.8987854,111.7043264,1.16080209,6,3526.717392
Percilia irwini,4,2270,-38,-72,416.0440252,176.5795445,2.294542228,4,3019.392631
Percilia irwini,1,1172,-38,-72,256.4545455,122.4354573,1.286548742,6,3019.392631
Percilia irwini,1,1172,-38,-72,256.4545455,122.4354573,1.286548742,6,3019.392631
Percilia irwini,1,1760,-38,-73,79.125,103.338334,1.344648499,6,6261.697266
Percilia irwini,1,2062,-38,-72,298.8237548,132.9436729,13.7936481,6,3019.392631
Percilia irwini,1,1173,-38,-72,241.6390977,120.9665176,2.296090808,6,3526.717392
Percilia irwini,2,1916,-37,-72,369.6431535,113.0148534,4.216141644,5,967.7092813
Percilia irwini,2,1916,-37,-72,369.6431535,113.0148534,4.216141644,5,967.7092813
Percilia irwini,2,1916,-37,-72,369.6431535,113.0148534,4.216141644,5,967.7092813
Percilia irwini,1,1353,-38,-72,357.6867925,140.7681836,6.289933997,4,3019.392631
Percilia irwini,1,1353,-38,-72,357.6867925,140.7681836,6.289933997,4,3019.392631
Percilia irwini,1,1760,-38,-73,79.125,103.338334,1.344648499,6,6261.697266
Percilia irwini,2,1916,-37,-72,369.6431535,113.0148534,4.216141644,5,967.7092813
Percilia irwini,3,1385,-38,-72,117.0362694,101.5833359,1.895766663,6,3526.717392
Percilia irwini,2,1918,-37,-72,338.9216418,111.7864594,2.509841725,5,967.7092813
Percilia irwini,2,1933,-37,-72,178.921875,105.1404316,4.258407648,5,967.7092813
Percilia irwini,2,1918,-37,-72,338.9216418,111.7864594,2.509841725,5,967.7092813
Percilia irwini,1,1353,-38,-72,357.6867925,140.7681836,6.289933997,4,3019.392631
Percilia irwini,2,1918,-37,-72,338.9216418,111.7864594,2.509841725,5,967.7092813
Percilia irwini,1,1351,-38,-72,403.459144,142.8271616,4.5816708,3,3019.392631
Percilia irwini,1,1524,-37,-73,74.05737705,102.6450002,1.207989798,6,3526.717392
Percilia irwini,1,1524,-37,-73,74.05737705,102.6450002,1.207989798,6,3526.717392
Percilia irwini,3,1385,-38,-72,117.0362694,101.5833359,1.895766663,6,3526.717392
Percilia irwini,2,1918,-37,-72,338.9216418,111.7864594,2.509841725,5,967.7092813
Percilia irwini,2,1918,-37,-72,338.9216418,111.7864594,2.509841725,5,967.7092813
Percilia irwini,2,1917,-37,-72,354.5454545,112.3168151,3.603549118,5,967.7092813
Percilia irwini,3,1563,-38,-72,161.2708333,108.7996618,3.086832117,4,419.5884732
Percilia irwini,2,1919,-37,-72,325.7125984,112.264937,2.674051057,5,967.7092813
Percilia irwini,2,1933,-37,-72,178.921875,105.1404316,4.258407648,5,967.7092813
Percilia irwini,1,1342,-38,-72,366.6785714,158.8839576,5.299810607,6,3019.392631
Percilia irwini,3,1385,-38,-72,117.0362694,101.5833359,1.895766663,6,3526.717392
Percilia irwini,3,1385,-38,-72,117.0362694,101.5833359,1.895766663,6,3526.717392
Percilia irwini,3,1385,-38,-72,117.0362694,101.5833359,1.895766663,6,3526.717392
Percilia irwini,3,1385,-38,-72,117.0362694,101.5833359,1.895766663,6,3526.717392
Percilia irwini,3,1921,-37,-72,308.4888889,113.9680038,3.428372948,5,967.7092813
Percilia irwini,3,1921,-37,-72,308.4888889,113.9680038,3.428372948,5,967.7092813
Percilia irwini,3,1921,-37,-72,308.4888889,113.9680038,3.428372948,5,967.7092813
Percilia irwini,1,1525,-37,-73,75.06299213,103.4748428,1.291669373,6,3526.717392
Percilia irwini,2,1919,-37,-72,325.7125984,112.264937,2.674051057,5,967.7092813
Percilia irwini,2,1919,-37,-72,325.7125984,112.264937,2.674051057,5,967.7092813
Percilia irwini,1,1760,-38,-73,79.125,103.338334,1.344648499,6,6261.697266
Percilia irwini,2,1919,-37,-72,325.7125984,112.264937,2.674051057,5,967.7092813
Percilia irwini,2,1919,-37,-72,325.7125984,112.264937,2.674051057,5,967.7092813
Percilia irwini,1,1525,-37,-73,75.06299213,103.4748428,1.291669373,6,3526.717392
Percilia irwini,1,2067,-38,-72,264.8429119,123.1311731,1.984076042,6,3019.392631
Percilia irwini,2,1916,-37,-72,369.6431535,113.0148534,4.216141644,5,967.7092813
Percilia irwini,1,2067,-38,-72,264.8429119,123.1311731,1.984076042,6,3019.392631
Percilia irwini,4,1524,-37,-73,74.05737705,102.6450002,1.207989798,6,3526.717392
Percilia irwini,1,1353,-38,-72,357.6867925,140.7681836,6.289933997,4,3019.392631
Percilia irwini,4,1524,-37,-73,74.05737705,102.6450002,1.207989798,6,3526.717392
Percilia irwini,3,1608,-38,-73,87.00401606,100.1915891,1,5,154.1941464
Percilia irwini,2,1918,-37,-72,338.9216418,111.7864594,2.509841725,5,967.7092813
Percilia irwini,3,1385,-38,-72,117.0362694,101.5833359,1.895766663,6,3526.717392
Percilia irwini,2,1918,-37,-72,338.9216418,111.7864594,2.509841725,5,967.7092813
Percilia irwini,2,1918,-37,-72,338.9216418,111.7864594,2.509841725,5,967.7092813
Percilia irwini,2,1918,-37,-72,338.9216418,111.7864594,2.509841725,5,967.7092813
Percilia irwini,1,1525,-37,-73,75.06299213,103.4748428,1.291669373,6,3526.717392
Percilia irwini,1,1525,-37,-73,75.06299213,103.4748428,1.291669373,6,3526.717392
Percilia irwini,1,1525,-37,-73,75.06299213,103.4748428,1.291669373,6,3526.717392
Percilia irwini,1,1525,-37,-73,75.06299213,103.4748428,1.291669373,6,3526.717392
Percilia irwini,2,1917,-37,-72,354.5454545,112.3168151,3.603549118,5,967.7092813
Percilia irwini,2,1917,-37,-72,354.5454545,112.3168151,3.603549118,5,967.7092813
Percilia irwini,1,1342,-38,-72,366.6785714,158.8839576,5.299810607,6,3019.392631
Percilia irwini,1,1525,-37,-73,75.06299213,103.4748428,1.291669373,6,3526.717392
Percilia irwini,1,1525,-37,-73,75.06299213,103.4748428,1.291669373,6,3526.717392
Percilia irwini,1,2062,-38,-72,298.8237548,132.9436729,13.7936481,6,3019.392631
Percilia irwini,1,2062,-38,-72,298.8237548,132.9436729,13.7936481,6,3019.392631
Percilia irwini,1,2063,-38,-72,290.1971831,129.7125486,1.974997731,6,3019.392631
Percilia irwini,1,1525,-37,-73,75.06299213,103.4748428,1.291669373,6,3526.717392
Percilia irwini,3,1549,-38,-72,276.0629921,129.6355156,11.21314184,4,419.5884732
Percilia irwini,3,1385,-38,-72,117.0362694,101.5833359,1.895766663,6,3526.717392
Percilia irwini,1,2064,-38,-72,282.364486,128.6732224,3.156730716,6,3019.392631
Percilia irwini,1,2067,-38,-72,264.8429119,123.1311731,1.984076042,6,3019.392631
Percilia irwini,1,2067,-38,-72,264.8429119,123.1311731,1.984076042,6,3019.392631
Percilia irwini,1,1525,-37,-73,75.06299213,103.4748428,1.291669373,6,3526.717392
Percilia irwini,1,1525,-37,-73,75.06299213,103.4748428,1.291669373,6,3526.717392
Percilia irwini,1,1525,-37,-73,75.06299213,103.4748428,1.291669373,6,3526.717392
Percilia irwini,1,1172,-38,-72,256.4545455,122.4354573,1.286548742,6,3019.392631
Percilia irwini,4,2270,-38,-72,416.0440252,176.5795445,2.294542228,4,3019.392631
Percilia irwini,1,1353,-38,-72,357.6867925,140.7681836,6.289933997,4,3019.392631
Percilia irwini,1,1353,-38,-72,357.6867925,140.7681836,6.289933997,4,3019.392631
Percilia irwini,1,1353,-38,-72,357.6867925,140.7681836,6.289933997,4,3019.392631
Percilia irwini,2,1919,-37,-72,325.7125984,112.264937,2.674051057,5,967.7092813
Percilia irwini,1,1173,-38,-72,241.6390977,120.9665176,2.296090808,6,3526.717392
Percilia irwini,1,1173,-38,-72,241.6390977,120.9665176,2.296090808,6,3526.717392
Percilia irwini,2,1916,-37,-72,369.6431535,113.0148534,4.216141644,5,967.7092813
Percilia irwini,1,1760,-38,-73,79.125,103.338334,1.344648499,6,6261.697266
Percilia irwini,1,1760,-38,-73,79.125,103.338334,1.344648499,6,6261.697266
Percilia irwini,1,1353,-38,-72,357.6867925,140.7681836,6.289933997,4,3019.392631
Percilia irwini,1,1524,-37,-73,74.05737705,102.6450002,1.207989798,6,3526.717392
Percilia irwini,1,1524,-37,-73,74.05737705,102.6450002,1.207989798,6,3526.717392
Percilia irwini,2,1933,-37,-72,178.921875,105.1404316,4.258407648,5,967.7092813
Percilia irwini,3,1385,-38,-72,117.0362694,101.5833359,1.895766663,6,3526.717392
Percilia irwini,3,1563,-38,-72,161.2708333,108.7996618,3.086832117,4,419.5884732
Percilia irwini,12,1916,-37,-72,369.6431535,113.0148534,4.216141644,5,967.7092813
Percilia irwini,12,1916,-37,-72,369.6431535,113.0148534,4.216141644,5,967.7092813
Percilia irwini,1,1351,-38,-72,403.459144,142.8271616,4.5816708,3,3019.392631
Percilia irwini,1,1525,-37,-73,75.06299213,103.4748428,1.291669373,6,3526.717392
Percilia irwini,1,1525,-37,-73,75.06299213,103.4748428,1.291669373,6,3526.717392
Percilia irwini,1,1351,-38,-72,403.459144,142.8271616,4.5816708,3,3019.392631
Percilia irwini,1,1342,-38,-72,366.6785714,158.8839576,5.299810607,6,3019.392631
Percilia irwini,1,1342,-38,-72,366.6785714,158.8839576,5.299810607,6,3019.392631
Percilia irwini,4,1349,-38,-72,455.9098039,148.4282426,27.06829148,3,3019.392631
Percilia irwini,1,1524,-37,-73,74.05737705,102.6450002,1.207989798,6,3526.717392
Percilia irwini,1,1524,-37,-73,74.05737705,102.6450002,1.207989798,6,3526.717392
Percilia irwini,12,1916,-37,-72,369.6431535,113.0148534,4.216141644,5,967.7092813
Percilia irwini,12,1916,-37,-72,369.6431535,113.0148534,4.216141644,5,967.7092813
Percilia irwini,12,1916,-37,-72,369.6431535,113.0148534,4.216141644,5,967.7092813
Percilia irwini,12,1916,-37,-72,369.6431535,113.0148534,4.216141644,5,967.7092813
Percilia irwini,12,1916,-37,-72,369.6431535,113.0148534,4.216141644,5,967.7092813
Percilia irwini,12,1916,-37,-72,369.6431535,113.0148534,4.216141644,5,967.7092813
Percilia irwini,12,1916,-37,-72,369.6431535,113.0148534,4.216141644,5,967.7092813
Percilia irwini,1,1525,-37,-73,75.06299213,103.4748428,1.291669373,6,3526.717392
Percilia irwini,1,1525,-37,-73,75.06299213,103.4748428,1.291669373,6,3526.717392
Percilia irwini,1,1342,-38,-72,366.6785714,158.8839576,5.299810607,6,3019.392631
Percilia irwini,3,1921,-37,-72,308.4888889,113.9680038,3.428372948,5,967.7092813
Percilia irwini,1,1342,-38,-72,366.6785714,158.8839576,5.299810607,6,3019.392631
Percilia irwini,12,1916,-37,-72,369.6431535,113.0148534,4.216141644,5,967.7092813
Percilia irwini,3,1921,-37,-72,308.4888889,113.9680038,3.428372948,5,967.7092813
Percilia irwini,12,1916,-37,-72,369.6431535,113.0148534,4.216141644,5,967.7092813
Percilia irwini,1,1525,-37,-73,75.06299213,103.4748428,1.291669373,6,3526.717392
Percilia irwini,1,1525,-37,-73,75.06299213,103.4748428,1.291669373,6,3526.717392
Percilia irwini,1,1525,-37,-73,75.06299213,103.4748428,1.291669373,6,3526.717392
Percilia irwini,1,1524,-37,-73,74.05737705,102.6450002,1.207989798,6,3526.717392
Percilia irwini,1,1525,-37,-73,75.06299213,103.4748428,1.291669373,6,3526.717392
Percilia irwini,1,1173,-38,-72,241.6390977,120.9665176,2.296090808,6,3526.717392
Percilia irwini,2,1909,-37,-72,511.2031873,119.9583311,1.537121968,5,967.7092813
Percilia irwini,1,1524,-37,-73,74.05737705,102.6450002,1.207989798,6,3526.717392
Percilia irwini,1,1524,-37,-73,74.05737705,102.6450002,1.207989798,6,3526.717392
Percilia irwini,1,1525,-37,-73,75.06299213,103.4748428,1.291669373,6,3526.717392
Percilia irwini,2,1933,-37,-72,178.921875,105.1404316,4.258407648,5,967.7092813
Percilia irwini,1,1172,-38,-72,256.4545455,122.4354573,1.286548742,6,3019.392631
Percilia irwini,3,1385,-38,-72,117.0362694,101.5833359,1.895766663,6,3526.717392
Percilia irwini,1,1760,-38,-73,79.125,103.338334,1.344648499,6,6261.697266
Percilia irwini,2,1918,-37,-72,338.9216418,111.7864594,2.509841725,5,967.7092813
Percilia irwini,2,1918,-37,-72,338.9216418,111.7864594,2.509841725,5,967.7092813
Percilia irwini,3,1385,-38,-72,117.0362694,101.5833359,1.895766663,6,3526.717392
Percilia irwini,2,1918,-37,-72,338.9216418,111.7864594,2.509841725,5,967.7092813
Percilia irwini,12,1918,-37,-72,338.9216418,111.7864594,2.509841725,5,967.7092813
Percilia irwini,1,1524,-37,-73,74.05737705,102.6450002,1.207989798,6,3526.717392
Percilia irwini,3,1385,-38,-72,117.0362694,101.5833359,1.895766663,6,3526.717392
Percilia irwini,2,1919,-37,-72,325.7125984,112.264937,2.674051057,5,967.7092813
Percilia irwini,2,1919,-37,-72,325.7125984,112.264937,2.674051057,5,967.7092813
Percilia irwini,2,1919,-37,-72,325.7125984,112.264937,2.674051057,5,967.7092813
Percilia irwini,2,1919,-37,-72,325.7125984,112.264937,2.674051057,5,967.7092813
Percilia irwini,1,1524,-37,-73,74.05737705,102.6450002,1.207989798,6,3526.717392
Percilia irwini,4,1760,-38,-73,79.125,103.338334,1.344648499,6,6261.697266
Percilia irwini,4,1760,-38,-73,79.125,103.338334,1.344648499,6,6261.697266
Percilia irwini,3,1385,-38,-72,117.0362694,101.5833359,1.895766663,6,3526.717392
Percilia irwini,1,1342,-38,-72,366.6785714,158.8839576,5.299810607,6,3019.392631
Percilia irwini,4,1760,-38,-73,79.125,103.338334,1.344648499,6,6261.697266
Percilia irwini,3,1385,-38,-72,117.0362694,101.5833359,1.895766663,6,3526.717392
Percilia irwini,3,1921,-37,-72,308.4888889,113.9680038,3.428372948,5,967.7092813
Percilia irwini,1,1760,-38,-73,79.125,103.338334,1.344648499,6,6261.697266
Percilia irwini,4,1760,-38,-73,79.125,103.338334,1.344648499,6,6261.697266
Percilia irwini,2,1919,-37,-72,325.7125984,112.264937,2.674051057,5,967.7092813
Percilia irwini,3,1608,-38,-73,87.00401606,100.1915891,1,5,154.1941464
Percilia irwini,12,1917,-37,-72,354.5454545,112.3168151,3.603549118,5,967.7092813
Percilia irwini,2,1919,-37,-72,325.7125984,112.264937,2.674051057,5,967.7092813
Percilia irwini,1,2063,-38,-72,290.1971831,129.7125486,1.974997731,6,3019.392631
Percilia irwini,4,1524,-37,-73,74.05737705,102.6450002,1.207989798,6,3526.717392
Percilia irwini,4,1524,-37,-73,74.05737705,102.6450002,1.207989798,6,3526.717392
Percilia irwini,2,1909,-37,-72,511.2031873,119.9583311,1.537121968,5,967.7092813
Percilia irwini,1,2067,-38,-72,264.8429119,123.1311731,1.984076042,6,3019.392631
Percilia irwini,4,1524,-37,-73,74.05737705,102.6450002,1.207989798,6,3526.717392
Percilia irwini,4,1524,-37,-73,74.05737705,102.6450002,1.207989798,6,3526.717392
Percilia irwini,4,1524,-37,-73,74.05737705,102.6450002,1.207989798,6,3526.717392
Percilia irwini,1,2067,-38,-72,264.8429119,123.1311731,1.984076042,6,3019.392631
Percilia irwini,2,1916,-37,-72,369.6431535,113.0148534,4.216141644,5,967.7092813
Percilia irwini,3,1385,-38,-72,117.0362694,101.5833359,1.895766663,6,3526.717392
Percilia irwini,2,1933,-37,-72,178.921875,105.1404316,4.258407648,5,967.7092813
Percilia irwini,2,1933,-37,-72,178.921875,105.1404316,4.258407648,5,967.7092813
Percilia irwini,1,1172,-38,-72,256.4545455,122.4354573,1.286548742,6,3019.392631
Percilia irwini,3,1608,-38,-73,87.00401606,100.1915891,1,5,154.1941464
Percilia irwini,1,1353,-38,-72,357.6867925,140.7681836,6.289933997,4,3019.392631
Percilia irwini,2,1918,-37,-72,338.9216418,111.7864594,2.509841725,5,967.7092813
Percilia irwini,12,1918,-37,-72,338.9216418,111.7864594,2.509841725,5,967.7092813
Percilia irwini,1,1342,-38,-72,366.6785714,158.8839576,5.299810607,6,3019.392631
Percilia irwini,3,1609,-38,-73,86.55078125,100.1896818,1,5,154.1941464
Percilia irwini,1,1525,-37,-73,75.06299213,103.4748428,1.291669373,6,3526.717392
Percilia irwini,1,1342,-38,-72,366.6785714,158.8839576,5.299810607,6,3019.392631
Percilia irwini,1,1525,-37,-73,75.06299213,103.4748428,1.291669373,6,3526.717392
Percilia irwini,1,1525,-37,-73,75.06299213,103.4748428,1.291669373,6,3526.717392
Percilia irwini,1,1525,-37,-73,75.06299213,103.4748428,1.291669373,6,3526.717392
Percilia irwini,1,1525,-37,-73,75.06299213,103.4748428,1.291669373,6,3526.717392
Percilia irwini,1,1525,-37,-73,75.06299213,103.4748428,1.291669373,6,3526.717392
Percilia irwini,1,1525,-37,-73,75.06299213,103.4748428,1.291669373,6,3526.717392
Percilia irwini,1,1525,-37,-73,75.06299213,103.4748428,1.291669373,6,3526.717392
Percilia irwini,1,1525,-37,-73,75.06299213,103.4748428,1.291669373,6,3526.717392
Percilia irwini,1,2063,-38,-72,290.1971831,129.7125486,1.974997731,6,3019.392631
Percilia irwini,1,2064,-38,-72,282.364486,128.6732224,3.156730716,6,3019.392631
Percilia irwini,1,2067,-38,-72,264.8429119,123.1311731,1.984076042,6,3019.392631
Percilia irwini,1,2067,-38,-72,264.8429119,123.1311731,1.984076042,6,3019.392631
Percilia irwini,1,2067,-38,-72,264.8429119,123.1311731,1.984076042,6,3019.392631
Percilia irwini,1,1525,-37,-73,75.06299213,103.4748428,1.291669373,6,3526.717392
Percilia irwini,1,1525,-37,-73,75.06299213,103.4748428,1.291669373,6,3526.717392
Percilia irwini,1,1525,-37,-73,75.06299213,103.4748428,1.291669373,6,3526.717392
Percilia irwini,3,1385,-38,-72,117.0362694,101.5833359,1.895766663,6,3526.717392
Percilia irwini,1,1172,-38,-72,256.4545455,122.4354573,1.286548742,6,3019.392631
Percilia irwini,1,1172,-38,-72,256.4545455,122.4354573,1.286548742,6,3019.392631
Percilia irwini,1,1525,-37,-73,75.06299213,103.4748428,1.291669373,6,3526.717392
Percilia irwini,1,1172,-38,-72,256.4545455,122.4354573,1.286548742,6,3019.392631
Percilia irwini,1,1172,-38,-72,256.4545455,122.4354573,1.286548742,6,3019.392631
Percilia irwini,1,1172,-38,-72,256.4545455,122.4354573,1.286548742,6,3019.392631
Percilia irwini,1,1760,-38,-73,79.125,103.338334,1.344648499,6,6261.697266
Percilia irwini,4,1760,-38,-73,79.125,103.338334,1.344648499,6,6261.697266
Percilia irwini,1,1173,-38,-72,241.6390977,120.9665176,2.296090808,6,3526.717392
Percilia irwini,1,1173,-38,-72,241.6390977,120.9665176,2.296090808,6,3526.717392
Percilia irwini,1,1173,-38,-72,241.6390977,120.9665176,2.296090808,6,3526.717392
Percilia irwini,1,1349,-38,-72,455.9098039,148.4282426,27.06829148,3,3019.392631
Percilia irwini,1,1524,-37,-73,74.05737705,102.6450002,1.207989798,6,3526.717392
Percilia irwini,1,1524,-37,-73,74.05737705,102.6450002,1.207989798,6,3526.717392
Percilia irwini,1,1173,-38,-72,241.6390977,120.9665176,2.296090808,6,3526.717392
Percilia irwini,1,1760,-38,-73,79.125,103.338334,1.344648499,6,6261.697266
Percilia irwini,1,1353,-38,-72,357.6867925,140.7681836,6.289933997,4,3019.392631
Percilia irwini,2,1916,-37,-72,369.6431535,113.0148534,4.216141644,5,967.7092813
Percilia irwini,3,1385,-38,-72,117.0362694,101.5833359,1.895766663,6,3526.717392
Percilia irwini,2,1933,-37,-72,178.921875,105.1404316,4.258407648,5,967.7092813
Percilia irwini,2,1933,-37,-72,178.921875,105.1404316,4.258407648,5,967.7092813
Percilia irwini,1,1172,-38,-72,256.4545455,122.4354573,1.286548742,6,3019.392631
Percilia irwini,3,1563,-38,-72,161.2708333,108.7996618,3.086832117,4,419.5884732
Percilia irwini,3,1563,-38,-72,161.2708333,108.7996618,3.086832117,4,419.5884732
Percilia irwini,1,1353,-38,-72,357.6867925,140.7681836,6.289933997,4,3019.392631
Percilia irwini,3,1563,-38,-72,161.2708333,108.7996618,3.086832117,4,419.5884732
Percilia irwini,1,1353,-38,-72,357.6867925,140.7681836,6.289933997,4,3019.392631
Percilia irwini,1,1524,-37,-73,74.05737705,102.6450002,1.207989798,6,3526.717392
Percilia irwini,12,1916,-37,-72,369.6431535,113.0148534,4.216141644,5,967.7092813
Percilia irwini,12,1916,-37,-72,369.6431535,113.0148534,4.216141644,5,967.7092813
Percilia irwini,1,1353,-38,-72,357.6867925,140.7681836,6.289933997,4,3019.392631
Percilia irwini,1,1353,-38,-72,357.6867925,140.7681836,6.289933997,4,3019.392631
Percilia irwini,2,1933,-37,-72,178.921875,105.1404316,4.258407648,5,967.7092813
Percilia irwini,2,1933,-37,-72,178.921875,105.1404316,4.258407648,5,967.7092813
Percilia irwini,1,1353,-38,-72,357.6867925,140.7681836,6.289933997,4,3019.392631
Percilia irwini,1,1353,-38,-72,357.6867925,140.7681836,6.289933997,4,3019.392631
Percilia irwini,2,1933,-37,-72,178.921875,105.1404316,4.258407648,5,967.7092813
Percilia irwini,1,1524,-37,-73,74.05737705,102.6450002,1.207989798,6,3526.717392
Percilia irwini,4,1349,-38,-72,455.9098039,148.4282426,27.06829148,3,3019.392631
Percilia irwini,1,1524,-37,-73,74.05737705,102.6450002,1.207989798,6,3526.717392
Percilia irwini,1,1524,-37,-73,74.05737705,102.6450002,1.207989798,6,3526.717392
Percilia irwini,1,1524,-37,-73,74.05737705,102.6450002,1.207989798,6,3526.717392
Percilia irwini,1,1524,-37,-73,74.05737705,102.6450002,1.207989798,6,3526.717392
Percilia irwini,1,1525,-37,-73,75.06299213,103.4748428,1.291669373,6,3526.717392
Percilia irwini,1,1525,-37,-73,75.06299213,103.4748428,1.291669373,6,3526.717392
Percilia irwini,4,1349,-38,-72,455.9098039,148.4282426,27.06829148,3,3019.392631
Percilia irwini,1,1525,-37,-73,75.06299213,103.4748428,1.291669373,6,3526.717392
Percilia irwini,1,1525,-37,-73,75.06299213,103.4748428,1.291669373,6,3526.717392
Percilia irwini,1,1525,-37,-73,75.06299213,103.4748428,1.291669373,6,3526.717392
Percilia irwini,1,1525,-37,-73,75.06299213,103.4748428,1.291669373,6,3526.717392
Percilia irwini,1,1342,-38,-72,366.6785714,158.8839576,5.299810607,6,3019.392631
Percilia irwini,2,1933,-37,-72,178.921875,105.1404316,4.258407648,5,967.7092813
Percilia irwini,1,1342,-38,-72,366.6785714,158.8839576,5.299810607,6,3019.392631
Percilia irwini,3,1921,-37,-72,308.4888889,113.9680038,3.428372948,5,967.7092813
Percilia irwini,12,1916,-37,-72,369.6431535,113.0148534,4.216141644,5,967.7092813
Percilia irwini,1,1172,-38,-72,256.4545455,122.4354573,1.286548742,6,3019.392631
Percilia irwini,1,1172,-38,-72,256.4545455,122.4354573,1.286548742,6,3019.392631
Percilia irwini,3,1385,-38,-72,117.0362694,101.5833359,1.895766663,6,3526.717392
Percilia irwini,12,1918,-37,-72,338.9216418,111.7864594,2.509841725,5,967.7092813
Percilia irwini,3,1174,-38,-72,187.8987854,111.7043264,1.16080209,6,3526.717392
Percilia irwini,3,1174,-38,-72,187.8987854,111.7043264,1.16080209,6,3526.717392
Percilia irwini,3,1174,-38,-72,187.8987854,111.7043264,1.16080209,6,3526.717392
Percilia irwini,1,2062,-38,-72,298.8237548,132.9436729,13.7936481,6,3019.392631
Percilia irwini,1,2062,-38,-72,298.8237548,132.9436729,13.7936481,6,3019.392631
Percilia irwini,1,1525,-37,-73,75.06299213,103.4748428,1.291669373,6,3526.717392
Percilia irwini,1,1173,-38,-72,241.6390977,120.9665176,2.296090808,6,3526.717392
Percilia irwini,2,1916,-37,-72,369.6431535,113.0148534,4.216141644,5,967.7092813
Percilia irwini,1,1525,-37,-73,75.06299213,103.4748428,1.291669373,6,3526.717392
Percilia irwini,3,1385,-38,-72,117.0362694,101.5833359,1.895766663,6,3526.717392
Percilia irwini,3,1385,-38,-72,117.0362694,101.5833359,1.895766663,6,3526.717392
Percilia irwini,1,1353,-38,-72,357.6867925,140.7681836,6.289933997,4,3019.392631
Percilia irwini,3,1385,-38,-72,117.0362694,101.5833359,1.895766663,6,3526.717392
Percilia irwini,1,1172,-38,-72,256.4545455,122.4354573,1.286548742,6,3019.392631
Percilia irwini,1,1760,-38,-73,79.125,103.338334,1.344648499,6,6261.697266
Percilia irwini,1,1524,-37,-73,74.05737705,102.6450002,1.207989798,6,3526.717392
Percilia irwini,1,1353,-38,-72,357.6867925,140.7681836,6.289933997,4,3019.392631
Percilia irwini,2,1918,-37,-72,338.9216418,111.7864594,2.509841725,5,967.7092813
Percilia irwini,2,1918,-37,-72,338.9216418,111.7864594,2.509841725,5,967.7092813
Percilia irwini,2,1918,-37,-72,338.9216418,111.7864594,2.509841725,5,967.7092813
Percilia irwini,2,1918,-37,-72,338.9216418,111.7864594,2.509841725,5,967.7092813
Percilia irwini,3,1385,-38,-72,117.0362694,101.5833359,1.895766663,6,3526.717392
Percilia irwini,3,1385,-38,-72,117.0362694,101.5833359,1.895766663,6,3526.717392
Percilia irwini,3,1385,-38,-72,117.0362694,101.5833359,1.895766663,6,3526.717392
Percilia irwini,1,1524,-37,-73,74.05737705,102.6450002,1.207989798,6,3526.717392
Percilia irwini,3,1385,-38,-72,117.0362694,101.5833359,1.895766663,6,3526.717392
Percilia irwini,1,1524,-37,-73,74.05737705,102.6450002,1.207989798,6,3526.717392
Percilia irwini,1,1524,-37,-73,74.05737705,102.6450002,1.207989798,6,3526.717392
Percilia irwini,1,1524,-37,-73,74.05737705,102.6450002,1.207989798,6,3526.717392
Percilia irwini,1,1525,-37,-73,75.06299213,103.4748428,1.291669373,6,3526.717392
Percilia irwini,1,1524,-37,-73,74.05737705,102.6450002,1.207989798,6,3526.717392
Percilia irwini,12,1918,-37,-72,338.9216418,111.7864594,2.509841725,5,967.7092813
Percilia irwini,2,1919,-37,-72,325.7125984,112.264937,2.674051057,5,967.7092813
Percilia irwini,1,1524,-37,-73,74.05737705,102.6450002,1.207989798,6,3526.717392
Percilia irwini,3,1385,-38,-72,117.0362694,101.5833359,1.895766663,6,3526.717392
Percilia irwini,4,1760,-38,-73,79.125,103.338334,1.344648499,6,6261.697266
Percilia irwini,1,1342,-38,-72,366.6785714,158.8839576,5.299810607,6,3019.392631
Percilia irwini,4,1760,-38,-73,79.125,103.338334,1.344648499,6,6261.697266
Percilia irwini,4,1760,-38,-73,79.125,103.338334,1.344648499,6,6261.697266
Percilia irwini,3,1385,-38,-72,117.0362694,101.5833359,1.895766663,6,3526.717392
Percilia irwini,1,1525,-37,-73,75.06299213,103.4748428,1.291669373,6,3526.717392
Percilia irwini,1,1525,-37,-73,75.06299213,103.4748428,1.291669373,6,3526.717392
Percilia irwini,2,1919,-37,-72,325.7125984,112.264937,2.674051057,5,967.7092813
Percilia irwini,2,1919,-37,-72,325.7125984,112.264937,2.674051057,5,967.7092813
Percilia irwini,2,1919,-37,-72,325.7125984,112.264937,2.674051057,5,967.7092813
Percilia irwini,1,1173,-38,-72,241.6390977,120.9665176,2.296090808,6,3526.717392
Percilia irwini,2,1919,-37,-72,325.7125984,112.264937,2.674051057,5,967.7092813
Percilia irwini,2,1919,-37,-72,325.7125984,112.264937,2.674051057,5,967.7092813
Percilia irwini,1,2063,-38,-72,290.1971831,129.7125486,1.974997731,6,3019.392631
Percilia irwini,1,2063,-38,-72,290.1971831,129.7125486,1.974997731,6,3019.392631
Percilia irwini,1,2063,-38,-72,290.1971831,129.7125486,1.974997731,6,3019.392631
Percilia irwini,1,2063,-38,-72,290.1971831,129.7125486,1.974997731,6,3019.392631
Percilia irwini,1,2063,-38,-72,290.1971831,129.7125486,1.974997731,6,3019.392631
Percilia irwini,4,1524,-37,-73,74.05737705,102.6450002,1.207989798,6,3526.717392
Percilia irwini,1,2064,-38,-72,282.364486,128.6732224,3.156730716,6,3019.392631
Percilia irwini,1,2064,-38,-72,282.364486,128.6732224,3.156730716,6,3019.392631
Percilia irwini,1,2064,-38,-72,282.364486,128.6732224,3.156730716,6,3019.392631
Percilia irwini,4,1524,-37,-73,74.05737705,102.6450002,1.207989798,6,3526.717392
Percilia irwini,1,2067,-38,-72,264.8429119,123.1311731,1.984076042,6,3019.392631
Percilia irwini,1,2067,-38,-72,264.8429119,123.1311731,1.984076042,6,3019.392631
Percilia irwini,1,2067,-38,-72,264.8429119,123.1311731,1.984076042,6,3019.392631
Percilia irwini,1,2067,-38,-72,264.8429119,123.1311731,1.984076042,6,3019.392631
Percilia irwini,1,2067,-38,-72,264.8429119,123.1311731,1.984076042,6,3019.392631
Percilia irwini,1,2067,-38,-72,264.8429119,123.1311731,1.984076042,6,3019.392631
Percilia irwini,1,2067,-38,-72,264.8429119,123.1311731,1.984076042,6,3019.392631
Percilia irwini,1,2067,-38,-72,264.8429119,123.1311731,1.984076042,6,3019.392631
Percilia irwini,1,2067,-38,-72,264.8429119,123.1311731,1.984076042,6,3019.392631
Percilia irwini,4,1524,-37,-73,74.05737705,102.6450002,1.207989798,6,3526.717392
Percilia irwini,4,1524,-37,-73,74.05737705,102.6450002,1.207989798,6,3526.717392
Percilia irwini,1,1524,-37,-73,74.05737705,102.6450002,1.207989798,6,3526.717392
Percilia irwini,1,1760,-38,-73,79.125,103.338334,1.344648499,6,6261.697266
Percilia irwini,1,2067,-38,-72,264.8429119,123.1311731,1.984076042,6,3019.392631
Percilia irwini,3,1385,-38,-72,117.0362694,101.5833359,1.895766663,6,3526.717392
Percilia irwini,1,1172,-38,-72,256.4545455,122.4354573,1.286548742,6,3019.392631
Percilia irwini,1,1172,-38,-72,256.4545455,122.4354573,1.286548742,6,3019.392631
Percilia irwini,1,1173,-38,-72,241.6390977,120.9665176,2.296090808,6,3526.717392
Percilia irwini,1,1173,-38,-72,241.6390977,120.9665176,2.296090808,6,3526.717392
Percilia irwini,1,1173,-38,-72,241.6390977,120.9665176,2.296090808,6,3526.717392
Percilia irwini,1,1173,-38,-72,241.6390977,120.9665176,2.296090808,6,3526.717392
Percilia irwini,3,1385,-38,-72,117.0362694,101.5833359,1.895766663,6,3526.717392
Percilia irwini,3,1609,-38,-73,86.55078125,100.1896818,1,5,154.1941464
Percilia irwini,3,1609,-38,-73,86.55078125,100.1896818,1,5,154.1941464
Percilia irwini,1,1173,-38,-72,241.6390977,120.9665176,2.296090808,6,3526.717392
Percilia irwini,1,1525,-37,-73,75.06299213,103.4748428,1.291669373,6,3526.717392
Percilia irwini,1,1342,-38,-72,366.6785714,158.8839576,5.299810607,6,3019.392631
Percilia irwini,1,1342,-38,-72,366.6785714,158.8839576,5.299810607,6,3019.392631
Percilia irwini,1,1342,-38,-72,366.6785714,158.8839576,5.299810607,6,3019.392631
Percilia irwini,1,1342,-38,-72,366.6785714,158.8839576,5.299810607,6,3019.392631
Percilia irwini,1,1525,-37,-73,75.06299213,103.4748428,1.291669373,6,3526.717392
Percilia irwini,1,1525,-37,-73,75.06299213,103.4748428,1.291669373,6,3526.717392
Percilia irwini,1,1525,-37,-73,75.06299213,103.4748428,1.291669373,6,3526.717392
Percilia irwini,1,1349,-38,-72,455.9098039,148.4282426,27.06829148,3,3019.392631
Percilia irwini,3,1549,-38,-72,276.0629921,129.6355156,11.21314184,4,419.5884732
Percilia irwini,1,1525,-37,-73,75.06299213,103.4748428,1.291669373,6,3526.717392
Percilia irwini,1,2063,-38,-72,290.1971831,129.7125486,1.974997731,6,3019.392631
Percilia irwini,1,2063,-38,-72,290.1971831,129.7125486,1.974997731,6,3019.392631
Percilia irwini,1,2063,-38,-72,290.1971831,129.7125486,1.974997731,6,3019.392631
Percilia irwini,1,2063,-38,-72,290.1971831,129.7125486,1.974997731,6,3019.392631
Percilia irwini,3,1549,-38,-72,276.0629921,129.6355156,11.21314184,4,419.5884732
Percilia irwini,3,1549,-38,-72,276.0629921,129.6355156,11.21314184,4,419.5884732
Percilia irwini,1,2067,-38,-72,264.8429119,123.1311731,1.984076042,6,3019.392631
Percilia irwini,1,2067,-38,-72,264.8429119,123.1311731,1.984076042,6,3019.392631
Percilia irwini,3,1385,-38,-72,117.0362694,101.5833359,1.895766663,6,3526.717392
Percilia irwini,1,1760,-38,-73,79.125,103.338334,1.344648499,6,6261.697266
Percilia irwini,1,1172,-38,-72,256.4545455,122.4354573,1.286548742,6,3019.392631
Percilia irwini,1,1172,-38,-72,256.4545455,122.4354573,1.286548742,6,3019.392631
Percilia irwini,1,1172,-38,-72,256.4545455,122.4354573,1.286548742,6,3019.392631
Percilia irwini,1,1172,-38,-72,256.4545455,122.4354573,1.286548742,6,3019.392631
Percilia irwini,1,1353,-38,-72,357.6867925,140.7681836,6.289933997,4,3019.392631
Percilia irwini,1,1172,-38,-72,256.4545455,122.4354573,1.286548742,6,3019.392631
Percilia irwini,1,1172,-38,-72,256.4545455,122.4354573,1.286548742,6,3019.392631
Percilia irwini,1,1172,-38,-72,256.4545455,122.4354573,1.286548742,6,3019.392631
Percilia irwini,4,1760,-38,-73,79.125,103.338334,1.344648499,6,6261.697266
Percilia irwini,1,1525,-37,-73,75.06299213,103.4748428,1.291669373,6,3526.717392
Percilia irwini,12,1917,-37,-72,354.5454545,112.3168151,3.603549118,5,967.7092813
Percilia irwini,1,1173,-38,-72,241.6390977,120.9665176,2.296090808,6,3526.717392
Percilia irwini,1,1173,-38,-72,241.6390977,120.9665176,2.296090808,6,3526.717392
Percilia irwini,1,1524,-37,-73,74.05737705,102.6450002,1.207989798,6,3526.717392
Percilia irwini,1,1524,-37,-73,74.05737705,102.6450002,1.207989798,6,3526.717392
Percilia irwini,1,1173,-38,-72,241.6390977,120.9665176,2.296090808,6,3526.717392
Percilia irwini,1,1173,-38,-72,241.6390977,120.9665176,2.296090808,6,3526.717392
Percilia irwini,1,1173,-38,-72,241.6390977,120.9665176,2.296090808,6,3526.717392
Percilia irwini,1,1524,-37,-73,74.05737705,102.6450002,1.207989798,6,3526.717392
Percilia irwini,1,1760,-38,-73,79.125,103.338334,1.344648499,6,6261.697266
Percilia irwini,1,1524,-37,-73,74.05737705,102.6450002,1.207989798,6,3526.717392
Percilia irwini,1,1760,-38,-73,79.125,103.338334,1.344648499,6,6261.697266
Percilia irwini,1,1760,-38,-73,79.125,103.338334,1.344648499,6,6261.697266
Percilia irwini,1,1353,-38,-72,357.6867925,140.7681836,6.289933997,4,3019.392631
Percilia irwini,1,1353,-38,-72,357.6867925,140.7681836,6.289933997,4,3019.392631
Percilia irwini,1,1353,-38,-72,357.6867925,140.7681836,6.289933997,4,3019.392631
Percilia irwini,3,1353,-38,-72,357.6867925,140.7681836,6.289933997,4,3019.392631
Percilia irwini,3,1353,-38,-72,357.6867925,140.7681836,6.289933997,4,3019.392631
Percilia irwini,3,1385,-38,-72,117.0362694,101.5833359,1.895766663,6,3526.717392
Percilia irwini,1,1353,-38,-72,357.6867925,140.7681836,6.289933997,4,3019.392631
Percilia irwini,1,1351,-38,-72,403.459144,142.8271616,4.5816708,3,3019.392631
Percilia irwini,1,1351,-38,-72,403.459144,142.8271616,4.5816708,3,3019.392631
Percilia irwini,1,1351,-38,-72,403.459144,142.8271616,4.5816708,3,3019.392631
Percilia irwini,1,1351,-38,-72,403.459144,142.8271616,4.5816708,3,3019.392631
Percilia irwini,1,1524,-37,-73,74.05737705,102.6450002,1.207989798,6,3526.717392
Percilia irwini,1,1351,-38,-72,403.459144,142.8271616,4.5816708,3,3019.392631
Percilia irwini,1,1351,-38,-72,403.459144,142.8271616,4.5816708,3,3019.392631
Percilia irwini,1,1351,-38,-72,403.459144,142.8271616,4.5816708,3,3019.392631
Percilia irwini,1,1173,-38,-72,241.6390977,120.9665176,2.296090808,6,3526.717392
Percilia irwini,1,1351,-38,-72,403.459144,142.8271616,4.5816708,3,3019.392631
Percilia irwini,1,1349,-38,-72,455.9098039,148.4282426,27.06829148,3,3019.392631
Percilia irwini,1,1349,-38,-72,455.9098039,148.4282426,27.06829148,3,3019.392631
Percilia irwini,1,1349,-38,-72,455.9098039,148.4282426,27.06829148,3,3019.392631
Percilia irwini,4,1349,-38,-72,455.9098039,148.4282426,27.06829148,3,3019.392631
Percilia irwini,12,1916,-37,-72,369.6431535,113.0148534,4.216141644,5,967.7092813
Percilia irwini,3,1563,-38,-72,161.2708333,108.7996618,3.086832117,4,419.5884732
Percilia irwini,3,1563,-38,-72,161.2708333,108.7996618,3.086832117,4,419.5884732
Percilia irwini,1,1525,-37,-73,75.06299213,103.4748428,1.291669373,6,3526.717392
Percilia irwini,1,1524,-37,-73,74.05737705,102.6450002,1.207989798,6,3526.717392
Percilia irwini,12,1916,-37,-72,369.6431535,113.0148534,4.216141644,5,967.7092813
Percilia irwini,12,1916,-37,-72,369.6431535,113.0148534,4.216141644,5,967.7092813
Percilia irwini,12,1916,-37,-72,369.6431535,113.0148534,4.216141644,5,967.7092813
Percilia irwini,12,1916,-37,-72,369.6431535,113.0148534,4.216141644,5,967.7092813
Percilia irwini,1,1525,-37,-73,75.06299213,103.4748428,1.291669373,6,3526.717392
Percilia irwini,1,1525,-37,-73,75.06299213,103.4748428,1.291669373,6,3526.717392
Percilia irwini,1,1342,-38,-72,366.6785714,158.8839576,5.299810607,6,3019.392631
Percilia irwini,1,1525,-37,-73,75.06299213,103.4748428,1.291669373,6,3526.717392
Percilia irwini,4,1760,-38,-73,79.125,103.338334,1.344648499,6,6261.697266
Percilia irwini,1,1342,-38,-72,366.6785714,158.8839576,5.299810607,6,3019.392631
Percilia irwini,3,1921,-37,-72,308.4888889,113.9680038,3.428372948,5,967.7092813
Percilia irwini,3,1921,-37,-72,308.4888889,113.9680038,3.428372948,5,967.7092813
Percilia irwini,3,1921,-37,-72,308.4888889,113.9680038,3.428372948,5,967.7092813
Percilia irwini,12,1916,-37,-72,369.6431535,113.0148534,4.216141644,5,967.7092813
Percilia irwini,3,1921,-37,-72,308.4888889,113.9680038,3.428372948,5,967.7092813
Percilia irwini,12,1918,-37,-72,338.9216418,111.7864594,2.509841725,5,967.7092813
Percilia irwini,3,1174,-38,-72,187.8987854,111.7043264,1.16080209,6,3526.717392
Percilia irwini,3,1174,-38,-72,187.8987854,111.7043264,1.16080209,6,3526.717392
Percilia irwini,4,1760,-38,-73,79.125,103.338334,1.344648499,6,6261.697266
Percilia irwini,4,1525,-37,-73,75.06299213,103.4748428,1.291669373,6,3526.717392
Percilia irwini,4,1525,-37,-73,75.06299213,103.4748428,1.291669373,6,3526.717392
Percilia irwini,1,1525,-37,-73,75.06299213,103.4748428,1.291669373,6,3526.717392
Percilia irwini,1,1525,-37,-73,75.06299213,103.4748428,1.291669373,6,3526.717392
Percilia irwini,2,1916,-37,-72,369.6431535,113.0148534,4.216141644,5,967.7092813
Percilia irwini,2,1916,-37,-72,369.6431535,113.0148534,4.216141644,5,967.7092813
Percilia irwini,1,1353,-38,-72,357.6867925,140.7681836,6.289933997,4,3019.392631
Percilia irwini,1,1353,-38,-72,357.6867925,140.7681836,6.289933997,4,3019.392631
Percilia irwini,2,1916,-37,-72,369.6431535,113.0148534,4.216141644,5,967.7092813
Percilia irwini,3,1353,-38,-72,357.6867925,140.7681836,6.289933997,4,3019.392631
Percilia irwini,3,1385,-38,-72,117.0362694,101.5833359,1.895766663,6,3526.717392
Percilia irwini,2,1918,-37,-72,338.9216418,111.7864594,2.509841725,5,967.7092813
Percilia irwini,2,1918,-37,-72,338.9216418,111.7864594,2.509841725,5,967.7092813
Percilia irwini,3,1385,-38,-72,117.0362694,101.5833359,1.895766663,6,3526.717392
Percilia irwini,2,1918,-37,-72,338.9216418,111.7864594,2.509841725,5,967.7092813
Percilia irwini,2,1918,-37,-72,338.9216418,111.7864594,2.509841725,5,967.7092813
Percilia irwini,3,1385,-38,-72,117.0362694,101.5833359,1.895766663,6,3526.717392
Percilia irwini,1,1524,-37,-73,74.05737705,102.6450002,1.207989798,6,3526.717392
Percilia irwini,2,1918,-37,-72,338.9216418,111.7864594,2.509841725,5,967.7092813
Percilia irwini,2,1917,-37,-72,354.5454545,112.3168151,3.603549118,5,967.7092813
Percilia irwini,3,1608,-38,-73,87.00401606,100.1915891,1,5,154.1941464
Percilia irwini,1,1525,-37,-73,75.06299213,103.4748428,1.291669373,6,3526.717392
Percilia irwini,12,1918,-37,-72,338.9216418,111.7864594,2.509841725,5,967.7092813
Percilia irwini,2,1919,-37,-72,325.7125984,112.264937,2.674051057,5,967.7092813
Percilia irwini,2,1919,-37,-72,325.7125984,112.264937,2.674051057,5,967.7092813
Percilia irwini,1,1524,-37,-73,74.05737705,102.6450002,1.207989798,6,3526.717392
Percilia irwini,1,1524,-37,-73,74.05737705,102.6450002,1.207989798,6,3526.717392
Percilia irwini,1,1524,-37,-73,74.05737705,102.6450002,1.207989798,6,3526.717392
Percilia irwini,3,1549,-38,-72,276.0629921,129.6355156,11.21314184,4,419.5884732
Percilia irwini,4,1760,-38,-73,79.125,103.338334,1.344648499,6,6261.697266
Percilia irwini,4,1760,-38,-73,79.125,103.338334,1.344648499,6,6261.697266
Percilia irwini,4,1760,-38,-73,79.125,103.338334,1.344648499,6,6261.697266
Percilia irwini,4,1760,-38,-73,79.125,103.338334,1.344648499,6,6261.697266
Percilia irwini,3,1385,-38,-72,117.0362694,101.5833359,1.895766663,6,3526.717392
Percilia irwini,3,1385,-38,-72,117.0362694,101.5833359,1.895766663,6,3526.717392
Percilia irwini,3,1385,-38,-72,117.0362694,101.5833359,1.895766663,6,3526.717392
Percilia irwini,4,1760,-38,-73,79.125,103.338334,1.344648499,6,6261.697266
Percilia irwini,4,1760,-38,-73,79.125,103.338334,1.344648499,6,6261.697266
Percilia irwini,4,1760,-38,-73,79.125,103.338334,1.344648499,6,6261.697266
Percilia irwini,2,1919,-37,-72,325.7125984,112.264937,2.674051057,5,967.7092813
Percilia irwini,2,1919,-37,-72,325.7125984,112.264937,2.674051057,5,967.7092813
Percilia irwini,2,1919,-37,-72,325.7125984,112.264937,2.674051057,5,967.7092813
Percilia irwini,4,1760,-38,-73,79.125,103.338334,1.344648499,6,6261.697266
Percilia irwini,1,2063,-38,-72,290.1971831,129.7125486,1.974997731,6,3019.392631
Percilia irwini,1,2063,-38,-72,290.1971831,129.7125486,1.974997731,6,3019.392631
Percilia irwini,1,1525,-37,-73,75.06299213,103.4748428,1.291669373,6,3526.717392
Percilia irwini,4,1524,-37,-73,74.05737705,102.6450002,1.207989798,6,3526.717392
Percilia irwini,2,1919,-37,-72,325.7125984,112.264937,2.674051057,5,967.7092813
Percilia irwini,4,1524,-37,-73,74.05737705,102.6450002,1.207989798,6,3526.717392
Percilia irwini,2,1909,-37,-72,511.2031873,119.9583311,1.537121968,5,967.7092813
Percilia irwini,2,1909,-37,-72,511.2031873,119.9583311,1.537121968,5,967.7092813
Percilia irwini,2,1909,-37,-72,511.2031873,119.9583311,1.537121968,5,967.7092813
Percilia irwini,2,1909,-37,-72,511.2031873,119.9583311,1.537121968,5,967.7092813
Percilia irwini,2,1909,-37,-72,511.2031873,119.9583311,1.537121968,5,967.7092813
Percilia irwini,2,1909,-37,-72,511.2031873,119.9583311,1.537121968,5,967.7092813
Percilia irwini,2,1909,-37,-72,511.2031873,119.9583311,1.537121968,5,967.7092813
Percilia irwini,2,1909,-37,-72,511.2031873,119.9583311,1.537121968,5,967.7092813
Percilia irwini,4,1524,-37,-73,74.05737705,102.6450002,1.207989798,6,3526.717392
Percilia irwini,4,1524,-37,-73,74.05737705,102.6450002,1.207989798,6,3526.717392
Percilia irwini,1,2067,-38,-72,264.8429119,123.1311731,1.984076042,6,3019.392631
Percilia irwini,3,1385,-38,-72,117.0362694,101.5833359,1.895766663,6,3526.717392
Percilia irwini,1,1353,-38,-72,357.6867925,140.7681836,6.289933997,4,3019.392631
Percilia irwini,1,1525,-37,-73,75.06299213,103.4748428,1.291669373,6,3526.717392
Percilia irwini,1,1525,-37,-73,75.06299213,103.4748428,1.291669373,6,3526.717392
Percilia irwini,1,1525,-37,-73,75.06299213,103.4748428,1.291669373,6,3526.717392
Percilia irwini,3,1609,-38,-73,86.55078125,100.1896818,1,5,154.1941464
Percilia irwini,3,1609,-38,-73,86.55078125,100.1896818,1,5,154.1941464
Percilia irwini,1,1525,-37,-73,75.06299213,103.4748428,1.291669373,6,3526.717392
Percilia irwini,1,1342,-38,-72,366.6785714,158.8839576,5.299810607,6,3019.392631
Percilia irwini,12,1916,-37,-72,369.6431535,113.0148534,4.216141644,5,967.7092813
Percilia irwini,3,1608,-38,-73,87.00401606,100.1915891,1,5,154.1941464
Percilia irwini,1,1342,-38,-72,366.6785714,158.8839576,5.299810607,6,3019.392631
Percilia irwini,3,1608,-38,-73,87.00401606,100.1915891,1,5,154.1941464
Percilia irwini,3,1608,-38,-73,87.00401606,100.1915891,1,5,154.1941464
Percilia irwini,1,1525,-37,-73,75.06299213,103.4748428,1.291669373,6,3526.717392
Percilia irwini,1,2062,-38,-72,298.8237548,132.9436729,13.7936481,6,3019.392631
Percilia irwini,1,2062,-38,-72,298.8237548,132.9436729,13.7936481,6,3019.392631
Percilia irwini,1,1525,-37,-73,75.06299213,103.4748428,1.291669373,6,3526.717392
Percilia irwini,3,1549,-38,-72,276.0629921,129.6355156,11.21314184,4,419.5884732
Percilia irwini,3,1549,-38,-72,276.0629921,129.6355156,11.21314184,4,419.5884732
Percilia irwini,1,1525,-37,-73,75.06299213,103.4748428,1.291669373,6,3526.717392
Percilia irwini,2,1933,-37,-72,178.921875,105.1404316,4.258407648,5,967.7092813
Percilia irwini,1,1525,-37,-73,75.06299213,103.4748428,1.291669373,6,3526.717392
Percilia irwini,1,1525,-37,-73,75.06299213,103.4748428,1.291669373,6,3526.717392
Percilia irwini,1,1525,-37,-73,75.06299213,103.4748428,1.291669373,6,3526.717392
Percilia irwini,1,1525,-37,-73,75.06299213,103.4748428,1.291669373,6,3526.717392
Percilia irwini,3,1385,-38,-72,117.0362694,101.5833359,1.895766663,6,3526.717392
Percilia irwini,1,1172,-38,-72,256.4545455,122.4354573,1.286548742,6,3019.392631
Percilia irwini,1,1172,-38,-72,256.4545455,122.4354573,1.286548742,6,3019.392631
Percilia irwini,3,1549,-38,-72,276.0629921,129.6355156,11.21314184,4,419.5884732
Percilia irwini,3,1549,-38,-72,276.0629921,129.6355156,11.21314184,4,419.5884732
Percilia irwini,1,1172,-38,-72,256.4545455,122.4354573,1.286548742,6,3019.392631
Percilia irwini,1,1172,-38,-72,256.4545455,122.4354573,1.286548742,6,3019.392631
Percilia irwini,1,1525,-37,-73,75.06299213,103.4748428,1.291669373,6,3526.717392
Percilia irwini,1,1525,-37,-73,75.06299213,103.4748428,1.291669373,6,3526.717392
Percilia irwini,1,1172,-38,-72,256.4545455,122.4354573,1.286548742,6,3019.392631
Percilia irwini,1,1172,-38,-72,256.4545455,122.4354573,1.286548742,6,3019.392631
Percilia irwini,1,1172,-38,-72,256.4545455,122.4354573,1.286548742,6,3019.392631
Percilia irwini,4,1760,-38,-73,79.125,103.338334,1.344648499,6,6261.697266
Percilia irwini,4,1760,-38,-73,79.125,103.338334,1.344648499,6,6261.697266
Percilia irwini,3,1608,-38,-73,87.00401606,100.1915891,1,5,154.1941464
Percilia irwini,12,1917,-37,-72,354.5454545,112.3168151,3.603549118,5,967.7092813
Percilia irwini,1,1173,-38,-72,241.6390977,120.9665176,2.296090808,6,3526.717392
Percilia irwini,1,1525,-37,-73,75.06299213,103.4748428,1.291669373,6,3526.717392
Percilia irwini,1,1173,-38,-72,241.6390977,120.9665176,2.296090808,6,3526.717392
Percilia irwini,1,1524,-37,-73,74.05737705,102.6450002,1.207989798,6,3526.717392
Percilia irwini,1,1173,-38,-72,241.6390977,120.9665176,2.296090808,6,3526.717392
Percilia irwini,1,1173,-38,-72,241.6390977,120.9665176,2.296090808,6,3526.717392
Percilia irwini,1,1173,-38,-72,241.6390977,120.9665176,2.296090808,6,3526.717392
Percilia irwini,1,1173,-38,-72,241.6390977,120.9665176,2.296090808,6,3526.717392
Percilia irwini,1,1349,-38,-72,455.9098039,148.4282426,27.06829148,3,3019.392631
Percilia irwini,1,1760,-38,-73,79.125,103.338334,1.344648499,6,6261.697266
Percilia irwini,1,1524,-37,-73,74.05737705,102.6450002,1.207989798,6,3526.717392
Percilia irwini,1,1353,-38,-72,357.6867925,140.7681836,6.289933997,4,3019.392631
Percilia irwini,3,1353,-38,-72,357.6867925,140.7681836,6.289933997,4,3019.392631
Percilia irwini,2,1933,-37,-72,178.921875,105.1404316,4.258407648,5,967.7092813
Percilia irwini,2,1916,-37,-72,369.6431535,113.0148534,4.216141644,5,967.7092813
Percilia irwini,1,1351,-38,-72,403.459144,142.8271616,4.5816708,3,3019.392631
Percilia irwini,1,1351,-38,-72,403.459144,142.8271616,4.5816708,3,3019.392631
Percilia irwini,1,1351,-38,-72,403.459144,142.8271616,4.5816708,3,3019.392631
Percilia irwini,1,1351,-38,-72,403.459144,142.8271616,4.5816708,3,3019.392631
Percilia irwini,1,1351,-38,-72,403.459144,142.8271616,4.5816708,3,3019.392631
Percilia irwini,1,1353,-38,-72,357.6867925,140.7681836,6.289933997,4,3019.392631
Percilia irwini,12,1916,-37,-72,369.6431535,113.0148534,4.216141644,5,967.7092813
Percilia irwini,12,1916,-37,-72,369.6431535,113.0148534,4.216141644,5,967.7092813
Percilia irwini,2,1933,-37,-72,178.921875,105.1404316,4.258407648,5,967.7092813
Percilia irwini,1,1351,-38,-72,403.459144,142.8271616,4.5816708,3,3019.392631
Percilia irwini,12,1916,-37,-72,369.6431535,113.0148534,4.216141644,5,967.7092813
Percilia irwini,12,1916,-37,-72,369.6431535,113.0148534,4.216141644,5,967.7092813
Percilia irwini,1,1349,-38,-72,455.9098039,148.4282426,27.06829148,3,3019.392631
Percilia irwini,2,1933,-37,-72,178.921875,105.1404316,4.258407648,5,967.7092813
Percilia irwini,12,1916,-37,-72,369.6431535,113.0148534,4.216141644,5,967.7092813
Percilia irwini,12,1916,-37,-72,369.6431535,113.0148534,4.216141644,5,967.7092813
Percilia irwini,12,1916,-37,-72,369.6431535,113.0148534,4.216141644,5,967.7092813
Percilia irwini,3,1608,-38,-73,87.00401606,100.1915891,1,5,154.1941464
Percilia irwini,12,1918,-37,-72,338.9216418,111.7864594,2.509841725,5,967.7092813
Percilia irwini,1,1525,-37,-73,75.06299213,103.4748428,1.291669373,6,3526.717392
Percilia irwini,1,1525,-37,-73,75.06299213,103.4748428,1.291669373,6,3526.717392
Percilia irwini,1,1525,-37,-73,75.06299213,103.4748428,1.291669373,6,3526.717392
Percilia irwini,12,1916,-37,-72,369.6431535,113.0148534,4.216141644,5,967.7092813
Percilia irwini,1,1525,-37,-73,75.06299213,103.4748428,1.291669373,6,3526.717392
Percilia irwini,12,1916,-37,-72,369.6431535,113.0148534,4.216141644,5,967.7092813
Percilia irwini,1,1342,-38,-72,366.6785714,158.8839576,5.299810607,6,3019.392631
Percilia irwini,1,1525,-37,-73,75.06299213,103.4748428,1.291669373,6,3526.717392
Percilia irwini,1,1342,-38,-72,366.6785714,158.8839576,5.299810607,6,3019.392631
Percilia irwini,1,1342,-38,-72,366.6785714,158.8839576,5.299810607,6,3019.392631
Percilia irwini,1,1525,-37,-73,75.06299213,103.4748428,1.291669373,6,3526.717392
Percilia irwini,1,1342,-38,-72,366.6785714,158.8839576,5.299810607,6,3019.392631
Percilia irwini,4,1760,-38,-73,79.125,103.338334,1.344648499,6,6261.697266
Percilia irwini,1,1525,-37,-73,75.06299213,103.4748428,1.291669373,6,3526.717392
Percilia irwini,1,1342,-38,-72,366.6785714,158.8839576,5.299810607,6,3019.392631
Percilia irwini,12,1918,-37,-72,338.9216418,111.7864594,2.509841725,5,967.7092813
Percilia irwini,12,1918,-37,-72,338.9216418,111.7864594,2.509841725,5,967.7092813
Percilia irwini,12,1918,-37,-72,338.9216418,111.7864594,2.509841725,5,967.7092813
Percilia irwini,12,1918,-37,-72,338.9216418,111.7864594,2.509841725,5,967.7092813
Percilia irwini,12,1918,-37,-72,338.9216418,111.7864594,2.509841725,5,967.7092813
Percilia irwini,1,2062,-38,-72,298.8237548,132.9436729,13.7936481,6,3019.392631
Percilia irwini,2,1916,-37,-72,369.6431535,113.0148534,4.216141644,5,967.7092813
Percilia irwini,1,1524,-37,-73,74.05737705,102.6450002,1.207989798,6,3526.717392
Percilia irwini,3,1385,-38,-72,117.0362694,101.5833359,1.895766663,6,3526.717392
Percilia irwini,3,1385,-38,-72,117.0362694,101.5833359,1.895766663,6,3526.717392
Percilia irwini,1,1353,-38,-72,357.6867925,140.7681836,6.289933997,4,3019.392631
Percilia irwini,2,1916,-37,-72,369.6431535,113.0148534,4.216141644,5,967.7092813
Percilia irwini,3,1385,-38,-72,117.0362694,101.5833359,1.895766663,6,3526.717392
Percilia irwini,3,1385,-38,-72,117.0362694,101.5833359,1.895766663,6,3526.717392
Percilia irwini,3,1608,-38,-73,87.00401606,100.1915891,1,5,154.1941464
Percilia irwini,2,1918,-37,-72,338.9216418,111.7864594,2.509841725,5,967.7092813
Percilia irwini,3,1385,-38,-72,117.0362694,101.5833359,1.895766663,6,3526.717392
Percilia irwini,3,1385,-38,-72,117.0362694,101.5833359,1.895766663,6,3526.717392
Percilia irwini,1,1524,-37,-73,74.05737705,102.6450002,1.207989798,6,3526.717392
Percilia irwini,3,1385,-38,-72,117.0362694,101.5833359,1.895766663,6,3526.717392
Percilia irwini,3,1563,-38,-72,161.2708333,108.7996618,3.086832117,4,419.5884732
Percilia irwini,1,1342,-38,-72,366.6785714,158.8839576,5.299810607,6,3019.392631
Percilia irwini,3,1174,-38,-72,187.8987854,111.7043264,1.16080209,6,3526.717392
Percilia irwini,1,1342,-38,-72,366.6785714,158.8839576,5.299810607,6,3019.392631
Percilia irwini,12,1918,-37,-72,338.9216418,111.7864594,2.509841725,5,967.7092813
Percilia irwini,1,1349,-38,-72,455.9098039,148.4282426,27.06829148,3,3019.392631
Percilia irwini,3,1549,-38,-72,276.0629921,129.6355156,11.21314184,4,419.5884732
Percilia irwini,1,1524,-37,-73,74.05737705,102.6450002,1.207989798,6,3526.717392
Percilia irwini,3,1549,-38,-72,276.0629921,129.6355156,11.21314184,4,419.5884732
Percilia irwini,1,1342,-38,-72,366.6785714,158.8839576,5.299810607,6,3019.392631
Percilia irwini,4,1760,-38,-73,79.125,103.338334,1.344648499,6,6261.697266
Percilia irwini,4,1760,-38,-73,79.125,103.338334,1.344648499,6,6261.697266
Percilia irwini,4,1760,-38,-73,79.125,103.338334,1.344648499,6,6261.697266
Percilia irwini,4,1760,-38,-73,79.125,103.338334,1.344648499,6,6261.697266
Percilia irwini,4,1760,-38,-73,79.125,103.338334,1.344648499,6,6261.697266
Percilia irwini,4,1760,-38,-73,79.125,103.338334,1.344648499,6,6261.697266
Percilia irwini,3,1385,-38,-72,117.0362694,101.5833359,1.895766663,6,3526.717392
Percilia irwini,3,1385,-38,-72,117.0362694,101.5833359,1.895766663,6,3526.717392
Percilia irwini,3,1385,-38,-72,117.0362694,101.5833359,1.895766663,6,3526.717392
Percilia irwini,4,1760,-38,-73,79.125,103.338334,1.344648499,6,6261.697266
Percilia irwini,3,1385,-38,-72,117.0362694,101.5833359,1.895766663,6,3526.717392
Percilia irwini,4,1760,-38,-73,79.125,103.338334,1.344648499,6,6261.697266
Percilia irwini,4,1760,-38,-73,79.125,103.338334,1.344648499,6,6261.697266
Percilia irwini,4,1760,-38,-73,79.125,103.338334,1.344648499,6,6261.697266
Percilia irwini,2,1919,-37,-72,325.7125984,112.264937,2.674051057,5,967.7092813
Percilia irwini,2,1919,-37,-72,325.7125984,112.264937,2.674051057,5,967.7092813
Percilia irwini,4,1760,-38,-73,79.125,103.338334,1.344648499,6,6261.697266
Percilia irwini,4,1760,-38,-73,79.125,103.338334,1.344648499,6,6261.697266
Percilia irwini,2,1916,-37,-72,369.6431535,113.0148534,4.216141644,5,967.7092813
Percilia irwini,2,1916,-37,-72,369.6431535,113.0148534,4.216141644,5,967.7092813
Percilia irwini,1,1525,-37,-73,75.06299213,103.4748428,1.291669373,6,3526.717392
Percilia irwini,1,2063,-38,-72,290.1971831,129.7125486,1.974997731,6,3019.392631
Percilia irwini,3,1608,-38,-73,87.00401606,100.1915891,1,5,154.1941464
Percilia irwini,3,1608,-38,-73,87.00401606,100.1915891,1,5,154.1941464
Percilia irwini,1,2063,-38,-72,290.1971831,129.7125486,1.974997731,6,3019.392631
Percilia irwini,1,2063,-38,-72,290.1971831,129.7125486,1.974997731,6,3019.392631
Percilia irwini,1,1173,-38,-72,241.6390977,120.9665176,2.296090808,6,3526.717392
Percilia irwini,1,2063,-38,-72,290.1971831,129.7125486,1.974997731,6,3019.392631
Percilia irwini,4,1524,-37,-73,74.05737705,102.6450002,1.207989798,6,3526.717392
Percilia irwini,4,1524,-37,-73,74.05737705,102.6450002,1.207989798,6,3526.717392
Percilia irwini,1,2064,-38,-72,282.364486,128.6732224,3.156730716,6,3019.392631
Percilia irwini,1,2064,-38,-72,282.364486,128.6732224,3.156730716,6,3019.392631
Percilia irwini,4,1524,-37,-73,74.05737705,102.6450002,1.207989798,6,3526.717392
Percilia irwini,4,1524,-37,-73,74.05737705,102.6450002,1.207989798,6,3526.717392
Percilia irwini,4,1524,-37,-73,74.05737705,102.6450002,1.207989798,6,3526.717392
Percilia irwini,4,1524,-37,-73,74.05737705,102.6450002,1.207989798,6,3526.717392
Percilia irwini,4,1524,-37,-73,74.05737705,102.6450002,1.207989798,6,3526.717392
Percilia irwini,3,1365,-38,-72,223.8059701,118.6614585,2.048679998,6,3526.717392
Percilia irwini,1,1524,-37,-73,74.05737705,102.6450002,1.207989798,6,3526.717392
Percilia irwini,1,2067,-38,-72,264.8429119,123.1311731,1.984076042,6,3019.392631
Percilia irwini,3,1385,-38,-72,117.0362694,101.5833359,1.895766663,6,3526.717392
Percilia irwini,3,1385,-38,-72,117.0362694,101.5833359,1.895766663,6,3526.717392
Percilia irwini,3,1385,-38,-72,117.0362694,101.5833359,1.895766663,6,3526.717392
Percilia irwini,1,1172,-38,-72,256.4545455,122.4354573,1.286548742,6,3019.392631
Percilia irwini,3,1385,-38,-72,117.0362694,101.5833359,1.895766663,6,3526.717392
Percilia irwini,2,1916,-37,-72,369.6431535,113.0148534,4.216141644,5,967.7092813
Percilia irwini,3,1385,-38,-72,117.0362694,101.5833359,1.895766663,6,3526.717392
Percilia irwini,1,1172,-38,-72,256.4545455,122.4354573,1.286548742,6,3019.392631
Percilia irwini,1,1524,-37,-73,74.05737705,102.6450002,1.207989798,6,3526.717392
Percilia irwini,1,1525,-37,-73,75.06299213,103.4748428,1.291669373,6,3526.717392
Percilia irwini,1,1173,-38,-72,241.6390977,120.9665176,2.296090808,6,3526.717392
Percilia irwini,1,1173,-38,-72,241.6390977,120.9665176,2.296090808,6,3526.717392
Percilia irwini,1,1342,-38,-72,366.6785714,158.8839576,5.299810607,6,3019.392631
Percilia irwini,1,1525,-37,-73,75.06299213,103.4748428,1.291669373,6,3526.717392
Percilia irwini,1,1525,-37,-73,75.06299213,103.4748428,1.291669373,6,3526.717392
Percilia irwini,1,1349,-38,-72,455.9098039,148.4282426,27.06829148,3,3019.392631
Percilia irwini,2,1918,-37,-72,338.9216418,111.7864594,2.509841725,5,967.7092813
Percilia irwini,2,1933,-37,-72,178.921875,105.1404316,4.258407648,5,967.7092813
Percilia irwini,1,1524,-37,-73,74.05737705,102.6450002,1.207989798,6,3526.717392
Percilia irwini,1,1342,-38,-72,366.6785714,158.8839576,5.299810607,6,3019.392631
Percilia irwini,3,1608,-38,-73,87.00401606,100.1915891,1,5,154.1941464
Percilia irwini,12,1918,-37,-72,338.9216418,111.7864594,2.509841725,5,967.7092813
Percilia irwini,1,1342,-38,-72,366.6785714,158.8839576,5.299810607,6,3019.392631
Percilia irwini,12,1918,-37,-72,338.9216418,111.7864594,2.509841725,5,967.7092813
Percilia irwini,3,1549,-38,-72,276.0629921,129.6355156,11.21314184,4,419.5884732
Percilia irwini,3,1549,-38,-72,276.0629921,129.6355156,11.21314184,4,419.5884732
Percilia irwini,3,1549,-38,-72,276.0629921,129.6355156,11.21314184,4,419.5884732
Percilia irwini,1,1342,-38,-72,366.6785714,158.8839576,5.299810607,6,3019.392631
Percilia irwini,1,1525,-37,-73,75.06299213,103.4748428,1.291669373,6,3526.717392
Percilia irwini,1,2063,-38,-72,290.1971831,129.7125486,1.974997731,6,3019.392631
Percilia irwini,3,1549,-38,-72,276.0629921,129.6355156,11.21314184,4,419.5884732
Percilia irwini,1,1342,-38,-72,366.6785714,158.8839576,5.299810607,6,3019.392631
Percilia irwini,3,1549,-38,-72,276.0629921,129.6355156,11.21314184,4,419.5884732
Percilia irwini,3,1549,-38,-72,276.0629921,129.6355156,11.21314184,4,419.5884732
Percilia irwini,3,1549,-38,-72,276.0629921,129.6355156,11.21314184,4,419.5884732
Percilia irwini,3,1549,-38,-72,276.0629921,129.6355156,11.21314184,4,419.5884732
Percilia irwini,3,1549,-38,-72,276.0629921,129.6355156,11.21314184,4,419.5884732
Percilia irwini,3,1549,-38,-72,276.0629921,129.6355156,11.21314184,4,419.5884732
Percilia irwini,3,1549,-38,-72,276.0629921,129.6355156,11.21314184,4,419.5884732
Percilia irwini,3,1549,-38,-72,276.0629921,129.6355156,11.21314184,4,419.5884732
Percilia irwini,1,2063,-38,-72,290.1971831,129.7125486,1.974997731,6,3019.392631
Percilia irwini,1,1172,-38,-72,256.4545455,122.4354573,1.286548742,6,3019.392631
Percilia irwini,1,1525,-37,-73,75.06299213,103.4748428,1.291669373,6,3526.717392
Percilia irwini,1,1525,-37,-73,75.06299213,103.4748428,1.291669373,6,3526.717392
Percilia irwini,3,1174,-38,-72,187.8987854,111.7043264,1.16080209,6,3526.717392
Percilia irwini,1,2067,-38,-72,264.8429119,123.1311731,1.984076042,6,3019.392631
Percilia irwini,4,1760,-38,-73,79.125,103.338334,1.344648499,6,6261.697266
Percilia irwini,1,1353,-38,-72,357.6867925,140.7681836,6.289933997,4,3019.392631
Percilia irwini,4,1760,-38,-73,79.125,103.338334,1.344648499,6,6261.697266
Percilia irwini,2,1933,-37,-72,178.921875,105.1404316,4.258407648,5,967.7092813
Percilia irwini,4,1525,-37,-73,75.06299213,103.4748428,1.291669373,6,3526.717392
Percilia irwini,1,1525,-37,-73,75.06299213,103.4748428,1.291669373,6,3526.717392
Percilia irwini,1,2063,-38,-72,290.1971831,129.7125486,1.974997731,6,3019.392631
Percilia irwini,1,1525,-37,-73,75.06299213,103.4748428,1.291669373,6,3526.717392
Percilia irwini,1,1525,-37,-73,75.06299213,103.4748428,1.291669373,6,3526.717392
Percilia irwini,1,1173,-38,-72,241.6390977,120.9665176,2.296090808,6,3526.717392
Percilia irwini,1,1173,-38,-72,241.6390977,120.9665176,2.296090808,6,3526.717392
Percilia irwini,1,1349,-38,-72,455.9098039,148.4282426,27.06829148,3,3019.392631
Percilia irwini,1,1760,-38,-73,79.125,103.338334,1.344648499,6,6261.697266
Percilia irwini,1,1760,-38,-73,79.125,103.338334,1.344648499,6,6261.697266
Percilia irwini,1,1760,-38,-73,79.125,103.338334,1.344648499,6,6261.697266
Percilia irwini,1,1524,-37,-73,74.05737705,102.6450002,1.207989798,6,3526.717392
Percilia irwini,1,1524,-37,-73,74.05737705,102.6450002,1.207989798,6,3526.717392
Percilia irwini,1,1524,-37,-73,74.05737705,102.6450002,1.207989798,6,3526.717392
Percilia irwini,3,1942,-37,-72,115.223176,97.42375808,1.710490956,5,967.7092813
Percilia irwini,1,1524,-37,-73,74.05737705,102.6450002,1.207989798,6,3526.717392
Percilia irwini,1,1524,-37,-73,74.05737705,102.6450002,1.207989798,6,3526.717392
Percilia irwini,3,1365,-38,-72,223.8059701,118.6614585,2.048679998,6,3526.717392
Percilia irwini,1,1525,-37,-73,75.06299213,103.4748428,1.291669373,6,3526.717392
Percilia irwini,3,1385,-38,-72,117.0362694,101.5833359,1.895766663,6,3526.717392
Percilia irwini,12,1918,-37,-72,338.9216418,111.7864594,2.509841725,5,967.7092813
Percilia irwini,3,1174,-38,-72,187.8987854,111.7043264,1.16080209,6,3526.717392
Percilia irwini,12,1918,-37,-72,338.9216418,111.7864594,2.509841725,5,967.7092813
Percilia irwini,2,1933,-37,-72,178.921875,105.1404316,4.258407648,5,967.7092813
Percilia irwini,12,1916,-37,-72,369.6431535,113.0148534,4.216141644,5,967.7092813
Percilia irwini,12,1916,-37,-72,369.6431535,113.0148534,4.216141644,5,967.7092813
Percilia irwini,1,1524,-37,-73,74.05737705,102.6450002,1.207989798,6,3526.717392
Percilia irwini,1,1353,-38,-72,357.6867925,140.7681836,6.289933997,4,3019.392631
Percilia irwini,1,1351,-38,-72,403.459144,142.8271616,4.5816708,3,3019.392631
Percilia irwini,1,1524,-37,-73,74.05737705,102.6450002,1.207989798,6,3526.717392
Percilia irwini,2,1933,-37,-72,178.921875,105.1404316,4.258407648,5,967.7092813
Percilia irwini,1,1353,-38,-72,357.6867925,140.7681836,6.289933997,4,3019.392631
Percilia irwini,1,1353,-38,-72,357.6867925,140.7681836,6.289933997,4,3019.392631
Percilia irwini,1,1353,-38,-72,357.6867925,140.7681836,6.289933997,4,3019.392631
Percilia irwini,2,1933,-37,-72,178.921875,105.1404316,4.258407648,5,967.7092813
Percilia irwini,2,1933,-37,-72,178.921875,105.1404316,4.258407648,5,967.7092813
Percilia irwini,1,1353,-38,-72,357.6867925,140.7681836,6.289933997,4,3019.392631
Percilia irwini,1,1525,-37,-73,75.06299213,103.4748428,1.291669373,6,3526.717392
Percilia irwini,3,1385,-38,-72,117.0362694,101.5833359,1.895766663,6,3526.717392
Percilia irwini,2,1933,-37,-72,178.921875,105.1404316,4.258407648,5,967.7092813
Percilia irwini,2,1933,-37,-72,178.921875,105.1404316,4.258407648,5,967.7092813
Percilia irwini,1,1524,-37,-73,74.05737705,102.6450002,1.207989798,6,3526.717392
Percilia irwini,1,1524,-37,-73,74.05737705,102.6450002,1.207989798,6,3526.717392
Percilia irwini,1,1342,-38,-72,366.6785714,158.8839576,5.299810607,6,3019.392631
Percilia irwini,4,1760,-38,-73,79.125,103.338334,1.344648499,6,6261.697266
Percilia irwini,4,1760,-38,-73,79.125,103.338334,1.344648499,6,6261.697266
Percilia irwini,2,1916,-37,-72,369.6431535,113.0148534,4.216141644,5,967.7092813
Percilia irwini,1,1342,-38,-72,366.6785714,158.8839576,5.299810607,6,3019.392631
Percilia irwini,1,1349,-38,-72,455.9098039,148.4282426,27.06829148,3,3019.392631
Percilia irwini,2,1919,-37,-72,325.7125984,112.264937,2.674051057,5,967.7092813
Percilia irwini,1,1342,-38,-72,366.6785714,158.8839576,5.299810607,6,3019.392631
Percilia irwini,3,1549,-38,-72,276.0629921,129.6355156,11.21314184,4,419.5884732
Percilia irwini,1,1525,-37,-73,75.06299213,103.4748428,1.291669373,6,3526.717392
Percilia irwini,1,1342,-38,-72,366.6785714,158.8839576,5.299810607,6,3019.392631
Percilia irwini,1,1524,-37,-73,74.05737705,102.6450002,1.207989798,6,3526.717392
Percilia irwini,12,1916,-37,-72,369.6431535,113.0148534,4.216141644,5,967.7092813
Percilia irwini,3,1921,-37,-72,308.4888889,113.9680038,3.428372948,5,967.7092813
Percilia irwini,3,1921,-37,-72,308.4888889,113.9680038,3.428372948,5,967.7092813
Percilia irwini,12,1918,-37,-72,338.9216418,111.7864594,2.509841725,5,967.7092813
Percilia irwini,12,1918,-37,-72,338.9216418,111.7864594,2.509841725,5,967.7092813
Percilia irwini,4,1760,-38,-73,79.125,103.338334,1.344648499,6,6261.697266
Percilia irwini,4,1760,-38,-73,79.125,103.338334,1.344648499,6,6261.697266
Percilia irwini,3,1174,-38,-72,187.8987854,111.7043264,1.16080209,6,3526.717392
Percilia irwini,4,1760,-38,-73,79.125,103.338334,1.344648499,6,6261.697266
Percilia irwini,2,1916,-37,-72,369.6431535,113.0148534,4.216141644,5,967.7092813
Percilia irwini,12,1918,-37,-72,338.9216418,111.7864594,2.509841725,5,967.7092813
Percilia irwini,3,1608,-38,-73,87.00401606,100.1915891,1,5,154.1941464
Percilia irwini,1,2063,-38,-72,290.1971831,129.7125486,1.974997731,6,3019.392631
Percilia irwini,1,1525,-37,-73,75.06299213,103.4748428,1.291669373,6,3526.717392
Percilia irwini,1,1525,-37,-73,75.06299213,103.4748428,1.291669373,6,3526.717392
Percilia irwini,1,2063,-38,-72,290.1971831,129.7125486,1.974997731,6,3019.392631
Percilia irwini,1,1525,-37,-73,75.06299213,103.4748428,1.291669373,6,3526.717392
Percilia irwini,3,1365,-38,-72,223.8059701,118.6614585,2.048679998,6,3526.717392
Percilia irwini,1,2063,-38,-72,290.1971831,129.7125486,1.974997731,6,3019.392631
Percilia irwini,3,1365,-38,-72,223.8059701,118.6614585,2.048679998,6,3526.717392
Percilia irwini,2,1916,-37,-72,369.6431535,113.0148534,4.216141644,5,967.7092813
Percilia irwini,3,1365,-38,-72,223.8059701,118.6614585,2.048679998,6,3526.717392
Percilia irwini,1,1172,-38,-72,256.4545455,122.4354573,1.286548742,6,3019.392631
Percilia irwini,1,1172,-38,-72,256.4545455,122.4354573,1.286548742,6,3019.392631
Percilia irwini,1,1172,-38,-72,256.4545455,122.4354573,1.286548742,6,3019.392631
Percilia irwini,3,1353,-38,-72,357.6867925,140.7681836,6.289933997,4,3019.392631
Percilia irwini,3,1563,-38,-72,161.2708333,108.7996618,3.086832117,4,419.5884732
Percilia irwini,2,1918,-37,-72,338.9216418,111.7864594,2.509841725,5,967.7092813
Percilia irwini,3,1385,-38,-72,117.0362694,101.5833359,1.895766663,6,3526.717392
Percilia irwini,1,1525,-37,-73,75.06299213,103.4748428,1.291669373,6,3526.717392
Percilia irwini,3,1385,-38,-72,117.0362694,101.5833359,1.895766663,6,3526.717392
Percilia irwini,3,1385,-38,-72,117.0362694,101.5833359,1.895766663,6,3526.717392
Percilia irwini,3,1385,-38,-72,117.0362694,101.5833359,1.895766663,6,3526.717392
Percilia irwini,3,1385,-38,-72,117.0362694,101.5833359,1.895766663,6,3526.717392
Percilia irwini,3,1385,-38,-72,117.0362694,101.5833359,1.895766663,6,3526.717392
Percilia irwini,3,1385,-38,-72,117.0362694,101.5833359,1.895766663,6,3526.717392
Percilia irwini,3,1385,-38,-72,117.0362694,101.5833359,1.895766663,6,3526.717392
Percilia irwini,3,1385,-38,-72,117.0362694,101.5833359,1.895766663,6,3526.717392
Percilia irwini,3,1385,-38,-72,117.0362694,101.5833359,1.895766663,6,3526.717392
Percilia irwini,3,1385,-38,-72,117.0362694,101.5833359,1.895766663,6,3526.717392
Percilia irwini,3,1385,-38,-72,117.0362694,101.5833359,1.895766663,6,3526.717392
Percilia irwini,3,1385,-38,-72,117.0362694,101.5833359,1.895766663,6,3526.717392
Percilia irwini,3,1385,-38,-72,117.0362694,101.5833359,1.895766663,6,3526.717392
Percilia irwini,1,1342,-38,-72,366.6785714,158.8839576,5.299810607,6,3019.392631
Percilia irwini,1,1524,-37,-73,74.05737705,102.6450002,1.207989798,6,3526.717392
Percilia irwini,3,1608,-38,-73,87.00401606,100.1915891,1,5,154.1941464
Percilia irwini,3,1174,-38,-72,187.8987854,111.7043264,1.16080209,6,3526.717392
Percilia irwini,2,1916,-37,-72,369.6431535,113.0148534,4.216141644,5,967.7092813
Percilia irwini,12,1918,-37,-72,338.9216418,111.7864594,2.509841725,5,967.7092813
Percilia irwini,2,1916,-37,-72,369.6431535,113.0148534,4.216141644,5,967.7092813
Percilia irwini,3,1549,-38,-72,276.0629921,129.6355156,11.21314184,4,419.5884732
Percilia irwini,3,1549,-38,-72,276.0629921,129.6355156,11.21314184,4,419.5884732
Percilia irwini,3,1549,-38,-72,276.0629921,129.6355156,11.21314184,4,419.5884732
Percilia irwini,1,1525,-37,-73,75.06299213,103.4748428,1.291669373,6,3526.717392
Percilia irwini,1,1525,-37,-73,75.06299213,103.4748428,1.291669373,6,3526.717392
Percilia irwini,1,1525,-37,-73,75.06299213,103.4748428,1.291669373,6,3526.717392
Percilia irwini,1,1342,-38,-72,366.6785714,158.8839576,5.299810607,6,3019.392631
Percilia irwini,4,1349,-38,-72,455.9098039,148.4282426,27.06829148,3,3019.392631
Percilia irwini,2,1933,-37,-72,178.921875,105.1404316,4.258407648,5,967.7092813
Percilia irwini,3,1549,-38,-72,276.0629921,129.6355156,11.21314184,4,419.5884732
Percilia irwini,4,1760,-38,-73,79.125,103.338334,1.344648499,6,6261.697266
Percilia irwini,3,1385,-38,-72,117.0362694,101.5833359,1.895766663,6,3526.717392
Percilia irwini,3,1385,-38,-72,117.0362694,101.5833359,1.895766663,6,3526.717392
Percilia irwini,3,1385,-38,-72,117.0362694,101.5833359,1.895766663,6,3526.717392
Percilia irwini,3,1385,-38,-72,117.0362694,101.5833359,1.895766663,6,3526.717392
Percilia irwini,3,1385,-38,-72,117.0362694,101.5833359,1.895766663,6,3526.717392
Percilia irwini,3,1385,-38,-72,117.0362694,101.5833359,1.895766663,6,3526.717392
Percilia irwini,12,1918,-37,-72,338.9216418,111.7864594,2.509841725,5,967.7092813
Percilia irwini,4,1760,-38,-73,79.125,103.338334,1.344648499,6,6261.697266
Percilia irwini,2,1916,-37,-72,369.6431535,113.0148534,4.216141644,5,967.7092813
Percilia irwini,3,1174,-38,-72,187.8987854,111.7043264,1.16080209,6,3526.717392
Percilia irwini,2,1916,-37,-72,369.6431535,113.0148534,4.216141644,5,967.7092813
Percilia irwini,2,1933,-37,-72,178.921875,105.1404316,4.258407648,5,967.7092813
Percilia irwini,3,1608,-38,-73,87.00401606,100.1915891,1,5,154.1941464
Percilia irwini,1,1525,-37,-73,75.06299213,103.4748428,1.291669373,6,3526.717392
Percilia irwini,1,2063,-38,-72,290.1971831,129.7125486,1.974997731,6,3019.392631
Percilia irwini,1,2063,-38,-72,290.1971831,129.7125486,1.974997731,6,3019.392631
Percilia irwini,1,2067,-38,-72,264.8429119,123.1311731,1.984076042,6,3019.392631
Percilia irwini,1,1524,-37,-73,74.05737705,102.6450002,1.207989798,6,3526.717392
Percilia irwini,1,2067,-38,-72,264.8429119,123.1311731,1.984076042,6,3019.392631
Percilia irwini,1,2067,-38,-72,264.8429119,123.1311731,1.984076042,6,3019.392631
Percilia irwini,1,2067,-38,-72,264.8429119,123.1311731,1.984076042,6,3019.392631
Percilia irwini,4,1524,-37,-73,74.05737705,102.6450002,1.207989798,6,3526.717392
Percilia irwini,4,1524,-37,-73,74.05737705,102.6450002,1.207989798,6,3526.717392
Percilia irwini,1,1524,-37,-73,74.05737705,102.6450002,1.207989798,6,3526.717392
Percilia irwini,1,1524,-37,-73,74.05737705,102.6450002,1.207989798,6,3526.717392
Percilia irwini,3,1385,-38,-72,117.0362694,101.5833359,1.895766663,6,3526.717392
Percilia irwini,3,1385,-38,-72,117.0362694,101.5833359,1.895766663,6,3526.717392
Percilia irwini,1,1353,-38,-72,357.6867925,140.7681836,6.289933997,4,3019.392631
Percilia irwini,1,1525,-37,-73,75.06299213,103.4748428,1.291669373,6,3526.717392
Percilia irwini,3,1385,-38,-72,117.0362694,101.5833359,1.895766663,6,3526.717392
Percilia irwini,3,1385,-38,-72,117.0362694,101.5833359,1.895766663,6,3526.717392
Percilia irwini,3,1385,-38,-72,117.0362694,101.5833359,1.895766663,6,3526.717392
Percilia irwini,3,1385,-38,-72,117.0362694,101.5833359,1.895766663,6,3526.717392
Percilia irwini,1,1342,-38,-72,366.6785714,158.8839576,5.299810607,6,3019.392631
Percilia irwini,3,1608,-38,-73,87.00401606,100.1915891,1,5,154.1941464
Percilia irwini,1,1172,-38,-72,256.4545455,122.4354573,1.286548742,6,3019.392631
Percilia irwini,1,1172,-38,-72,256.4545455,122.4354573,1.286548742,6,3019.392631
Percilia irwini,1,2062,-38,-72,298.8237548,132.9436729,13.7936481,6,3019.392631
Percilia irwini,1,2062,-38,-72,298.8237548,132.9436729,13.7936481,6,3019.392631
Percilia irwini,2,1916,-37,-72,369.6431535,113.0148534,4.216141644,5,967.7092813
Percilia irwini,1,1172,-38,-72,256.4545455,122.4354573,1.286548742,6,3019.392631
Percilia irwini,3,1563,-38,-72,161.2708333,108.7996618,3.086832117,4,419.5884732
Percilia irwini,3,1609,-38,-73,86.55078125,100.1896818,1,5,154.1941464
Percilia irwini,3,1609,-38,-73,86.55078125,100.1896818,1,5,154.1941464
Percilia irwini,3,1609,-38,-73,86.55078125,100.1896818,1,5,154.1941464
Percilia irwini,1,1173,-38,-72,241.6390977,120.9665176,2.296090808,6,3526.717392
Percilia irwini,1,1342,-38,-72,366.6785714,158.8839576,5.299810607,6,3019.392631
Percilia irwini,1,1342,-38,-72,366.6785714,158.8839576,5.299810607,6,3019.392631
Percilia irwini,1,1342,-38,-72,366.6785714,158.8839576,5.299810607,6,3019.392631
Percilia irwini,3,1563,-38,-72,161.2708333,108.7996618,3.086832117,4,419.5884732
Percilia irwini,1,1172,-38,-72,256.4545455,122.4354573,1.286548742,6,3019.392631
Percilia irwini,2,1916,-37,-72,369.6431535,113.0148534,4.216141644,5,967.7092813
Percilia irwini,2,1916,-37,-72,369.6431535,113.0148534,4.216141644,5,967.7092813
Percilia irwini,3,1385,-38,-72,117.0362694,101.5833359,1.895766663,6,3526.717392
Percilia irwini,2,1916,-37,-72,369.6431535,113.0148534,4.216141644,5,967.7092813
Percilia irwini,4,1349,-38,-72,455.9098039,148.4282426,27.06829148,3,3019.392631
Percilia irwini,1,1342,-38,-72,366.6785714,158.8839576,5.299810607,6,3019.392631
Percilia irwini,1,1342,-38,-72,366.6785714,158.8839576,5.299810607,6,3019.392631
Percilia irwini,1,1525,-37,-73,75.06299213,103.4748428,1.291669373,6,3526.717392
Percilia irwini,2,1916,-37,-72,369.6431535,113.0148534,4.216141644,5,967.7092813
Percilia irwini,1,1525,-37,-73,75.06299213,103.4748428,1.291669373,6,3526.717392
Percilia irwini,1,1342,-38,-72,366.6785714,158.8839576,5.299810607,6,3019.392631
Percilia irwini,2,1933,-37,-72,178.921875,105.1404316,4.258407648,5,967.7092813
Percilia irwini,4,1760,-38,-73,79.125,103.338334,1.344648499,6,6261.697266
Percilia irwini,4,1760,-38,-73,79.125,103.338334,1.344648499,6,6261.697266
Percilia irwini,1,2063,-38,-72,290.1971831,129.7125486,1.974997731,6,3019.392631
Percilia irwini,1,1760,-38,-73,79.125,103.338334,1.344648499,6,6261.697266
Percilia irwini,1,1172,-38,-72,256.4545455,122.4354573,1.286548742,6,3019.392631
Percilia irwini,1,1172,-38,-72,256.4545455,122.4354573,1.286548742,6,3019.392631
Percilia irwini,1,1525,-37,-73,75.06299213,103.4748428,1.291669373,6,3526.717392
Percilia irwini,12,1918,-37,-72,338.9216418,111.7864594,2.509841725,5,967.7092813
Percilia irwini,3,1608,-38,-73,87.00401606,100.1915891,1,5,154.1941464
Percilia irwini,2,1916,-37,-72,369.6431535,113.0148534,4.216141644,5,967.7092813
Percilia irwini,1,2062,-38,-72,298.8237548,132.9436729,13.7936481,6,3019.392631
Percilia irwini,2,1916,-37,-72,369.6431535,113.0148534,4.216141644,5,967.7092813
Percilia irwini,2,1916,-37,-72,369.6431535,113.0148534,4.216141644,5,967.7092813
Percilia irwini,2,1916,-37,-72,369.6431535,113.0148534,4.216141644,5,967.7092813
Percilia irwini,2,1933,-37,-72,178.921875,105.1404316,4.258407648,5,967.7092813
Percilia irwini,3,1608,-38,-73,87.00401606,100.1915891,1,5,154.1941464
Percilia irwini,1,1525,-37,-73,75.06299213,103.4748428,1.291669373,6,3526.717392
Percilia irwini,1,1525,-37,-73,75.06299213,103.4748428,1.291669373,6,3526.717392
Percilia irwini,1,1525,-37,-73,75.06299213,103.4748428,1.291669373,6,3526.717392
Percilia irwini,3,1365,-38,-72,223.8059701,118.6614585,2.048679998,6,3526.717392
Percilia irwini,3,1365,-38,-72,223.8059701,118.6614585,2.048679998,6,3526.717392
Percilia irwini,1,1173,-38,-72,241.6390977,120.9665176,2.296090808,6,3526.717392
Percilia irwini,4,1524,-37,-73,74.05737705,102.6450002,1.207989798,6,3526.717392
Percilia irwini,1,1525,-37,-73,75.06299213,103.4748428,1.291669373,6,3526.717392
Percilia irwini,1,1760,-38,-73,79.125,103.338334,1.344648499,6,6261.697266
Percilia irwini,1,1524,-37,-73,74.05737705,102.6450002,1.207989798,6,3526.717392
Percilia irwini,1,1349,-38,-72,455.9098039,148.4282426,27.06829148,3,3019.392631
Percilia irwini,1,1349,-38,-72,455.9098039,148.4282426,27.06829148,3,3019.392631
Percilia irwini,3,1385,-38,-72,117.0362694,101.5833359,1.895766663,6,3526.717392
Percilia irwini,3,1563,-38,-72,161.2708333,108.7996618,3.086832117,4,419.5884732
Percilia irwini,3,1563,-38,-72,161.2708333,108.7996618,3.086832117,4,419.5884732
Percilia irwini,1,1172,-38,-72,256.4545455,122.4354573,1.286548742,6,3019.392631
Percilia irwini,1,2062,-38,-72,298.8237548,132.9436729,13.7936481,6,3019.392631
Percilia irwini,2,1933,-37,-72,178.921875,105.1404316,4.258407648,5,967.7092813
Percilia irwini,3,1563,-38,-72,161.2708333,108.7996618,3.086832117,4,419.5884732
Percilia irwini,1,1351,-38,-72,403.459144,142.8271616,4.5816708,3,3019.392631
Percilia irwini,1,1351,-38,-72,403.459144,142.8271616,4.5816708,3,3019.392631
Percilia irwini,12,1916,-37,-72,369.6431535,113.0148534,4.216141644,5,967.7092813
Percilia irwini,1,1351,-38,-72,403.459144,142.8271616,4.5816708,3,3019.392631
Percilia irwini,1,1349,-38,-72,455.9098039,148.4282426,27.06829148,3,3019.392631
Percilia irwini,1,1349,-38,-72,455.9098039,148.4282426,27.06829148,3,3019.392631
Percilia irwini,3,1563,-38,-72,161.2708333,108.7996618,3.086832117,4,419.5884732
Percilia irwini,1,2062,-38,-72,298.8237548,132.9436729,13.7936481,6,3019.392631
Percilia irwini,4,1760,-38,-73,79.125,103.338334,1.344648499,6,6261.697266
Percilia irwini,3,1385,-38,-72,117.0362694,101.5833359,1.895766663,6,3526.717392
Percilia irwini,2,1916,-37,-72,369.6431535,113.0148534,4.216141644,5,967.7092813
Percilia irwini,1,1172,-38,-72,256.4545455,122.4354573,1.286548742,6,3019.392631
Percilia irwini,2,1916,-37,-72,369.6431535,113.0148534,4.216141644,5,967.7092813
Percilia irwini,2,1916,-37,-72,369.6431535,113.0148534,4.216141644,5,967.7092813
Percilia irwini,2,1916,-37,-72,369.6431535,113.0148534,4.216141644,5,967.7092813
Percilia irwini,4,1525,-37,-73,75.06299213,103.4748428,1.291669373,6,3526.717392
Percilia irwini,12,1918,-37,-72,338.9216418,111.7864594,2.509841725,5,967.7092813
Percilia irwini,4,1525,-37,-73,75.06299213,103.4748428,1.291669373,6,3526.717392
Percilia irwini,4,1349,-38,-72,455.9098039,148.4282426,27.06829148,3,3019.392631
Percilia irwini,2,1916,-37,-72,369.6431535,113.0148534,4.216141644,5,967.7092813
Percilia irwini,1,1342,-38,-72,366.6785714,158.8839576,5.299810607,6,3019.392631
Percilia irwini,1,1342,-38,-72,366.6785714,158.8839576,5.299810607,6,3019.392631
Percilia irwini,1,1524,-37,-73,74.05737705,102.6450002,1.207989798,6,3526.717392
Percilia irwini,1,1524,-37,-73,74.05737705,102.6450002,1.207989798,6,3526.717392
Percilia irwini,12,1918,-37,-72,338.9216418,111.7864594,2.509841725,5,967.7092813
Percilia irwini,4,1760,-38,-73,79.125,103.338334,1.344648499,6,6261.697266
Percilia irwini,3,1549,-38,-72,276.0629921,129.6355156,11.21314184,4,419.5884732
Percilia irwini,4,1760,-38,-73,79.125,103.338334,1.344648499,6,6261.697266
Percilia irwini,12,1916,-37,-72,369.6431535,113.0148534,4.216141644,5,967.7092813
Percilia irwini,4,1760,-38,-73,79.125,103.338334,1.344648499,6,6261.697266
Percilia irwini,4,1760,-38,-73,79.125,103.338334,1.344648499,6,6261.697266
Percilia irwini,1,1525,-37,-73,75.06299213,103.4748428,1.291669373,6,3526.717392
Percilia irwini,1,1760,-38,-73,79.125,103.338334,1.344648499,6,6261.697266
Percilia irwini,1,2064,-38,-72,282.364486,128.6732224,3.156730716,6,3019.392631
Percilia irwini,1,1525,-37,-73,75.06299213,103.4748428,1.291669373,6,3526.717392
Percilia irwini,4,1760,-38,-73,79.125,103.338334,1.344648499,6,6261.697266
Percilia irwini,2,1916,-37,-72,369.6431535,113.0148534,4.216141644,5,967.7092813
Percilia irwini,4,1760,-38,-73,79.125,103.338334,1.344648499,6,6261.697266
Percilia irwini,2,1916,-37,-72,369.6431535,113.0148534,4.216141644,5,967.7092813
Percilia irwini,2,1916,-37,-72,369.6431535,113.0148534,4.216141644,5,967.7092813
Percilia irwini,1,2062,-38,-72,298.8237548,132.9436729,13.7936481,6,3019.392631
Percilia irwini,3,1385,-38,-72,117.0362694,101.5833359,1.895766663,6,3526.717392
Percilia irwini,3,1385,-38,-72,117.0362694,101.5833359,1.895766663,6,3526.717392
Percilia irwini,2,1933,-37,-72,178.921875,105.1404316,4.258407648,5,967.7092813
Percilia irwini,3,1365,-38,-72,223.8059701,118.6614585,2.048679998,6,3526.717392
Percilia irwini,1,1525,-37,-73,75.06299213,103.4748428,1.291669373,6,3526.717392
Percilia irwini,3,1365,-38,-72,223.8059701,118.6614585,2.048679998,6,3526.717392
Percilia irwini,1,1524,-37,-73,74.05737705,102.6450002,1.207989798,6,3526.717392
Percilia irwini,2,1909,-37,-72,511.2031873,119.9583311,1.537121968,5,967.7092813
Percilia irwini,1,1524,-37,-73,74.05737705,102.6450002,1.207989798,6,3526.717392
Percilia irwini,2,1916,-37,-72,369.6431535,113.0148534,4.216141644,5,967.7092813
Percilia irwini,3,1365,-38,-72,223.8059701,118.6614585,2.048679998,6,3526.717392
Percilia irwini,2,1909,-37,-72,511.2031873,119.9583311,1.537121968,5,967.7092813
Percilia irwini,1,1524,-37,-73,74.05737705,102.6450002,1.207989798,6,3526.717392
Percilia irwini,3,1385,-38,-72,117.0362694,101.5833359,1.895766663,6,3526.717392
Percilia irwini,1,1525,-37,-73,75.06299213,103.4748428,1.291669373,6,3526.717392
Percilia irwini,12,1918,-37,-72,338.9216418,111.7864594,2.509841725,5,967.7092813
Percilia irwini,1,1342,-38,-72,366.6785714,158.8839576,5.299810607,6,3019.392631
Percilia irwini,1,1525,-37,-73,75.06299213,103.4748428,1.291669373,6,3526.717392
Percilia irwini,1,1525,-37,-73,75.06299213,103.4748428,1.291669373,6,3526.717392
Percilia irwini,2,1933,-37,-72,178.921875,105.1404316,4.258407648,5,967.7092813
Percilia irwini,2,1916,-37,-72,369.6431535,113.0148534,4.216141644,5,967.7092813
Percilia irwini,1,1525,-37,-73,75.06299213,103.4748428,1.291669373,6,3526.717392
Percilia irwini,4,1525,-37,-73,75.06299213,103.4748428,1.291669373,6,3526.717392
Percilia irwini,3,1608,-38,-73,87.00401606,100.1915891,1,5,154.1941464
Percilia irwini,3,1563,-38,-72,161.2708333,108.7996618,3.086832117,4,419.5884732
Percilia irwini,3,1608,-38,-73,87.00401606,100.1915891,1,5,154.1941464
Percilia irwini,2,1918,-37,-72,338.9216418,111.7864594,2.509841725,5,967.7092813
Percilia irwini,2,1918,-37,-72,338.9216418,111.7864594,2.509841725,5,967.7092813
Percilia irwini,2,1918,-37,-72,338.9216418,111.7864594,2.509841725,5,967.7092813
Percilia irwini,3,1385,-38,-72,117.0362694,101.5833359,1.895766663,6,3526.717392
Percilia irwini,2,1916,-37,-72,369.6431535,113.0148534,4.216141644,5,967.7092813
Percilia irwini,4,1760,-38,-73,79.125,103.338334,1.344648499,6,6261.697266
Percilia irwini,3,1385,-38,-72,117.0362694,101.5833359,1.895766663,6,3526.717392
Percilia irwini,2,1918,-37,-72,338.9216418,111.7864594,2.509841725,5,967.7092813
Percilia irwini,2,1918,-37,-72,338.9216418,111.7864594,2.509841725,5,967.7092813
Percilia irwini,2,1916,-37,-72,369.6431535,113.0148534,4.216141644,5,967.7092813
Percilia irwini,2,1916,-37,-72,369.6431535,113.0148534,4.216141644,5,967.7092813
Percilia irwini,2,1916,-37,-72,369.6431535,113.0148534,4.216141644,5,967.7092813
Percilia irwini,4,1760,-38,-73,79.125,103.338334,1.344648499,6,6261.697266
Percilia irwini,3,1385,-38,-72,117.0362694,101.5833359,1.895766663,6,3526.717392
Percilia irwini,12,1918,-37,-72,338.9216418,111.7864594,2.509841725,5,967.7092813
Percilia irwini,3,1365,-38,-72,223.8059701,118.6614585,2.048679998,6,3526.717392
Percilia irwini,1,1525,-37,-73,75.06299213,103.4748428,1.291669373,6,3526.717392
Percilia irwini,2,1916,-37,-72,369.6431535,113.0148534,4.216141644,5,967.7092813
Percilia irwini,3,1563,-38,-72,161.2708333,108.7996618,3.086832117,4,419.5884732
Percilia irwini,3,1563,-38,-72,161.2708333,108.7996618,3.086832117,4,419.5884732
Percilia irwini,2,1916,-37,-72,369.6431535,113.0148534,4.216141644,5,967.7092813
Percilia irwini,3,1549,-38,-72,276.0629921,129.6355156,11.21314184,4,419.5884732
Percilia irwini,2,1916,-37,-72,369.6431535,113.0148534,4.216141644,5,967.7092813
Percilia irwini,1,1525,-37,-73,75.06299213,103.4748428,1.291669373,6,3526.717392
Percilia irwini,1,1525,-37,-73,75.06299213,103.4748428,1.291669373,6,3526.717392
Percilia irwini,2,1916,-37,-72,369.6431535,113.0148534,4.216141644,5,967.7092813
Percilia irwini,1,1525,-37,-73,75.06299213,103.4748428,1.291669373,6,3526.717392
Percilia irwini,1,1342,-38,-72,366.6785714,158.8839576,5.299810607,6,3019.392631
Percilia irwini,2,1916,-37,-72,369.6431535,113.0148534,4.216141644,5,967.7092813
Percilia irwini,3,1385,-38,-72,117.0362694,101.5833359,1.895766663,6,3526.717392
Percilia irwini,1,1760,-38,-73,79.125,103.338334,1.344648499,6,6261.697266
Percilia irwini,1,1525,-37,-73,75.06299213,103.4748428,1.291669373,6,3526.717392
Percilia irwini,4,1760,-38,-73,79.125,103.338334,1.344648499,6,6261.697266
Percilia irwini,4,1760,-38,-73,79.125,103.338334,1.344648499,6,6261.697266
Percilia irwini,3,1385,-38,-72,117.0362694,101.5833359,1.895766663,6,3526.717392
Percilia irwini,1,2063,-38,-72,290.1971831,129.7125486,1.974997731,6,3019.392631
Percilia irwini,3,1365,-38,-72,223.8059701,118.6614585,2.048679998,6,3526.717392
Percilia irwini,3,1365,-38,-72,223.8059701,118.6614585,2.048679998,6,3526.717392
Percilia irwini,1,1760,-38,-73,79.125,103.338334,1.344648499,6,6261.697266
Percilia irwini,1,1525,-37,-73,75.06299213,103.4748428,1.291669373,6,3526.717392
Percilia irwini,3,1609,-38,-73,86.55078125,100.1896818,1,5,154.1941464
Percilia irwini,1,1342,-38,-72,366.6785714,158.8839576,5.299810607,6,3019.392631
Percilia irwini,3,1385,-38,-72,117.0362694,101.5833359,1.895766663,6,3526.717392
Percilia irwini,4,1760,-38,-73,79.125,103.338334,1.344648499,6,6261.697266
Percilia irwini,2,1916,-37,-72,369.6431535,113.0148534,4.216141644,5,967.7092813
Percilia irwini,3,1563,-38,-72,161.2708333,108.7996618,3.086832117,4,419.5884732
Percilia irwini,3,1365,-38,-72,223.8059701,118.6614585,2.048679998,6,3526.717392
Percilia irwini,2,1916,-37,-72,369.6431535,113.0148534,4.216141644,5,967.7092813
Percilia irwini,1,1173,-38,-72,241.6390977,120.9665176,2.296090808,6,3526.717392
Percilia irwini,1,1173,-38,-72,241.6390977,120.9665176,2.296090808,6,3526.717392
Percilia irwini,2,1916,-37,-72,369.6431535,113.0148534,4.216141644,5,967.7092813
Percilia irwini,1,1173,-38,-72,241.6390977,120.9665176,2.296090808,6,3526.717392
Percilia irwini,3,1365,-38,-72,223.8059701,118.6614585,2.048679998,6,3526.717392
Percilia irwini,3,1563,-38,-72,161.2708333,108.7996618,3.086832117,4,419.5884732
Percilia irwini,1,1525,-37,-73,75.06299213,103.4748428,1.291669373,6,3526.717392
Percilia irwini,1,1525,-37,-73,75.06299213,103.4748428,1.291669373,6,3526.717392
Percilia irwini,1,1173,-38,-72,241.6390977,120.9665176,2.296090808,6,3526.717392
Percilia irwini,1,1524,-37,-73,74.05737705,102.6450002,1.207989798,6,3526.717392
Percilia irwini,1,1525,-37,-73,75.06299213,103.4748428,1.291669373,6,3526.717392
Percilia irwini,2,1909,-37,-72,511.2031873,119.9583311,1.537121968,5,967.7092813
Percilia irwini,2,1909,-37,-72,511.2031873,119.9583311,1.537121968,5,967.7092813
Percilia irwini,1,1760,-38,-73,79.125,103.338334,1.344648499,6,6261.697266
Percilia irwini,2,1916,-37,-72,369.6431535,113.0148534,4.216141644,5,967.7092813
Percilia irwini,2,1909,-37,-72,511.2031873,119.9583311,1.537121968,5,967.7092813
Percilia irwini,2,1909,-37,-72,511.2031873,119.9583311,1.537121968,5,967.7092813
Percilia irwini,2,1909,-37,-72,511.2031873,119.9583311,1.537121968,5,967.7092813
Percilia irwini,1,1760,-38,-73,79.125,103.338334,1.344648499,6,6261.697266
Percilia irwini,3,1942,-37,-72,115.223176,97.42375808,1.710490956,5,967.7092813
Percilia irwini,1,1173,-38,-72,241.6390977,120.9665176,2.296090808,6,3526.717392
Percilia irwini,3,1549,-38,-72,276.0629921,129.6355156,11.21314184,4,419.5884732
Percilia irwini,1,1342,-38,-72,366.6785714,158.8839576,5.299810607,6,3019.392631
Percilia irwini,1,1525,-37,-73,75.06299213,103.4748428,1.291669373,6,3526.717392
Percilia irwini,2,1916,-37,-72,369.6431535,113.0148534,4.216141644,5,967.7092813
Percilia irwini,1,1760,-38,-73,79.125,103.338334,1.344648499,6,6261.697266
Percilia irwini,2,1933,-37,-72,178.921875,105.1404316,4.258407648,5,967.7092813
Percilia irwini,2,1933,-37,-72,178.921875,105.1404316,4.258407648,5,967.7092813
Percilia irwini,1,1351,-38,-72,403.459144,142.8271616,4.5816708,3,3019.392631
Percilia irwini,1,1524,-37,-73,74.05737705,102.6450002,1.207989798,6,3526.717392
Percilia irwini,4,1349,-38,-72,455.9098039,148.4282426,27.06829148,3,3019.392631
Percilia irwini,1,1760,-38,-73,79.125,103.338334,1.344648499,6,6261.697266
Percilia irwini,1,1760,-38,-73,79.125,103.338334,1.344648499,6,6261.697266
Percilia irwini,3,1549,-38,-72,276.0629921,129.6355156,11.21314184,4,419.5884732
Percilia irwini,3,1365,-38,-72,223.8059701,118.6614585,2.048679998,6,3526.717392
Percilia irwini,1,1353,-38,-72,357.6867925,140.7681836,6.289933997,4,3019.392631
Percilia irwini,3,1609,-38,-73,86.55078125,100.1896818,1,5,154.1941464
Percilia irwini,2,1916,-37,-72,369.6431535,113.0148534,4.216141644,5,967.7092813
Percilia irwini,4,1524,-37,-73,74.05737705,102.6450002,1.207989798,6,3526.717392
Percilia irwini,3,1365,-38,-72,223.8059701,118.6614585,2.048679998,6,3526.717392
Percilia irwini,2,1918,-37,-72,338.9216418,111.7864594,2.509841725,5,967.7092813
Percilia irwini,3,1549,-38,-72,276.0629921,129.6355156,11.21314184,4,419.5884732
Percilia irwini,1,1349,-38,-72,455.9098039,148.4282426,27.06829148,3,3019.392631
Percilia irwini,2,1916,-37,-72,369.6431535,113.0148534,4.216141644,5,967.7092813
Percilia irwini,2,1916,-37,-72,369.6431535,113.0148534,4.216141644,5,967.7092813
Percilia irwini,3,1549,-38,-72,276.0629921,129.6355156,11.21314184,4,419.5884732
Percilia irwini,4,1524,-37,-73,74.05737705,102.6450002,1.207989798,6,3526.717392
Percilia irwini,1,1524,-37,-73,74.05737705,102.6450002,1.207989798,6,3526.717392
Percilia irwini,3,1365,-38,-72,223.8059701,118.6614585,2.048679998,6,3526.717392
Percilia irwini,2,1916,-37,-72,369.6431535,113.0148534,4.216141644,5,967.7092813
Percilia irwini,1,1351,-38,-72,403.459144,142.8271616,4.5816708,3,3019.392631
Percilia irwini,1,1525,-37,-73,75.06299213,103.4748428,1.291669373,6,3526.717392
Percilia irwini,4,1349,-38,-72,455.9098039,148.4282426,27.06829148,3,3019.392631
Percilia irwini,4,1349,-38,-72,455.9098039,148.4282426,27.06829148,3,3019.392631
Percilia irwini,2,1916,-37,-72,369.6431535,113.0148534,4.216141644,5,967.7092813
Percilia irwini,1,1349,-38,-72,455.9098039,148.4282426,27.06829148,3,3019.392631
Percilia irwini,2,1916,-37,-72,369.6431535,113.0148534,4.216141644,5,967.7092813
Percilia irwini,2,1916,-37,-72,369.6431535,113.0148534,4.216141644,5,967.7092813
Percilia irwini,1,1524,-37,-73,74.05737705,102.6450002,1.207989798,6,3526.717392
Percilia irwini,1,1524,-37,-73,74.05737705,102.6450002,1.207989798,6,3526.717392
Percilia irwini,3,1549,-38,-72,276.0629921,129.6355156,11.21314184,4,419.5884732
Percilia irwini,1,2063,-38,-72,290.1971831,129.7125486,1.974997731,6,3019.392631
Percilia irwini,1,1524,-37,-73,74.05737705,102.6450002,1.207989798,6,3526.717392
Percilia irwini,1,1524,-37,-73,74.05737705,102.6450002,1.207989798,6,3526.717392
Percilia irwini,1,1525,-37,-73,75.06299213,103.4748428,1.291669373,6,3526.717392
Percilia irwini,1,1525,-37,-73,75.06299213,103.4748428,1.291669373,6,3526.717392
Percilia irwini,2,1916,-37,-72,369.6431535,113.0148534,4.216141644,5,967.7092813
Percilia irwini,1,1525,-37,-73,75.06299213,103.4748428,1.291669373,6,3526.717392
Percilia irwini,3,1921,-37,-72,308.4888889,113.9680038,3.428372948,5,967.7092813
Percilia irwini,12,1916,-37,-72,369.6431535,113.0148534,4.216141644,5,967.7092813
Percilia irwini,3,1608,-38,-73,87.00401606,100.1915891,1,5,154.1941464
Percilia irwini,3,1563,-38,-72,161.2708333,108.7996618,3.086832117,4,419.5884732
Percilia irwini,2,1933,-37,-72,178.921875,105.1404316,4.258407648,5,967.7092813
Percilia irwini,3,1608,-38,-73,87.00401606,100.1915891,1,5,154.1941464
Percilia irwini,4,1525,-37,-73,75.06299213,103.4748428,1.291669373,6,3526.717392
Percilia irwini,1,1525,-37,-73,75.06299213,103.4748428,1.291669373,6,3526.717392
Percilia irwini,3,1608,-38,-73,87.00401606,100.1915891,1,5,154.1941464
Percilia irwini,3,1563,-38,-72,161.2708333,108.7996618,3.086832117,4,419.5884732
Percilia irwini,2,1916,-37,-72,369.6431535,113.0148534,4.216141644,5,967.7092813
Percilia irwini,3,1365,-38,-72,223.8059701,118.6614585,2.048679998,6,3526.717392
Percilia irwini,3,1365,-38,-72,223.8059701,118.6614585,2.048679998,6,3526.717392
Percilia irwini,1,2064,-38,-72,282.364486,128.6732224,3.156730716,6,3019.392631
Percilia irwini,12,1916,-37,-72,369.6431535,113.0148534,4.216141644,5,967.7092813
Percilia irwini,1,1760,-38,-73,79.125,103.338334,1.344648499,6,6261.697266
Percilia irwini,1,1760,-38,-73,79.125,103.338334,1.344648499,6,6261.697266
Percilia irwini,1,1760,-38,-73,79.125,103.338334,1.344648499,6,6261.697266
Percilia irwini,3,1563,-38,-72,161.2708333,108.7996618,3.086832117,4,419.5884732
Percilia irwini,1,1524,-37,-73,74.05737705,102.6450002,1.207989798,6,3526.717392
Percilia irwini,3,1549,-38,-72,276.0629921,129.6355156,11.21314184,4,419.5884732
Percilia irwini,1,1173,-38,-72,241.6390977,120.9665176,2.296090808,6,3526.717392
Percilia irwini,1,1349,-38,-72,455.9098039,148.4282426,27.06829148,3,3019.392631
Percilia irwini,2,1916,-37,-72,369.6431535,113.0148534,4.216141644,5,967.7092813
Percilia irwini,2,1918,-37,-72,338.9216418,111.7864594,2.509841725,5,967.7092813
Percilia irwini,12,1918,-37,-72,338.9216418,111.7864594,2.509841725,5,967.7092813
Percilia irwini,12,1918,-37,-72,338.9216418,111.7864594,2.509841725,5,967.7092813
Percilia irwini,1,1524,-37,-73,74.05737705,102.6450002,1.207989798,6,3526.717392
Percilia irwini,3,1549,-38,-72,276.0629921,129.6355156,11.21314184,4,419.5884732
Percilia irwini,2,1933,-37,-72,178.921875,105.1404316,4.258407648,5,967.7092813
Percilia irwini,3,1608,-38,-73,87.00401606,100.1915891,1,5,154.1941464
Percilia irwini,1,1525,-37,-73,75.06299213,103.4748428,1.291669373,6,3526.717392
Percilia irwini,1,1525,-37,-73,75.06299213,103.4748428,1.291669373,6,3526.717392
Percilia irwini,2,1916,-37,-72,369.6431535,113.0148534,4.216141644,5,967.7092813
Percilia irwini,3,1365,-38,-72,223.8059701,118.6614585,2.048679998,6,3526.717392
Percilia irwini,3,1365,-38,-72,223.8059701,118.6614585,2.048679998,6,3526.717392
Percilia irwini,3,1365,-38,-72,223.8059701,118.6614585,2.048679998,6,3526.717392
Percilia irwini,1,1351,-38,-72,403.459144,142.8271616,4.5816708,3,3019.392631
Percilia irwini,3,1609,-38,-73,86.55078125,100.1896818,1,5,154.1941464
Percilia irwini,2,1916,-37,-72,369.6431535,113.0148534,4.216141644,5,967.7092813
Percilia irwini,2,1916,-37,-72,369.6431535,113.0148534,4.216141644,5,967.7092813
Percilia irwini,4,1760,-38,-73,79.125,103.338334,1.344648499,6,6261.697266
Percilia irwini,3,1365,-38,-72,223.8059701,118.6614585,2.048679998,6,3526.717392
Percilia irwini,1,1524,-37,-73,74.05737705,102.6450002,1.207989798,6,3526.717392
Percilia irwini,3,1365,-38,-72,223.8059701,118.6614585,2.048679998,6,3526.717392
Percilia irwini,2,1916,-37,-72,369.6431535,113.0148534,4.216141644,5,967.7092813
Percilia irwini,2,1916,-37,-72,369.6431535,113.0148534,4.216141644,5,967.7092813
Percilia irwini,3,1563,-38,-72,161.2708333,108.7996618,3.086832117,4,419.5884732
Percilia irwini,3,1385,-38,-72,117.0362694,101.5833359,1.895766663,6,3526.717392
Percilia irwini,1,1760,-38,-73,79.125,103.338334,1.344648499,6,6261.697266
Percilia irwini,1,1173,-38,-72,241.6390977,120.9665176,2.296090808,6,3526.717392
Percilia irwini,2,1909,-37,-72,511.2031873,119.9583311,1.537121968,5,967.7092813
Percilia irwini,2,1909,-37,-72,511.2031873,119.9583311,1.537121968,5,967.7092813
Percilia irwini,3,1365,-38,-72,223.8059701,118.6614585,2.048679998,6,3526.717392
Percilia irwini,2,1933,-37,-72,178.921875,105.1404316,4.258407648,5,967.7092813
Percilia irwini,3,1385,-38,-72,117.0362694,101.5833359,1.895766663,6,3526.717392
Percilia irwini,1,2062,-38,-72,298.8237548,132.9436729,13.7936481,6,3019.392631
Percilia irwini,12,1917,-37,-72,354.5454545,112.3168151,3.603549118,5,967.7092813
Percilia irwini,1,1353,-38,-72,357.6867925,140.7681836,6.289933997,4,3019.392631
Percilia irwini,1,1353,-38,-72,357.6867925,140.7681836,6.289933997,4,3019.392631
Percilia irwini,2,1916,-37,-72,369.6431535,113.0148534,4.216141644,5,967.7092813
Percilia irwini,1,2067,-38,-72,264.8429119,123.1311731,1.984076042,6,3019.392631
Percilia irwini,1,1524,-37,-73,74.05737705,102.6450002,1.207989798,6,3526.717392
Percilia irwini,1,1524,-37,-73,74.05737705,102.6450002,1.207989798,6,3526.717392
Percilia irwini,1,1524,-37,-73,74.05737705,102.6450002,1.207989798,6,3526.717392
Percilia irwini,4,1524,-37,-73,74.05737705,102.6450002,1.207989798,6,3526.717392
Percilia irwini,1,2063,-38,-72,290.1971831,129.7125486,1.974997731,6,3019.392631
Percilia irwini,4,1760,-38,-73,79.125,103.338334,1.344648499,6,6261.697266
Percilia irwini,1,2063,-38,-72,290.1971831,129.7125486,1.974997731,6,3019.392631
Percilia irwini,3,1563,-38,-72,161.2708333,108.7996618,3.086832117,4,419.5884732
Percilia irwini,1,2067,-38,-72,264.8429119,123.1311731,1.984076042,6,3019.392631
Percilia irwini,2,1916,-37,-72,369.6431535,113.0148534,4.216141644,5,967.7092813
Percilia irwini,1,1173,-38,-72,241.6390977,120.9665176,2.296090808,6,3526.717392
Percilia irwini,3,1385,-38,-72,117.0362694,101.5833359,1.895766663,6,3526.717392
Percilia irwini,3,1365,-38,-72,223.8059701,118.6614585,2.048679998,6,3526.717392
Percilia irwini,3,1365,-38,-72,223.8059701,118.6614585,2.048679998,6,3526.717392
Percilia irwini,4,1524,-37,-73,74.05737705,102.6450002,1.207989798,6,3526.717392
Percilia irwini,3,1563,-38,-72,161.2708333,108.7996618,3.086832117,4,419.5884732
Percilia irwini,3,1563,-38,-72,161.2708333,108.7996618,3.086832117,4,419.5884732
Percilia irwini,3,1563,-38,-72,161.2708333,108.7996618,3.086832117,4,419.5884732
Percilia irwini,3,1609,-38,-73,86.55078125,100.1896818,1,5,154.1941464
Percilia irwini,3,1609,-38,-73,86.55078125,100.1896818,1,5,154.1941464
Percilia irwini,1,1760,-38,-73,79.125,103.338334,1.344648499,6,6261.697266
Percilia irwini,3,1365,-38,-72,223.8059701,118.6614585,2.048679998,6,3526.717392
Percilia irwini,1,1524,-37,-73,74.05737705,102.6450002,1.207989798,6,3526.717392
Percilia irwini,1,1524,-37,-73,74.05737705,102.6450002,1.207989798,6,3526.717392
Percilia irwini,3,1609,-38,-73,86.55078125,100.1896818,1,5,154.1941464
Percilia irwini,4,1524,-37,-73,74.05737705,102.6450002,1.207989798,6,3526.717392
Percilia irwini,1,1351,-38,-72,403.459144,142.8271616,4.5816708,3,3019.392631
Percilia irwini,3,1563,-38,-72,161.2708333,108.7996618,3.086832117,4,419.5884732
Percilia irwini,2,1918,-37,-72,338.9216418,111.7864594,2.509841725,5,967.7092813
Percilia irwini,4,1524,-37,-73,74.05737705,102.6450002,1.207989798,6,3526.717392
Percilia irwini,4,1760,-38,-73,79.125,103.338334,1.344648499,6,6261.697266
Percilia irwini,3,1365,-38,-72,223.8059701,118.6614585,2.048679998,6,3526.717392
Percilia irwini,3,1365,-38,-72,223.8059701,118.6614585,2.048679998,6,3526.717392
Percilia irwini,1,1353,-38,-72,357.6867925,140.7681836,6.289933997,4,3019.392631
Percilia irwini,2,1916,-37,-72,369.6431535,113.0148534,4.216141644,5,967.7092813
Percilia irwini,3,1385,-38,-72,117.0362694,101.5833359,1.895766663,6,3526.717392
Percilia irwini,3,1365,-38,-72,223.8059701,118.6614585,2.048679998,6,3526.717392
Percilia irwini,3,1365,-38,-72,223.8059701,118.6614585,2.048679998,6,3526.717392
Percilia irwini,1,1525,-37,-73,75.06299213,103.4748428,1.291669373,6,3526.717392
Percilia irwini,1,1525,-37,-73,75.06299213,103.4748428,1.291669373,6,3526.717392
Percilia irwini,2,1909,-37,-72,511.2031873,119.9583311,1.537121968,5,967.7092813
Percilia irwini,4,1524,-37,-73,74.05737705,102.6450002,1.207989798,6,3526.717392
Percilia irwini,1,2063,-38,-72,290.1971831,129.7125486,1.974997731,6,3019.392631
Percilia irwini,3,1549,-38,-72,276.0629921,129.6355156,11.21314184,4,419.5884732
Percilia irwini,2,1918,-37,-72,338.9216418,111.7864594,2.509841725,5,967.7092813
Percilia irwini,3,1365,-38,-72,223.8059701,118.6614585,2.048679998,6,3526.717392
Percilia irwini,1,1524,-37,-73,74.05737705,102.6450002,1.207989798,6,3526.717392
Percilia irwini,1,1524,-37,-73,74.05737705,102.6450002,1.207989798,6,3526.717392
Percilia irwini,1,1524,-37,-73,74.05737705,102.6450002,1.207989798,6,3526.717392
Percilia irwini,2,1916,-37,-72,369.6431535,113.0148534,4.216141644,5,967.7092813
Percilia irwini,1,2063,-38,-72,290.1971831,129.7125486,1.974997731,6,3019.392631
Percilia irwini,2,1909,-37,-72,511.2031873,119.9583311,1.537121968,5,967.7092813
Percilia irwini,2,1916,-37,-72,369.6431535,113.0148534,4.216141644,5,967.7092813
Percilia irwini,2,1916,-37,-72,369.6431535,113.0148534,4.216141644,5,967.7092813
Percilia irwini,1,1524,-37,-73,74.05737705,102.6450002,1.207989798,6,3526.717392
Percilia irwini,3,1385,-38,-72,117.0362694,101.5833359,1.895766663,6,3526.717392
Percilia irwini,3,1385,-38,-72,117.0362694,101.5833359,1.895766663,6,3526.717392
Percilia irwini,2,1909,-37,-72,511.2031873,119.9583311,1.537121968,5,967.7092813
Percilia irwini,3,1563,-38,-72,161.2708333,108.7996618,3.086832117,4,419.5884732
Percilia irwini,2,1918,-37,-72,338.9216418,111.7864594,2.509841725,5,967.7092813
Percilia irwini,3,1609,-38,-73,86.55078125,100.1896818,1,5,154.1941464
Percilia irwini,1,1524,-37,-73,74.05737705,102.6450002,1.207989798,6,3526.717392
Percilia irwini,1,1524,-37,-73,74.05737705,102.6450002,1.207989798,6,3526.717392
Percilia irwini,1,1524,-37,-73,74.05737705,102.6450002,1.207989798,6,3526.717392
Percilia irwini,3,1549,-38,-72,276.0629921,129.6355156,11.21314184,4,419.5884732
Percilia irwini,1,1760,-38,-73,79.125,103.338334,1.344648499,6,6261.697266
Percilia irwini,1,1353,-38,-72,357.6867925,140.7681836,6.289933997,4,3019.392631
Percilia irwini,1,1351,-38,-72,403.459144,142.8271616,4.5816708,3,3019.392631
Percilia irwini,4,1524,-37,-73,74.05737705,102.6450002,1.207989798,6,3526.717392
Percilia irwini,4,1524,-37,-73,74.05737705,102.6450002,1.207989798,6,3526.717392
Percilia irwini,4,1760,-38,-73,79.125,103.338334,1.344648499,6,6261.697266
Percilia irwini,3,1549,-38,-72,276.0629921,129.6355156,11.21314184,4,419.5884732
Percilia irwini,3,1609,-38,-73,86.55078125,100.1896818,1,5,154.1941464
Percilia irwini,2,1916,-37,-72,369.6431535,113.0148534,4.216141644,5,967.7092813
Percilia irwini,1,2064,-38,-72,282.364486,128.6732224,3.156730716,6,3019.392631
Percilia irwini,1,1173,-38,-72,241.6390977,120.9665176,2.296090808,6,3526.717392
Percilia irwini,1,1349,-38,-72,455.9098039,148.4282426,27.06829148,3,3019.392631
Percilia irwini,1,1351,-38,-72,403.459144,142.8271616,4.5816708,3,3019.392631
Percilia irwini,3,1563,-38,-72,161.2708333,108.7996618,3.086832117,4,419.5884732
Percilia irwini,3,1549,-38,-72,276.0629921,129.6355156,11.21314184,4,419.5884732
Percilia irwini,2,1918,-37,-72,338.9216418,111.7864594,2.509841725,5,967.7092813
Percilia irwini,1,1524,-37,-73,74.05737705,102.6450002,1.207989798,6,3526.717392
Percilia irwini,3,1365,-38,-72,223.8059701,118.6614585,2.048679998,6,3526.717392
Percilia irwini,4,1524,-37,-73,74.05737705,102.6450002,1.207989798,6,3526.717392
Percilia irwini,1,1760,-38,-73,79.125,103.338334,1.344648499,6,6261.697266
Percilia irwini,1,1524,-37,-73,74.05737705,102.6450002,1.207989798,6,3526.717392
Percilia irwini,1,1760,-38,-73,79.125,103.338334,1.344648499,6,6261.697266
Percilia irwini,1,1173,-38,-72,241.6390977,120.9665176,2.296090808,6,3526.717392
Percilia irwini,1,1760,-38,-73,79.125,103.338334,1.344648499,6,6261.697266
Percilia irwini,1,2063,-38,-72,290.1971831,129.7125486,1.974997731,6,3019.392631
Percilia irwini,3,1563,-38,-72,161.2708333,108.7996618,3.086832117,4,419.5884732
Percilia irwini,4,1524,-37,-73,74.05737705,102.6450002,1.207989798,6,3526.717392
Percilia irwini,3,1365,-38,-72,223.8059701,118.6614585,2.048679998,6,3526.717392
Percilia irwini,3,1549,-38,-72,276.0629921,129.6355156,11.21314184,4,419.5884732
Percilia irwini,1,1525,-37,-73,75.06299213,103.4748428,1.291669373,6,3526.717392
Percilia irwini,1,2064,-38,-72,282.364486,128.6732224,3.156730716,6,3019.392631
Percilia irwini,1,1524,-37,-73,74.05737705,102.6450002,1.207989798,6,3526.717392
Percilia irwini,1,1760,-38,-73,79.125,103.338334,1.344648499,6,6261.697266
Percilia irwini,2,1918,-37,-72,338.9216418,111.7864594,2.509841725,5,967.7092813
Percilia irwini,1,1524,-37,-73,74.05737705,102.6450002,1.207989798,6,3526.717392
Percilia irwini,3,1609,-38,-73,86.55078125,100.1896818,1,5,154.1941464
Percilia irwini,3,1609,-38,-73,86.55078125,100.1896818,1,5,154.1941464
Percilia irwini,2,1916,-37,-72,369.6431535,113.0148534,4.216141644,5,967.7092813
Percilia irwini,3,1563,-38,-72,161.2708333,108.7996618,3.086832117,4,419.5884732
Percilia irwini,2,1918,-37,-72,338.9216418,111.7864594,2.509841725,5,967.7092813
Percilia irwini,4,1524,-37,-73,74.05737705,102.6450002,1.207989798,6,3526.717392
Percilia irwini,3,1365,-38,-72,223.8059701,118.6614585,2.048679998,6,3526.717392
Percilia irwini,1,1172,-38,-72,256.4545455,122.4354573,1.286548742,6,3019.392631
Percilia irwini,3,1385,-38,-72,117.0362694,101.5833359,1.895766663,6,3526.717392
Percilia irwini,2,1916,-37,-72,369.6431535,113.0148534,4.216141644,5,967.7092813
Percilia irwini,3,1385,-38,-72,117.0362694,101.5833359,1.895766663,6,3526.717392
Percilia irwini,1,1351,-38,-72,403.459144,142.8271616,4.5816708,3,3019.392631
Percilia irwini,1,1351,-38,-72,403.459144,142.8271616,4.5816708,3,3019.392631
Percilia irwini,1,1524,-37,-73,74.05737705,102.6450002,1.207989798,6,3526.717392
Percilia irwini,3,1365,-38,-72,223.8059701,118.6614585,2.048679998,6,3526.717392
Percilia irwini,3,1365,-38,-72,223.8059701,118.6614585,2.048679998,6,3526.717392
Percilia irwini,1,1173,-38,-72,241.6390977,120.9665176,2.296090808,6,3526.717392
Percilia irwini,3,1549,-38,-72,276.0629921,129.6355156,11.21314184,4,419.5884732
Percilia irwini,1,1524,-37,-73,74.05737705,102.6450002,1.207989798,6,3526.717392
Percilia irwini,4,1524,-37,-73,74.05737705,102.6450002,1.207989798,6,3526.717392
Percilia irwini,4,1760,-38,-73,79.125,103.338334,1.344648499,6,6261.697266
Percilia irwini,3,1365,-38,-72,223.8059701,118.6614585,2.048679998,6,3526.717392
Percilia irwini,3,1365,-38,-72,223.8059701,118.6614585,2.048679998,6,3526.717392
Percilia irwini,1,1524,-37,-73,74.05737705,102.6450002,1.207989798,6,3526.717392
Percilia irwini,1,1524,-37,-73,74.05737705,102.6450002,1.207989798,6,3526.717392
Percilia irwini,1,1173,-38,-72,241.6390977,120.9665176,2.296090808,6,3526.717392
Percilia irwini,2,1916,-37,-72,369.6431535,113.0148534,4.216141644,5,967.7092813
Percilia irwini,12,1916,-37,-72,369.6431535,113.0148534,4.216141644,5,967.7092813
Percilia irwini,12,1916,-37,-72,369.6431535,113.0148534,4.216141644,5,967.7092813
Percilia irwini,3,1365,-38,-72,223.8059701,118.6614585,2.048679998,6,3526.717392
Percilia irwini,12,1916,-37,-72,369.6431535,113.0148534,4.216141644,5,967.7092813
Percilia irwini,4,1524,-37,-73,74.05737705,102.6450002,1.207989798,6,3526.717392
Percilia irwini,1,1524,-37,-73,74.05737705,102.6450002,1.207989798,6,3526.717392
Percilia irwini,3,1365,-38,-72,223.8059701,118.6614585,2.048679998,6,3526.717392
Percilia irwini,1,1524,-37,-73,74.05737705,102.6450002,1.207989798,6,3526.717392
Percilia irwini,1,1524,-37,-73,74.05737705,102.6450002,1.207989798,6,3526.717392
Percilia irwini,1,2064,-38,-72,282.364486,128.6732224,3.156730716,6,3019.392631
Percilia irwini,1,2064,-38,-72,282.364486,128.6732224,3.156730716,6,3019.392631
Percilia irwini,3,1609,-38,-73,86.55078125,100.1896818,1,5,154.1941464
Percilia irwini,4,1760,-38,-73,79.125,103.338334,1.344648499,6,6261.697266
Percilia irwini,1,1525,-37,-73,75.06299213,103.4748428,1.291669373,6,3526.717392
Percilia irwini,1,1524,-37,-73,74.05737705,102.6450002,1.207989798,6,3526.717392
Percilia irwini,1,1173,-38,-72,241.6390977,120.9665176,2.296090808,6,3526.717392
Percilia irwini,3,1549,-38,-72,276.0629921,129.6355156,11.21314184,4,419.5884732
Percilia irwini,2,1909,-37,-72,511.2031873,119.9583311,1.537121968,5,967.7092813
Percilia irwini,1,1353,-38,-72,357.6867925,140.7681836,6.289933997,4,3019.392631
Percilia irwini,4,1760,-38,-73,79.125,103.338334,1.344648499,6,6261.697266
Percilia irwini,3,1385,-38,-72,117.0362694,101.5833359,1.895766663,6,3526.717392
Percilia irwini,3,1365,-38,-72,223.8059701,118.6614585,2.048679998,6,3526.717392
Percilia irwini,1,1524,-37,-73,74.05737705,102.6450002,1.207989798,6,3526.717392
Percilia irwini,12,1916,-37,-72,369.6431535,113.0148534,4.216141644,5,967.7092813
Percilia irwini,1,1524,-37,-73,74.05737705,102.6450002,1.207989798,6,3526.717392
Percilia irwini,4,1524,-37,-73,74.05737705,102.6450002,1.207989798,6,3526.717392
Percilia irwini,4,1524,-37,-73,74.05737705,102.6450002,1.207989798,6,3526.717392
Percilia irwini,1,2063,-38,-72,290.1971831,129.7125486,1.974997731,6,3019.392631
Percilia irwini,1,1349,-38,-72,455.9098039,148.4282426,27.06829148,3,3019.392631
Percilia irwini,2,1909,-37,-72,511.2031873,119.9583311,1.537121968,5,967.7092813
Percilia irwini,1,1760,-38,-73,79.125,103.338334,1.344648499,6,6261.697266
Percilia irwini,1,1524,-37,-73,74.05737705,102.6450002,1.207989798,6,3526.717392
Percilia irwini,1,1760,-38,-73,79.125,103.338334,1.344648499,6,6261.697266
Percilia irwini,3,1609,-38,-73,86.55078125,100.1896818,1,5,154.1941464
Percilia irwini,3,1549,-38,-72,276.0629921,129.6355156,11.21314184,4,419.5884732
Percilia irwini,2,1916,-37,-72,369.6431535,113.0148534,4.216141644,5,967.7092813
Percilia irwini,3,1385,-38,-72,117.0362694,101.5833359,1.895766663,6,3526.717392
Percilia irwini,1,1173,-38,-72,241.6390977,120.9665176,2.296090808,6,3526.717392
Percilia irwini,1,1524,-37,-73,74.05737705,102.6450002,1.207989798,6,3526.717392
Percilia irwini,2,1916,-37,-72,369.6431535,113.0148534,4.216141644,5,967.7092813
Percilia irwini,3,1609,-38,-73,86.55078125,100.1896818,1,5,154.1941464
Percilia irwini,1,1173,-38,-72,241.6390977,120.9665176,2.296090808,6,3526.717392
Percilia irwini,1,1173,-38,-72,241.6390977,120.9665176,2.296090808,6,3526.717392
Percilia irwini,3,1385,-38,-72,117.0362694,101.5833359,1.895766663,6,3526.717392
Percilia irwini,3,1365,-38,-72,223.8059701,118.6614585,2.048679998,6,3526.717392
Percilia irwini,2,1916,-37,-72,369.6431535,113.0148534,4.216141644,5,967.7092813
Percilia irwini,1,1173,-38,-72,241.6390977,120.9665176,2.296090808,6,3526.717392
Percilia irwini,4,1760,-38,-73,79.125,103.338334,1.344648499,6,6261.697266
Percilia irwini,3,1549,-38,-72,276.0629921,129.6355156,11.21314184,4,419.5884732
Percilia irwini,1,1353,-38,-72,357.6867925,140.7681836,6.289933997,4,3019.392631
Percilia irwini,4,1524,-37,-73,74.05737705,102.6450002,1.207989798,6,3526.717392
Percilia irwini,3,1563,-38,-72,161.2708333,108.7996618,3.086832117,4,419.5884732
Percilia irwini,1,1524,-37,-73,74.05737705,102.6450002,1.207989798,6,3526.717392
Percilia irwini,1,1524,-37,-73,74.05737705,102.6450002,1.207989798,6,3526.717392
Percilia irwini,3,1563,-38,-72,161.2708333,108.7996618,3.086832117,4,419.5884732
Percilia irwini,1,1525,-37,-73,75.06299213,103.4748428,1.291669373,6,3526.717392
Percilia irwini,3,1365,-38,-72,223.8059701,118.6614585,2.048679998,6,3526.717392
Percilia irwini,3,1365,-38,-72,223.8059701,118.6614585,2.048679998,6,3526.717392
Percilia irwini,1,1173,-38,-72,241.6390977,120.9665176,2.296090808,6,3526.717392
Percilia irwini,1,1173,-38,-72,241.6390977,120.9665176,2.296090808,6,3526.717392
Percilia irwini,1,1351,-38,-72,403.459144,142.8271616,4.5816708,3,3019.392631
Percilia irwini,3,1385,-38,-72,117.0362694,101.5833359,1.895766663,6,3526.717392
Percilia irwini,1,1524,-37,-73,74.05737705,102.6450002,1.207989798,6,3526.717392
Percilia irwini,3,1549,-38,-72,276.0629921,129.6355156,11.21314184,4,419.5884732
Percilia irwini,1,1524,-37,-73,74.05737705,102.6450002,1.207989798,6,3526.717392
Percilia irwini,1,1525,-37,-73,75.06299213,103.4748428,1.291669373,6,3526.717392
Percilia irwini,1,1760,-38,-73,79.125,103.338334,1.344648499,6,6261.697266
Percilia irwini,1,1525,-37,-73,75.06299213,103.4748428,1.291669373,6,3526.717392
Percilia irwini,2,1916,-37,-72,369.6431535,113.0148534,4.216141644,5,967.7092813
Percilia irwini,3,1385,-38,-72,117.0362694,101.5833359,1.895766663,6,3526.717392
Percilia irwini,1,1173,-38,-72,241.6390977,120.9665176,2.296090808,6,3526.717392
Percilia irwini,1,1173,-38,-72,241.6390977,120.9665176,2.296090808,6,3526.717392
Percilia irwini,1,1353,-38,-72,357.6867925,140.7681836,6.289933997,4,3019.392631
Percilia irwini,1,1173,-38,-72,241.6390977,120.9665176,2.296090808,6,3526.717392
Percilia irwini,1,2064,-38,-72,282.364486,128.6732224,3.156730716,6,3019.392631
Percilia irwini,1,2063,-38,-72,290.1971831,129.7125486,1.974997731,6,3019.392631
Percilia irwini,1,1173,-38,-72,241.6390977,120.9665176,2.296090808,6,3526.717392
Percilia irwini,3,1609,-38,-73,86.55078125,100.1896818,1,5,154.1941464
Percilia irwini,3,1549,-38,-72,276.0629921,129.6355156,11.21314184,4,419.5884732
Percilia irwini,1,1173,-38,-72,241.6390977,120.9665176,2.296090808,6,3526.717392
Percilia irwini,1,1524,-37,-73,74.05737705,102.6450002,1.207989798,6,3526.717392
Percilia irwini,1,1173,-38,-72,241.6390977,120.9665176,2.296090808,6,3526.717392
Percilia irwini,3,1609,-38,-73,86.55078125,100.1896818,1,5,154.1941464
Percilia irwini,2,1916,-37,-72,369.6431535,113.0148534,4.216141644,5,967.7092813
Percilia irwini,1,2063,-38,-72,290.1971831,129.7125486,1.974997731,6,3019.392631
Percilia irwini,3,1609,-38,-73,86.55078125,100.1896818,1,5,154.1941464
Percilia irwini,3,1609,-38,-73,86.55078125,100.1896818,1,5,154.1941464
Percilia irwini,3,1365,-38,-72,223.8059701,118.6614585,2.048679998,6,3526.717392
Percilia irwini,4,1760,-38,-73,79.125,103.338334,1.344648499,6,6261.697266
Percilia irwini,3,1609,-38,-73,86.55078125,100.1896818,1,5,154.1941464
Percilia irwini,1,1524,-37,-73,74.05737705,102.6450002,1.207989798,6,3526.717392
Percilia irwini,1,1525,-37,-73,75.06299213,103.4748428,1.291669373,6,3526.717392
Percilia irwini,1,1351,-38,-72,403.459144,142.8271616,4.5816708,3,3019.392631
Percilia irwini,1,1173,-38,-72,241.6390977,120.9665176,2.296090808,6,3526.717392
Percilia irwini,1,1525,-37,-73,75.06299213,103.4748428,1.291669373,6,3526.717392
Percilia irwini,3,1365,-38,-72,223.8059701,118.6614585,2.048679998,6,3526.717392
Percilia irwini,4,1760,-38,-73,79.125,103.338334,1.344648499,6,6261.697266
Percilia irwini,4,1524,-37,-73,74.05737705,102.6450002,1.207989798,6,3526.717392
Percilia irwini,1,1524,-37,-73,74.05737705,102.6450002,1.207989798,6,3526.717392
Percilia irwini,4,1524,-37,-73,74.05737705,102.6450002,1.207989798,6,3526.717392
Percilia irwini,1,1525,-37,-73,75.06299213,103.4748428,1.291669373,6,3526.717392
Percilia irwini,1,2063,-38,-72,290.1971831,129.7125486,1.974997731,6,3019.392631
Percilia irwini,1,1524,-37,-73,74.05737705,102.6450002,1.207989798,6,3526.717392
Percilia irwini,1,1524,-37,-73,74.05737705,102.6450002,1.207989798,6,3526.717392
Percilia irwini,3,1549,-38,-72,276.0629921,129.6355156,11.21314184,4,419.5884732
Percilia irwini,1,1173,-38,-72,241.6390977,120.9665176,2.296090808,6,3526.717392
Percilia irwini,1,1353,-38,-72,357.6867925,140.7681836,6.289933997,4,3019.392631
Percilia irwini,3,1385,-38,-72,117.0362694,101.5833359,1.895766663,6,3526.717392
Percilia irwini,1,1173,-38,-72,241.6390977,120.9665176,2.296090808,6,3526.717392
Percilia irwini,3,1609,-38,-73,86.55078125,100.1896818,1,5,154.1941464
Percilia irwini,3,1365,-38,-72,223.8059701,118.6614585,2.048679998,6,3526.717392
Percilia irwini,3,1609,-38,-73,86.55078125,100.1896818,1,5,154.1941464
Percilia irwini,4,1524,-37,-73,74.05737705,102.6450002,1.207989798,6,3526.717392
Percilia irwini,1,1173,-38,-72,241.6390977,120.9665176,2.296090808,6,3526.717392
Percilia irwini,4,1760,-38,-73,79.125,103.338334,1.344648499,6,6261.697266
Percilia irwini,1,1173,-38,-72,241.6390977,120.9665176,2.296090808,6,3526.717392
Percilia irwini,3,1385,-38,-72,117.0362694,101.5833359,1.895766663,6,3526.717392
Percilia irwini,3,1549,-38,-72,276.0629921,129.6355156,11.21314184,4,419.5884732
Percilia irwini,3,1385,-38,-72,117.0362694,101.5833359,1.895766663,6,3526.717392
Percilia irwini,2,1916,-37,-72,369.6431535,113.0148534,4.216141644,5,967.7092813
Percilia irwini,1,1349,-38,-72,455.9098039,148.4282426,27.06829148,3,3019.392631
Percilia irwini,1,1760,-38,-73,79.125,103.338334,1.344648499,6,6261.697266
Percilia irwini,2,1916,-37,-72,369.6431535,113.0148534,4.216141644,5,967.7092813
Percilia irwini,3,1549,-38,-72,276.0629921,129.6355156,11.21314184,4,419.5884732
Percilia irwini,3,1549,-38,-72,276.0629921,129.6355156,11.21314184,4,419.5884732
Percilia irwini,3,1549,-38,-72,276.0629921,129.6355156,11.21314184,4,419.5884732
Percilia irwini,12,1916,-37,-72,369.6431535,113.0148534,4.216141644,5,967.7092813
Percilia irwini,1,1524,-37,-73,74.05737705,102.6450002,1.207989798,6,3526.717392
Percilia irwini,3,1563,-38,-72,161.2708333,108.7996618,3.086832117,4,419.5884732
Percilia irwini,4,1524,-37,-73,74.05737705,102.6450002,1.207989798,6,3526.717392
Percilia irwini,1,1524,-37,-73,74.05737705,102.6450002,1.207989798,6,3526.717392
Percilia irwini,4,1524,-37,-73,74.05737705,102.6450002,1.207989798,6,3526.717392
Percilia irwini,3,1563,-38,-72,161.2708333,108.7996618,3.086832117,4,419.5884732
Percilia irwini,2,1916,-37,-72,369.6431535,113.0148534,4.216141644,5,967.7092813
Percilia irwini,1,1524,-37,-73,74.05737705,102.6450002,1.207989798,6,3526.717392
Percilia irwini,1,1524,-37,-73,74.05737705,102.6450002,1.207989798,6,3526.717392
Percilia irwini,1,1524,-37,-73,74.05737705,102.6450002,1.207989798,6,3526.717392
Percilia irwini,3,1563,-38,-72,161.2708333,108.7996618,3.086832117,4,419.5884732
Percilia irwini,1,1173,-38,-72,241.6390977,120.9665176,2.296090808,6,3526.717392
Percilia irwini,3,1609,-38,-73,86.55078125,100.1896818,1,5,154.1941464
Salmo trutta,1,1349,-38,-72,455.9098039,148.4282426,27.06829148,3,3019.392631
Salmo trutta,1,1349,-38,-72,455.9098039,148.4282426,27.06829148,3,3019.392631
Salmo trutta,4,1349,-38,-72,455.9098039,148.4282426,27.06829148,3,3019.392631
Salmo trutta,4,1349,-38,-72,455.9098039,148.4282426,27.06829148,3,3019.392631
Salmo trutta,1,1342,-38,-72,366.6785714,158.8839576,5.299810607,6,3019.392631
Salmo trutta,1,1172,-38,-72,256.4545455,122.4354573,1.286548742,6,3019.392631
Salmo trutta,4,1349,-38,-72,455.9098039,148.4282426,27.06829148,3,3019.392631
Salmo trutta,4,1349,-38,-72,455.9098039,148.4282426,27.06829148,3,3019.392631
Salmo trutta,1,1342,-38,-72,366.6785714,158.8839576,5.299810607,6,3019.392631
Salmo trutta,2,1917,-37,-72,354.5454545,112.3168151,3.603549118,5,967.7092813
Salmo trutta,1,1349,-38,-72,455.9098039,148.4282426,27.06829148,3,3019.392631
Salmo trutta,1,1349,-38,-72,455.9098039,148.4282426,27.06829148,3,3019.392631
Salmo trutta,2,1917,-37,-72,354.5454545,112.3168151,3.603549118,5,967.7092813
Salmo trutta,4,1349,-38,-72,455.9098039,148.4282426,27.06829148,3,3019.392631
Salmo trutta,12,1916,-37,-72,369.6431535,113.0148534,4.216141644,5,967.7092813
Salmo trutta,1,1349,-38,-72,455.9098039,148.4282426,27.06829148,3,3019.392631
Salmo trutta,12,1916,-37,-72,369.6431535,113.0148534,4.216141644,5,967.7092813
Salmo trutta,2,1917,-37,-72,354.5454545,112.3168151,3.603549118,5,967.7092813
Salmo trutta,3,5243,-39,-72,134,134.3333333,3.894006396,5,628.0236726
Salmo trutta,1,1349,-38,-72,455.9098039,148.4282426,27.06829148,3,3019.392631
Salmo trutta,1,1342,-38,-72,366.6785714,158.8839576,5.299810607,6,3019.392631
Salmo trutta,2,6775,-39,-73,91.29090909,139.761904,7.73398954,4,195.4099444
Salmo trutta,4,1524,-37,-73,74.05737705,102.6450002,1.207989798,6,3526.717392
Salmo trutta,2,1917,-37,-72,354.5454545,112.3168151,3.603549118,5,967.7092813
Salmo trutta,4,1524,-37,-73,74.05737705,102.6450002,1.207989798,6,3526.717392
Salmo trutta,12,1916,-37,-72,369.6431535,113.0148534,4.216141644,5,967.7092813
Salmo trutta,4,1349,-38,-72,455.9098039,148.4282426,27.06829148,3,3019.392631
Salmo trutta,2,6775,-39,-73,91.29090909,139.761904,7.73398954,4,195.4099444
Salmo trutta,1,1349,-38,-72,455.9098039,148.4282426,27.06829148,3,3019.392631
Salmo trutta,1,1173,-38,-72,241.6390977,120.9665176,2.296090808,6,3526.717392
Salmo trutta,12,1916,-37,-72,369.6431535,113.0148534,4.216141644,5,967.7092813
Salmo trutta,1,1172,-38,-72,256.4545455,122.4354573,1.286548742,6,3019.392631
Salmo trutta,1,1342,-38,-72,366.6785714,158.8839576,5.299810607,6,3019.392631
Salmo trutta,1,1353,-38,-72,357.6867925,140.7681836,6.289933997,4,3019.392631
Salmo trutta,2,6775,-39,-73,91.29090909,139.761904,7.73398954,4,195.4099444
Salmo trutta,1,1172,-38,-72,256.4545455,122.4354573,1.286548742,6,3019.392631
Salmo trutta,1,1353,-38,-72,357.6867925,140.7681836,6.289933997,4,3019.392631
Salmo trutta,1,1349,-38,-72,455.9098039,148.4282426,27.06829148,3,3019.392631
Salmo trutta,1,1353,-38,-72,357.6867925,140.7681836,6.289933997,4,3019.392631
Salmo trutta,1,1173,-38,-72,241.6390977,120.9665176,2.296090808,6,3526.717392
Salmo trutta,1,1353,-38,-72,357.6867925,140.7681836,6.289933997,4,3019.392631
Salmo trutta,1,1172,-38,-72,256.4545455,122.4354573,1.286548742,6,3019.392631
Salmo trutta,12,1918,-37,-72,338.9216418,111.7864594,2.509841725,5,967.7092813
Salmo trutta,1,1342,-38,-72,366.6785714,158.8839576,5.299810607,6,3019.392631
Salmo trutta,1,2067,-38,-72,264.8429119,123.1311731,1.984076042,6,3019.392631
Salmo trutta,12,1918,-37,-72,338.9216418,111.7864594,2.509841725,5,967.7092813
Salmo trutta,1,1353,-38,-72,357.6867925,140.7681836,6.289933997,4,3019.392631
Salmo trutta,1,2067,-38,-72,264.8429119,123.1311731,1.984076042,6,3019.392631
Salmo trutta,1,1172,-38,-72,256.4545455,122.4354573,1.286548742,6,3019.392631
Salmo trutta,2,1917,-37,-72,354.5454545,112.3168151,3.603549118,5,967.7092813
Salmo trutta,1,2067,-38,-72,264.8429119,123.1311731,1.984076042,6,3019.392631
Salmo trutta,2,6775,-39,-73,91.29090909,139.761904,7.73398954,4,195.4099444
Salmo trutta,1,2067,-38,-72,264.8429119,123.1311731,1.984076042,6,3019.392631
Salmo trutta,1,1353,-38,-72,357.6867925,140.7681836,6.289933997,4,3019.392631
Salmo trutta,1,1342,-38,-72,366.6785714,158.8839576,5.299810607,6,3019.392631
Salmo trutta,1,2067,-38,-72,264.8429119,123.1311731,1.984076042,6,3019.392631
Salmo trutta,1,1172,-38,-72,256.4545455,122.4354573,1.286548742,6,3019.392631
Salmo trutta,1,1173,-38,-72,241.6390977,120.9665176,2.296090808,6,3526.717392
Salmo trutta,1,1342,-38,-72,366.6785714,158.8839576,5.299810607,6,3019.392631
Salmo trutta,2,1917,-37,-72,354.5454545,112.3168151,3.603549118,5,967.7092813
Salmo trutta,1,2064,-38,-72,282.364486,128.6732224,3.156730716,6,3019.392631
Salmo trutta,1,1353,-38,-72,357.6867925,140.7681836,6.289933997,4,3019.392631
Salmo trutta,1,2064,-38,-72,282.364486,128.6732224,3.156730716,6,3019.392631
Salmo trutta,1,1342,-38,-72,366.6785714,158.8839576,5.299810607,6,3019.392631
Salmo trutta,1,1172,-38,-72,256.4545455,122.4354573,1.286548742,6,3019.392631
Salmo trutta,2,6775,-39,-73,91.29090909,139.761904,7.73398954,4,195.4099444
Salmo trutta,1,2067,-38,-72,264.8429119,123.1311731,1.984076042,6,3019.392631
Salmo trutta,1,1172,-38,-72,256.4545455,122.4354573,1.286548742,6,3019.392631
Salmo trutta,2,6775,-39,-73,91.29090909,139.761904,7.73398954,4,195.4099444
Salmo trutta,12,1918,-37,-72,338.9216418,111.7864594,2.509841725,5,967.7092813
Salmo trutta,3,8539,-40,-73,44.54807692,186.6944453,11.19482029,3,971.5374943
Salmo trutta,1,1173,-38,-72,241.6390977,120.9665176,2.296090808,6,3526.717392
Salmo trutta,1,2064,-38,-72,282.364486,128.6732224,3.156730716,6,3019.392631
Salmo trutta,1,2067,-38,-72,264.8429119,123.1311731,1.984076042,6,3019.392631
Salmo trutta,1,1342,-38,-72,366.6785714,158.8839576,5.299810607,6,3019.392631
Salmo trutta,1,1349,-38,-72,455.9098039,148.4282426,27.06829148,3,3019.392631
Salmo trutta,4,1349,-38,-72,455.9098039,148.4282426,27.06829148,3,3019.392631
Salmo trutta,1,2063,-38,-72,290.1971831,129.7125486,1.974997731,6,3019.392631
Salmo trutta,1,1525,-37,-73,75.06299213,103.4748428,1.291669373,6,3526.717392
Salmo trutta,12,1918,-37,-72,338.9216418,111.7864594,2.509841725,5,967.7092813
Salmo trutta,1,1349,-38,-72,455.9098039,148.4282426,27.06829148,3,3019.392631
Salmo trutta,1,1349,-38,-72,455.9098039,148.4282426,27.06829148,3,3019.392631
Salmo trutta,1,1173,-38,-72,241.6390977,120.9665176,2.296090808,6,3526.717392
Salmo trutta,12,1918,-37,-72,338.9216418,111.7864594,2.509841725,5,967.7092813
Salmo trutta,3,1174,-38,-72,187.8987854,111.7043264,1.16080209,6,3526.717392
Salmo trutta,2,1916,-37,-72,369.6431535,113.0148534,4.216141644,5,967.7092813
Salmo trutta,3,1365,-38,-72,223.8059701,118.6614585,2.048679998,6,3526.717392
Salmo trutta,2,1918,-37,-72,338.9216418,111.7864594,2.509841725,5,967.7092813
Salmo trutta,1,2067,-38,-72,264.8429119,123.1311731,1.984076042,6,3019.392631
Salmo trutta,1,1349,-38,-72,455.9098039,148.4282426,27.06829148,3,3019.392631
Salmo trutta,2,1916,-37,-72,369.6431535,113.0148534,4.216141644,5,967.7092813
Salmo trutta,1,2064,-38,-72,282.364486,128.6732224,3.156730716,6,3019.392631
Salmo trutta,1,1342,-38,-72,366.6785714,158.8839576,5.299810607,6,3019.392631
Salmo trutta,1,2064,-38,-72,282.364486,128.6732224,3.156730716,6,3019.392631
Salmo trutta,3,1365,-38,-72,223.8059701,118.6614585,2.048679998,6,3526.717392
Salmo trutta,12,1919,-37,-72,325.7125984,112.264937,2.674051057,5,967.7092813
Salmo trutta,2,1916,-37,-72,369.6431535,113.0148534,4.216141644,5,967.7092813
Salmo trutta,1,2067,-38,-72,264.8429119,123.1311731,1.984076042,6,3019.392631
Salmo trutta,1,8528,-40,-72,127.1551724,193.8472214,10.735122,3,971.5374943
Salmo trutta,1,2064,-38,-72,282.364486,128.6732224,3.156730716,6,3019.392631
Salmo trutta,1,1342,-38,-72,366.6785714,158.8839576,5.299810607,6,3019.392631
Salmo trutta,3,1365,-38,-72,223.8059701,118.6614585,2.048679998,6,3526.717392
Salmo trutta,12,1917,-37,-72,354.5454545,112.3168151,3.603549118,5,967.7092813
Salmo trutta,1,2064,-38,-72,282.364486,128.6732224,3.156730716,6,3019.392631
Salmo trutta,3,1365,-38,-72,223.8059701,118.6614585,2.048679998,6,3526.717392
Salmo trutta,3,1353,-38,-72,357.6867925,140.7681836,6.289933997,4,3019.392631
Salmo trutta,12,1917,-37,-72,354.5454545,112.3168151,3.603549118,5,967.7092813
Salmo trutta,12,1916,-37,-72,369.6431535,113.0148534,4.216141644,5,967.7092813
Salmo trutta,1,1342,-38,-72,366.6785714,158.8839576,5.299810607,6,3019.392631
Salmo trutta,1,1342,-38,-72,366.6785714,158.8839576,5.299810607,6,3019.392631
Salmo trutta,2,1919,-37,-72,325.7125984,112.264937,2.674051057,5,967.7092813
Salmo trutta,1,1342,-38,-72,366.6785714,158.8839576,5.299810607,6,3019.392631
Salmo trutta,12,1917,-37,-72,354.5454545,112.3168151,3.603549118,5,967.7092813
Salmo trutta,1,1351,-38,-72,403.459144,142.8271616,4.5816708,3,3019.392631
Salmo trutta,2,1916,-37,-72,369.6431535,113.0148534,4.216141644,5,967.7092813
Salmo trutta,1,2063,-38,-72,290.1971831,129.7125486,1.974997731,6,3019.392631
Salmo trutta,1,1342,-38,-72,366.6785714,158.8839576,5.299810607,6,3019.392631
Salmo trutta,1,1349,-38,-72,455.9098039,148.4282426,27.06829148,3,3019.392631
Salmo trutta,1,1353,-38,-72,357.6867925,140.7681836,6.289933997,4,3019.392631
Salmo trutta,12,1919,-37,-72,325.7125984,112.264937,2.674051057,5,967.7092813
Salmo trutta,12,1919,-37,-72,325.7125984,112.264937,2.674051057,5,967.7092813
Salmo trutta,1,1349,-38,-72,455.9098039,148.4282426,27.06829148,3,3019.392631
Salmo trutta,1,8538,-40,-73,45.85964912,187.1979198,11.39652594,3,971.5374943
Salmo trutta,1,1342,-38,-72,366.6785714,158.8839576,5.299810607,6,3019.392631
Salmo trutta,2,1916,-37,-72,369.6431535,113.0148534,4.216141644,5,967.7092813
Salmo trutta,1,1351,-38,-72,403.459144,142.8271616,4.5816708,3,3019.392631
Salmo trutta,1,1349,-38,-72,455.9098039,148.4282426,27.06829148,3,3019.392631
Salmo trutta,3,1921,-37,-72,308.4888889,113.9680038,3.428372948,5,967.7092813
Salmo trutta,1,1353,-38,-72,357.6867925,140.7681836,6.289933997,4,3019.392631
Salmo trutta,1,2063,-38,-72,290.1971831,129.7125486,1.974997731,6,3019.392631
Salmo trutta,1,1351,-38,-72,403.459144,142.8271616,4.5816708,3,3019.392631
Salmo trutta,1,1351,-38,-72,403.459144,142.8271616,4.5816708,3,3019.392631
Salmo trutta,3,1921,-37,-72,308.4888889,113.9680038,3.428372948,5,967.7092813
Salmo trutta,3,1365,-38,-72,223.8059701,118.6614585,2.048679998,6,3526.717392
Salmo trutta,1,1353,-38,-72,357.6867925,140.7681836,6.289933997,4,3019.392631
Salmo trutta,1,1353,-38,-72,357.6867925,140.7681836,6.289933997,4,3019.392631
Salmo trutta,3,8532,-40,-73,86.31818182,192.6666667,18.40214676,3,971.5374943
Salmo trutta,1,6733,-39,-73,86.61666667,134.1309531,6.433685386,6,2359.225673
Salmo trutta,1,1353,-38,-72,357.6867925,140.7681836,6.289933997,4,3019.392631
Salmo trutta,1,1342,-38,-72,366.6785714,158.8839576,5.299810607,6,3019.392631
Salmo trutta,1,1353,-38,-72,357.6867925,140.7681836,6.289933997,4,3019.392631
Salmo trutta,3,1942,-37,-72,115.223176,97.42375808,1.710490956,5,967.7092813
Salmo trutta,1,1353,-38,-72,357.6867925,140.7681836,6.289933997,4,3019.392631
Salmo trutta,3,1549,-38,-72,276.0629921,129.6355156,11.21314184,4,419.5884732
Salmo trutta,3,1942,-37,-72,115.223176,97.42375808,1.710490956,5,967.7092813
Salmo trutta,1,1342,-38,-72,366.6785714,158.8839576,5.299810607,6,3019.392631
Salmo trutta,1,1351,-38,-72,403.459144,142.8271616,4.5816708,3,3019.392631
Salmo trutta,1,2063,-38,-72,290.1971831,129.7125486,1.974997731,6,3019.392631
Salmo trutta,1,1342,-38,-72,366.6785714,158.8839576,5.299810607,6,3019.392631
Salmo trutta,2,8532,-40,-73,86.31818182,192.6666667,18.40214676,3,971.5374943
Salmo trutta,2,1916,-37,-72,369.6431535,113.0148534,4.216141644,5,967.7092813
Salmo trutta,1,1353,-38,-72,357.6867925,140.7681836,6.289933997,4,3019.392631
Salmo trutta,2,1916,-37,-72,369.6431535,113.0148534,4.216141644,5,967.7092813
Salmo trutta,1,1353,-38,-72,357.6867925,140.7681836,6.289933997,4,3019.392631
Salmo trutta,2,1916,-37,-72,369.6431535,113.0148534,4.216141644,5,967.7092813
Salmo trutta,2,1918,-37,-72,338.9216418,111.7864594,2.509841725,5,967.7092813
Salmo trutta,2,1916,-37,-72,369.6431535,113.0148534,4.216141644,5,967.7092813
Salmo trutta,1,1353,-38,-72,357.6867925,140.7681836,6.289933997,4,3019.392631
Salmo trutta,2,1916,-37,-72,369.6431535,113.0148534,4.216141644,5,967.7092813
Salmo trutta,1,1353,-38,-72,357.6867925,140.7681836,6.289933997,4,3019.392631
Salmo trutta,2,1916,-37,-72,369.6431535,113.0148534,4.216141644,5,967.7092813
Trichomycterus areolatus,2,5717,-36,-72,89.8125,73.93333588,3.637341519,6,3290.497922
Trichomycterus areolatus,4,1524,-37,-73,74.05737705,102.6450002,1.207989798,6,3526.717392
Trichomycterus areolatus,4,1524,-37,-73,74.05737705,102.6450002,1.207989798,6,3526.717392
Trichomycterus areolatus,2,5717,-36,-72,89.8125,73.93333588,3.637341519,6,3290.497922
Trichomycterus areolatus,2,5717,-36,-72,89.8125,73.93333588,3.637341519,6,3290.497922
Trichomycterus areolatus,3,5372,-35,-72,28.65137615,69.65,4.354146694,7,5570.866652
Trichomycterus areolatus,12,1916,-37,-72,369.6431535,113.0148534,4.216141644,5,967.7092813
Trichomycterus areolatus,3,5372,-35,-72,28.65137615,69.65,4.354146694,7,5570.866652
Trichomycterus areolatus,3,5372,-35,-72,28.65137615,69.65,4.354146694,7,5570.866652
Trichomycterus areolatus,2,1919,-37,-72,325.7125984,112.264937,2.674051057,5,967.7092813
Trichomycterus areolatus,12,1916,-37,-72,369.6431535,113.0148534,4.216141644,5,967.7092813
Trichomycterus areolatus,4,1349,-38,-72,455.9098039,148.4282426,27.06829148,3,3019.392631
Trichomycterus areolatus,3,5372,-35,-72,28.65137615,69.65,4.354146694,7,5570.866652
Trichomycterus areolatus,4,1524,-37,-73,74.05737705,102.6450002,1.207989798,6,3526.717392
Trichomycterus areolatus,3,5372,-35,-72,28.65137615,69.65,4.354146694,7,5570.866652
Trichomycterus areolatus,12,1916,-37,-72,369.6431535,113.0148534,4.216141644,5,967.7092813
Trichomycterus areolatus,3,5372,-35,-72,28.65137615,69.65,4.354146694,7,5570.866652
Trichomycterus areolatus,2,3611,-34,-71,158.4847162,43.36790461,4.839774885,2,1750.389286
Trichomycterus areolatus,12,1916,-37,-72,369.6431535,113.0148534,4.216141644,5,967.7092813
Trichomycterus areolatus,4,1524,-37,-73,74.05737705,102.6450002,1.207989798,6,3526.717392
Trichomycterus areolatus,3,1563,-38,-72,161.2708333,108.7996618,3.086832117,4,419.5884732
Trichomycterus areolatus,2,3611,-34,-71,158.4847162,43.36790461,4.839774885,2,1750.389286
Trichomycterus areolatus,2,3611,-34,-71,158.4847162,43.36790461,4.839774885,2,1750.389286
Trichomycterus areolatus,2,5717,-36,-72,89.8125,73.93333588,3.637341519,6,3290.497922
Trichomycterus areolatus,2,3708,-35,-71,146.7207207,64.8333346,2.378894906,6,1544.312195
Trichomycterus areolatus,2,5717,-36,-72,89.8125,73.93333588,3.637341519,6,3290.497922
Trichomycterus areolatus,2,5717,-36,-72,89.8125,73.93333588,3.637341519,6,3290.497922
Trichomycterus areolatus,2,4044,-35,-71,201.1388889,64.74999891,4.342244125,4,1544.312195
Trichomycterus areolatus,2,5717,-36,-72,89.8125,73.93333588,3.637341519,6,3290.497922
Trichomycterus areolatus,3,1385,-38,-72,117.0362694,101.5833359,1.895766663,6,3526.717392
Trichomycterus areolatus,12,1916,-37,-72,369.6431535,113.0148534,4.216141644,5,967.7092813
Trichomycterus areolatus,3,1563,-38,-72,161.2708333,108.7996618,3.086832117,4,419.5884732
Trichomycterus areolatus,2,5717,-36,-72,89.8125,73.93333588,3.637341519,6,3290.497922
Trichomycterus areolatus,12,1916,-37,-72,369.6431535,113.0148534,4.216141644,5,967.7092813
Trichomycterus areolatus,1,6150,-35,-72,54.2,70.59523664,6.287205955,5,1275.259419
Trichomycterus areolatus,1,6150,-35,-72,54.2,70.59523664,6.287205955,5,1275.259419
Trichomycterus areolatus,3,1563,-38,-72,161.2708333,108.7996618,3.086832117,4,419.5884732
Trichomycterus areolatus,1,6150,-35,-72,54.2,70.59523664,6.287205955,5,1275.259419
Trichomycterus areolatus,1,1524,-37,-73,74.05737705,102.6450002,1.207989798,6,3526.717392
Trichomycterus areolatus,2,1917,-37,-72,354.5454545,112.3168151,3.603549118,5,967.7092813
Trichomycterus areolatus,1,1524,-37,-73,74.05737705,102.6450002,1.207989798,6,3526.717392
Trichomycterus areolatus,2,5717,-36,-72,89.8125,73.93333588,3.637341519,6,3290.497922
Trichomycterus areolatus,2,5717,-36,-72,89.8125,73.93333588,3.637341519,6,3290.497922
Trichomycterus areolatus,3,1563,-38,-72,161.2708333,108.7996618,3.086832117,4,419.5884732
Trichomycterus areolatus,2,5717,-36,-72,89.8125,73.93333588,3.637341519,6,3290.497922
Trichomycterus areolatus,1,6150,-35,-72,54.2,70.59523664,6.287205955,5,1275.259419
Trichomycterus areolatus,4,4535,-39,-73,70.40178571,98.70238277,3.160259271,5,1745.722088
Trichomycterus areolatus,4,4535,-39,-73,70.40178571,98.70238277,3.160259271,5,1745.722088
Trichomycterus areolatus,12,1916,-37,-72,369.6431535,113.0148534,4.216141644,5,967.7092813
Trichomycterus areolatus,4,4535,-39,-73,70.40178571,98.70238277,3.160259271,5,1745.722088
Trichomycterus areolatus,4,1524,-37,-73,74.05737705,102.6450002,1.207989798,6,3526.717392
Trichomycterus areolatus,2,5717,-36,-72,89.8125,73.93333588,3.637341519,6,3290.497922
Trichomycterus areolatus,1,1353,-38,-72,357.6867925,140.7681836,6.289933997,4,3019.392631
Trichomycterus areolatus,2,1917,-37,-72,354.5454545,112.3168151,3.603549118,5,967.7092813
Trichomycterus areolatus,4,1524,-37,-73,74.05737705,102.6450002,1.207989798,6,3526.717392
Trichomycterus areolatus,2,5717,-36,-72,89.8125,73.93333588,3.637341519,6,3290.497922
Trichomycterus areolatus,4,4535,-39,-73,70.40178571,98.70238277,3.160259271,5,1745.722088
Trichomycterus areolatus,1,1524,-37,-73,74.05737705,102.6450002,1.207989798,6,3526.717392
Trichomycterus areolatus,3,5372,-35,-72,28.65137615,69.65,4.354146694,7,5570.866652
Trichomycterus areolatus,4,4535,-39,-73,70.40178571,98.70238277,3.160259271,5,1745.722088
Trichomycterus areolatus,4,1524,-37,-73,74.05737705,102.6450002,1.207989798,6,3526.717392
Trichomycterus areolatus,2,1917,-37,-72,354.5454545,112.3168151,3.603549118,5,967.7092813
Trichomycterus areolatus,4,1524,-37,-73,74.05737705,102.6450002,1.207989798,6,3526.717392
Trichomycterus areolatus,4,4535,-39,-73,70.40178571,98.70238277,3.160259271,5,1745.722088
Trichomycterus areolatus,4,1524,-37,-73,74.05737705,102.6450002,1.207989798,6,3526.717392
Trichomycterus areolatus,4,1524,-37,-73,74.05737705,102.6450002,1.207989798,6,3526.717392
Trichomycterus areolatus,4,4535,-39,-73,70.40178571,98.70238277,3.160259271,5,1745.722088
Trichomycterus areolatus,1,1353,-38,-72,357.6867925,140.7681836,6.289933997,4,3019.392631
Trichomycterus areolatus,2,1917,-37,-72,354.5454545,112.3168151,3.603549118,5,967.7092813
Trichomycterus areolatus,4,4535,-39,-73,70.40178571,98.70238277,3.160259271,5,1745.722088
Trichomycterus areolatus,4,1524,-37,-73,74.05737705,102.6450002,1.207989798,6,3526.717392
Trichomycterus areolatus,3,5372,-35,-72,28.65137615,69.65,4.354146694,7,5570.866652
Trichomycterus areolatus,3,5372,-35,-72,28.65137615,69.65,4.354146694,7,5570.866652
Trichomycterus areolatus,2,2752,-34,-71,339.8642534,50.17194534,3.611032486,6,165.4004226
Trichomycterus areolatus,4,1524,-37,-73,74.05737705,102.6450002,1.207989798,6,3526.717392
Trichomycterus areolatus,12,1916,-37,-72,369.6431535,113.0148534,4.216141644,5,967.7092813
Trichomycterus areolatus,3,5756,-36,-72,109.3333333,75.56666718,4.452714519,4,257.240611
Trichomycterus areolatus,4,4535,-39,-73,70.40178571,98.70238277,3.160259271,5,1745.722088
Trichomycterus areolatus,3,5372,-35,-72,28.65137615,69.65,4.354146694,7,5570.866652
Trichomycterus areolatus,12,1916,-37,-72,369.6431535,113.0148534,4.216141644,5,967.7092813
Trichomycterus areolatus,4,1524,-37,-73,74.05737705,102.6450002,1.207989798,6,3526.717392
Trichomycterus areolatus,3,1385,-38,-72,117.0362694,101.5833359,1.895766663,6,3526.717392
Trichomycterus areolatus,3,1563,-38,-72,161.2708333,108.7996618,3.086832117,4,419.5884732
Trichomycterus areolatus,3,5372,-35,-72,28.65137615,69.65,4.354146694,7,5570.866652
Trichomycterus areolatus,4,1524,-37,-73,74.05737705,102.6450002,1.207989798,6,3526.717392
Trichomycterus areolatus,1,1524,-37,-73,74.05737705,102.6450002,1.207989798,6,3526.717392
Trichomycterus areolatus,1,1524,-37,-73,74.05737705,102.6450002,1.207989798,6,3526.717392
Trichomycterus areolatus,1,6150,-35,-72,54.2,70.59523664,6.287205955,5,1275.259419
Trichomycterus areolatus,1,6150,-35,-72,54.2,70.59523664,6.287205955,5,1275.259419
Trichomycterus areolatus,3,5372,-35,-72,28.65137615,69.65,4.354146694,7,5570.866652
Trichomycterus areolatus,1,1760,-38,-73,79.125,103.338334,1.344648499,6,6261.697266
Trichomycterus areolatus,3,5372,-35,-72,28.65137615,69.65,4.354146694,7,5570.866652
Trichomycterus areolatus,1,1524,-37,-73,74.05737705,102.6450002,1.207989798,6,3526.717392
Trichomycterus areolatus,2,2753,-34,-71,324.9545455,49.77689481,3.956382362,6,165.4004226
Trichomycterus areolatus,1,1525,-37,-73,75.06299213,103.4748428,1.291669373,6,3526.717392
Trichomycterus areolatus,12,1916,-37,-72,369.6431535,113.0148534,4.216141644,5,967.7092813
Trichomycterus areolatus,3,5756,-36,-72,109.3333333,75.56666718,4.452714519,4,257.240611
Trichomycterus areolatus,3,5372,-35,-72,28.65137615,69.65,4.354146694,7,5570.866652
Trichomycterus areolatus,3,818,-37,-72,163.8802083,91.6588527,3.600447729,5,955.1016828
Trichomycterus areolatus,12,1916,-37,-72,369.6431535,113.0148534,4.216141644,5,967.7092813
Trichomycterus areolatus,2,2753,-34,-71,324.9545455,49.77689481,3.956382362,6,165.4004226
Trichomycterus areolatus,1,1524,-37,-73,74.05737705,102.6450002,1.207989798,6,3526.717392
Trichomycterus areolatus,1,1524,-37,-73,74.05737705,102.6450002,1.207989798,6,3526.717392
Trichomycterus areolatus,1,1524,-37,-73,74.05737705,102.6450002,1.207989798,6,3526.717392
Trichomycterus areolatus,1,1524,-37,-73,74.05737705,102.6450002,1.207989798,6,3526.717392
Trichomycterus areolatus,3,5372,-35,-72,28.65137615,69.65,4.354146694,7,5570.866652
Trichomycterus areolatus,2,5717,-36,-72,89.8125,73.93333588,3.637341519,6,3290.497922
Trichomycterus areolatus,3,818,-37,-72,163.8802083,91.6588527,3.600447729,5,955.1016828
Trichomycterus areolatus,1,6150,-35,-72,54.2,70.59523664,6.287205955,5,1275.259419
Trichomycterus areolatus,3,818,-37,-72,163.8802083,91.6588527,3.600447729,5,955.1016828
Trichomycterus areolatus,2,1919,-37,-72,325.7125984,112.264937,2.674051057,5,967.7092813
Trichomycterus areolatus,4,4535,-39,-73,70.40178571,98.70238277,3.160259271,5,1745.722088
Trichomycterus areolatus,3,818,-37,-72,163.8802083,91.6588527,3.600447729,5,955.1016828
Trichomycterus areolatus,4,1524,-37,-73,74.05737705,102.6450002,1.207989798,6,3526.717392
Trichomycterus areolatus,3,1563,-38,-72,161.2708333,108.7996618,3.086832117,4,419.5884732
Trichomycterus areolatus,4,1524,-37,-73,74.05737705,102.6450002,1.207989798,6,3526.717392
Trichomycterus areolatus,1,1524,-37,-73,74.05737705,102.6450002,1.207989798,6,3526.717392
Trichomycterus areolatus,2,5717,-36,-72,89.8125,73.93333588,3.637341519,6,3290.497922
Trichomycterus areolatus,2,3708,-35,-71,146.7207207,64.8333346,2.378894906,6,1544.312195
Trichomycterus areolatus,3,5372,-35,-72,28.65137615,69.65,4.354146694,7,5570.866652
Trichomycterus areolatus,3,5372,-35,-72,28.65137615,69.65,4.354146694,7,5570.866652
Trichomycterus areolatus,1,1524,-37,-73,74.05737705,102.6450002,1.207989798,6,3526.717392
Trichomycterus areolatus,4,4535,-39,-73,70.40178571,98.70238277,3.160259271,5,1745.722088
Trichomycterus areolatus,4,4535,-39,-73,70.40178571,98.70238277,3.160259271,5,1745.722088
Trichomycterus areolatus,3,5372,-35,-72,28.65137615,69.65,4.354146694,7,5570.866652
Trichomycterus areolatus,3,5372,-35,-72,28.65137615,69.65,4.354146694,7,5570.866652
Trichomycterus areolatus,1,1760,-38,-73,79.125,103.338334,1.344648499,6,6261.697266
Trichomycterus areolatus,4,1524,-37,-73,74.05737705,102.6450002,1.207989798,6,3526.717392
Trichomycterus areolatus,4,1524,-37,-73,74.05737705,102.6450002,1.207989798,6,3526.717392
Trichomycterus areolatus,3,5372,-35,-72,28.65137615,69.65,4.354146694,7,5570.866652
Trichomycterus areolatus,3,5372,-35,-72,28.65137615,69.65,4.354146694,7,5570.866652
Trichomycterus areolatus,2,5717,-36,-72,89.8125,73.93333588,3.637341519,6,3290.497922
Trichomycterus areolatus,3,5243,-39,-72,134,134.3333333,3.894006396,5,628.0236726
Trichomycterus areolatus,12,1916,-37,-72,369.6431535,113.0148534,4.216141644,5,967.7092813
Trichomycterus areolatus,12,1916,-37,-72,369.6431535,113.0148534,4.216141644,5,967.7092813
Trichomycterus areolatus,3,5243,-39,-72,134,134.3333333,3.894006396,5,628.0236726
Trichomycterus areolatus,1,1524,-37,-73,74.05737705,102.6450002,1.207989798,6,3526.717392
Trichomycterus areolatus,2,3708,-35,-71,146.7207207,64.8333346,2.378894906,6,1544.312195
Trichomycterus areolatus,2,5717,-36,-72,89.8125,73.93333588,3.637341519,6,3290.497922
Trichomycterus areolatus,2,5717,-36,-72,89.8125,73.93333588,3.637341519,6,3290.497922
Trichomycterus areolatus,1,6150,-35,-72,54.2,70.59523664,6.287205955,5,1275.259419
Trichomycterus areolatus,1,6150,-35,-72,54.2,70.59523664,6.287205955,5,1275.259419
Trichomycterus areolatus,2,1919,-37,-72,325.7125984,112.264937,2.674051057,5,967.7092813
Trichomycterus areolatus,1,6733,-39,-73,86.61666667,134.1309531,6.433685386,6,2359.225673
Trichomycterus areolatus,3,1609,-38,-73,86.55078125,100.1896818,1,5,154.1941464
Trichomycterus areolatus,3,5756,-36,-72,109.3333333,75.56666718,4.452714519,4,257.240611
Trichomycterus areolatus,3,5372,-35,-72,28.65137615,69.65,4.354146694,7,5570.866652
Trichomycterus areolatus,2,2752,-34,-71,339.8642534,50.17194534,3.611032486,6,165.4004226
Trichomycterus areolatus,3,5372,-35,-72,28.65137615,69.65,4.354146694,7,5570.866652
Trichomycterus areolatus,3,5372,-35,-72,28.65137615,69.65,4.354146694,7,5570.866652
Trichomycterus areolatus,2,4044,-35,-71,201.1388889,64.74999891,4.342244125,4,1544.312195
Trichomycterus areolatus,3,5372,-35,-72,28.65137615,69.65,4.354146694,7,5570.866652
Trichomycterus areolatus,3,5372,-35,-72,28.65137615,69.65,4.354146694,7,5570.866652
Trichomycterus areolatus,3,5372,-35,-72,28.65137615,69.65,4.354146694,7,5570.866652
Trichomycterus areolatus,1,1353,-38,-72,357.6867925,140.7681836,6.289933997,4,3019.392631
Trichomycterus areolatus,12,1916,-37,-72,369.6431535,113.0148534,4.216141644,5,967.7092813
Trichomycterus areolatus,3,5243,-39,-72,134,134.3333333,3.894006396,5,628.0236726
Trichomycterus areolatus,3,5372,-35,-72,28.65137615,69.65,4.354146694,7,5570.866652
Trichomycterus areolatus,12,1916,-37,-72,369.6431535,113.0148534,4.216141644,5,967.7092813
Trichomycterus areolatus,2,3611,-34,-71,158.4847162,43.36790461,4.839774885,2,1750.389286
Trichomycterus areolatus,1,1524,-37,-73,74.05737705,102.6450002,1.207989798,6,3526.717392
Trichomycterus areolatus,2,5717,-36,-72,89.8125,73.93333588,3.637341519,6,3290.497922
Trichomycterus areolatus,4,1349,-38,-72,455.9098039,148.4282426,27.06829148,3,3019.392631
Trichomycterus areolatus,3,5372,-35,-72,28.65137615,69.65,4.354146694,7,5570.866652
Trichomycterus areolatus,2,4044,-35,-71,201.1388889,64.74999891,4.342244125,4,1544.312195
Trichomycterus areolatus,3,818,-37,-72,163.8802083,91.6588527,3.600447729,5,955.1016828
Trichomycterus areolatus,3,818,-37,-72,163.8802083,91.6588527,3.600447729,5,955.1016828
Trichomycterus areolatus,2,2753,-34,-71,324.9545455,49.77689481,3.956382362,6,165.4004226
Trichomycterus areolatus,4,4535,-39,-73,70.40178571,98.70238277,3.160259271,5,1745.722088
Trichomycterus areolatus,1,1525,-37,-73,75.06299213,103.4748428,1.291669373,6,3526.717392
Trichomycterus areolatus,2,3611,-34,-71,158.4847162,43.36790461,4.839774885,2,1750.389286
Trichomycterus areolatus,1,1524,-37,-73,74.05737705,102.6450002,1.207989798,6,3526.717392
Trichomycterus areolatus,3,5372,-35,-72,28.65137615,69.65,4.354146694,7,5570.866652
Trichomycterus areolatus,3,5756,-36,-72,109.3333333,75.56666718,4.452714519,4,257.240611
Trichomycterus areolatus,1,6733,-39,-73,86.61666667,134.1309531,6.433685386,6,2359.225673
Trichomycterus areolatus,3,5756,-36,-72,109.3333333,75.56666718,4.452714519,4,257.240611
Trichomycterus areolatus,3,5756,-36,-72,109.3333333,75.56666718,4.452714519,4,257.240611
Trichomycterus areolatus,2,2753,-34,-71,324.9545455,49.77689481,3.956382362,6,165.4004226
Trichomycterus areolatus,2,2753,-34,-71,324.9545455,49.77689481,3.956382362,6,165.4004226
Trichomycterus areolatus,12,1916,-37,-72,369.6431535,113.0148534,4.216141644,5,967.7092813
Trichomycterus areolatus,3,5243,-39,-72,134,134.3333333,3.894006396,5,628.0236726
Trichomycterus areolatus,3,5372,-35,-72,28.65137615,69.65,4.354146694,7,5570.866652
Trichomycterus areolatus,3,5372,-35,-72,28.65137615,69.65,4.354146694,7,5570.866652
Trichomycterus areolatus,2,3611,-34,-71,158.4847162,43.36790461,4.839774885,2,1750.389286
Trichomycterus areolatus,3,5372,-35,-72,28.65137615,69.65,4.354146694,7,5570.866652
Trichomycterus areolatus,3,5372,-35,-72,28.65137615,69.65,4.354146694,7,5570.866652
Trichomycterus areolatus,1,1760,-38,-73,79.125,103.338334,1.344648499,6,6261.697266
Trichomycterus areolatus,1,1353,-38,-72,357.6867925,140.7681836,6.289933997,4,3019.392631
Trichomycterus areolatus,2,2752,-34,-71,339.8642534,50.17194534,3.611032486,6,165.4004226
Trichomycterus areolatus,3,5243,-39,-72,134,134.3333333,3.894006396,5,628.0236726
Trichomycterus areolatus,1,1342,-38,-72,366.6785714,158.8839576,5.299810607,6,3019.392631
Trichomycterus areolatus,1,1353,-38,-72,357.6867925,140.7681836,6.289933997,4,3019.392631
Trichomycterus areolatus,4,4535,-39,-73,70.40178571,98.70238277,3.160259271,5,1745.722088
Trichomycterus areolatus,3,5243,-39,-72,134,134.3333333,3.894006396,5,628.0236726
Trichomycterus areolatus,3,1385,-38,-72,117.0362694,101.5833359,1.895766663,6,3526.717392
Trichomycterus areolatus,3,1385,-38,-72,117.0362694,101.5833359,1.895766663,6,3526.717392
Trichomycterus areolatus,3,1385,-38,-72,117.0362694,101.5833359,1.895766663,6,3526.717392
Trichomycterus areolatus,2,3708,-35,-71,146.7207207,64.8333346,2.378894906,6,1544.312195
Trichomycterus areolatus,3,1385,-38,-72,117.0362694,101.5833359,1.895766663,6,3526.717392
Trichomycterus areolatus,3,1385,-38,-72,117.0362694,101.5833359,1.895766663,6,3526.717392
Trichomycterus areolatus,3,5372,-35,-72,28.65137615,69.65,4.354146694,7,5570.866652
Trichomycterus areolatus,3,5372,-35,-72,28.65137615,69.65,4.354146694,7,5570.866652
Trichomycterus areolatus,1,6150,-35,-72,54.2,70.59523664,6.287205955,5,1275.259419
Trichomycterus areolatus,2,4044,-35,-71,201.1388889,64.74999891,4.342244125,4,1544.312195
Trichomycterus areolatus,2,4044,-35,-71,201.1388889,64.74999891,4.342244125,4,1544.312195
Trichomycterus areolatus,2,4044,-35,-71,201.1388889,64.74999891,4.342244125,4,1544.312195
Trichomycterus areolatus,2,4044,-35,-71,201.1388889,64.74999891,4.342244125,4,1544.312195
Trichomycterus areolatus,2,3708,-35,-71,146.7207207,64.8333346,2.378894906,6,1544.312195
Trichomycterus areolatus,2,3708,-35,-71,146.7207207,64.8333346,2.378894906,6,1544.312195
Trichomycterus areolatus,1,6150,-35,-72,54.2,70.59523664,6.287205955,5,1275.259419
Trichomycterus areolatus,2,1907,-37,-72,551.5406504,121.6116509,2.011950759,5,967.7092813
Trichomycterus areolatus,3,818,-37,-72,163.8802083,91.6588527,3.600447729,5,955.1016828
Trichomycterus areolatus,3,818,-37,-72,163.8802083,91.6588527,3.600447729,5,955.1016828
Trichomycterus areolatus,3,818,-37,-72,163.8802083,91.6588527,3.600447729,5,955.1016828
Trichomycterus areolatus,3,818,-37,-72,163.8802083,91.6588527,3.600447729,5,955.1016828
Trichomycterus areolatus,3,5372,-35,-72,28.65137615,69.65,4.354146694,7,5570.866652
Trichomycterus areolatus,1,1525,-37,-73,75.06299213,103.4748428,1.291669373,6,3526.717392
Trichomycterus areolatus,2,3708,-35,-71,146.7207207,64.8333346,2.378894906,6,1544.312195
Trichomycterus areolatus,3,5372,-35,-72,28.65137615,69.65,4.354146694,7,5570.866652
Trichomycterus areolatus,3,818,-37,-72,163.8802083,91.6588527,3.600447729,5,955.1016828
Trichomycterus areolatus,3,818,-37,-72,163.8802083,91.6588527,3.600447729,5,955.1016828
Trichomycterus areolatus,1,6150,-35,-72,54.2,70.59523664,6.287205955,5,1275.259419
Trichomycterus areolatus,2,1919,-37,-72,325.7125984,112.264937,2.674051057,5,967.7092813
Trichomycterus areolatus,1,6150,-35,-72,54.2,70.59523664,6.287205955,5,1275.259419
Trichomycterus areolatus,1,1524,-37,-73,74.05737705,102.6450002,1.207989798,6,3526.717392
Trichomycterus areolatus,3,5756,-36,-72,109.3333333,75.56666718,4.452714519,4,257.240611
Trichomycterus areolatus,3,5756,-36,-72,109.3333333,75.56666718,4.452714519,4,257.240611
Trichomycterus areolatus,3,5756,-36,-72,109.3333333,75.56666718,4.452714519,4,257.240611
Trichomycterus areolatus,1,1524,-37,-73,74.05737705,102.6450002,1.207989798,6,3526.717392
Trichomycterus areolatus,3,5372,-35,-72,28.65137615,69.65,4.354146694,7,5570.866652
Trichomycterus areolatus,2,2753,-34,-71,324.9545455,49.77689481,3.956382362,6,165.4004226
Trichomycterus areolatus,3,5372,-35,-72,28.65137615,69.65,4.354146694,7,5570.866652
Trichomycterus areolatus,2,2753,-34,-71,324.9545455,49.77689481,3.956382362,6,165.4004226
Trichomycterus areolatus,4,1524,-37,-73,74.05737705,102.6450002,1.207989798,6,3526.717392
Trichomycterus areolatus,4,1524,-37,-73,74.05737705,102.6450002,1.207989798,6,3526.717392
Trichomycterus areolatus,3,5372,-35,-72,28.65137615,69.65,4.354146694,7,5570.866652
Trichomycterus areolatus,4,1524,-37,-73,74.05737705,102.6450002,1.207989798,6,3526.717392
Trichomycterus areolatus,2,3708,-35,-71,146.7207207,64.8333346,2.378894906,6,1544.312195
Trichomycterus areolatus,1,1760,-38,-73,79.125,103.338334,1.344648499,6,6261.697266
Trichomycterus areolatus,12,1916,-37,-72,369.6431535,113.0148534,4.216141644,5,967.7092813
Trichomycterus areolatus,3,5372,-35,-72,28.65137615,69.65,4.354146694,7,5570.866652
Trichomycterus areolatus,3,5372,-35,-72,28.65137615,69.65,4.354146694,7,5570.866652
Trichomycterus areolatus,12,1916,-37,-72,369.6431535,113.0148534,4.216141644,5,967.7092813
Trichomycterus areolatus,3,5243,-39,-72,134,134.3333333,3.894006396,5,628.0236726
Trichomycterus areolatus,2,5764,-36,-72,81.12037037,71.27777863,4.391394707,6,3290.497922
Trichomycterus areolatus,3,5243,-39,-72,134,134.3333333,3.894006396,5,628.0236726
Trichomycterus areolatus,2,3708,-35,-71,146.7207207,64.8333346,2.378894906,6,1544.312195
Trichomycterus areolatus,2,4044,-35,-71,201.1388889,64.74999891,4.342244125,4,1544.312195
Trichomycterus areolatus,1,1342,-38,-72,366.6785714,158.8839576,5.299810607,6,3019.392631
Trichomycterus areolatus,2,3708,-35,-71,146.7207207,64.8333346,2.378894906,6,1544.312195
Trichomycterus areolatus,1,1525,-37,-73,75.06299213,103.4748428,1.291669373,6,3526.717392
Trichomycterus areolatus,3,818,-37,-72,163.8802083,91.6588527,3.600447729,5,955.1016828
Trichomycterus areolatus,12,1916,-37,-72,369.6431535,113.0148534,4.216141644,5,967.7092813
Trichomycterus areolatus,3,5372,-35,-72,28.65137615,69.65,4.354146694,7,5570.866652
Trichomycterus areolatus,3,1609,-38,-73,86.55078125,100.1896818,1,5,154.1941464
Trichomycterus areolatus,1,1525,-37,-73,75.06299213,103.4748428,1.291669373,6,3526.717392
Trichomycterus areolatus,1,6150,-35,-72,54.2,70.59523664,6.287205955,5,1275.259419
Trichomycterus areolatus,1,6150,-35,-72,54.2,70.59523664,6.287205955,5,1275.259419
Trichomycterus areolatus,1,1524,-37,-73,74.05737705,102.6450002,1.207989798,6,3526.717392
Trichomycterus areolatus,1,1524,-37,-73,74.05737705,102.6450002,1.207989798,6,3526.717392
Trichomycterus areolatus,3,5372,-35,-72,28.65137615,69.65,4.354146694,7,5570.866652
Trichomycterus areolatus,2,8536,-40,-73,50.04424779,189.2916641,13.57040073,3,971.5374943
Trichomycterus areolatus,3,5372,-35,-72,28.65137615,69.65,4.354146694,7,5570.866652
Trichomycterus areolatus,2,8536,-40,-73,50.04424779,189.2916641,13.57040073,3,971.5374943
Trichomycterus areolatus,2,5993,-36,-72,99.35238095,70.95833333,2.351056413,6,1160.414781
Trichomycterus areolatus,2,2753,-34,-71,324.9545455,49.77689481,3.956382362,6,165.4004226
Trichomycterus areolatus,4,1524,-37,-73,74.05737705,102.6450002,1.207989798,6,3526.717392
Trichomycterus areolatus,3,5372,-35,-72,28.65137615,69.65,4.354146694,7,5570.866652
Trichomycterus areolatus,3,5372,-35,-72,28.65137615,69.65,4.354146694,7,5570.866652
Trichomycterus areolatus,3,5372,-35,-72,28.65137615,69.65,4.354146694,7,5570.866652
Trichomycterus areolatus,3,5372,-35,-72,28.65137615,69.65,4.354146694,7,5570.866652
Trichomycterus areolatus,3,5372,-35,-72,28.65137615,69.65,4.354146694,7,5570.866652
Trichomycterus areolatus,3,5372,-35,-72,28.65137615,69.65,4.354146694,7,5570.866652
Trichomycterus areolatus,3,5372,-35,-72,28.65137615,69.65,4.354146694,7,5570.866652
Trichomycterus areolatus,3,5372,-35,-72,28.65137615,69.65,4.354146694,7,5570.866652
Trichomycterus areolatus,3,5372,-35,-72,28.65137615,69.65,4.354146694,7,5570.866652
Trichomycterus areolatus,4,4535,-39,-73,70.40178571,98.70238277,3.160259271,5,1745.722088
Trichomycterus areolatus,3,5372,-35,-72,28.65137615,69.65,4.354146694,7,5570.866652
Trichomycterus areolatus,3,1609,-38,-73,86.55078125,100.1896818,1,5,154.1941464
Trichomycterus areolatus,12,1916,-37,-72,369.6431535,113.0148534,4.216141644,5,967.7092813
Trichomycterus areolatus,12,1916,-37,-72,369.6431535,113.0148534,4.216141644,5,967.7092813
Trichomycterus areolatus,1,1524,-37,-73,74.05737705,102.6450002,1.207989798,6,3526.717392
Trichomycterus areolatus,1,1353,-38,-72,357.6867925,140.7681836,6.289933997,4,3019.392631
Trichomycterus areolatus,2,5717,-36,-72,89.8125,73.93333588,3.637341519,6,3290.497922
Trichomycterus areolatus,2,5764,-36,-72,81.12037037,71.27777863,4.391394707,6,3290.497922
Trichomycterus areolatus,4,1349,-38,-72,455.9098039,148.4282426,27.06829148,3,3019.392631
Trichomycterus areolatus,2,3708,-35,-71,146.7207207,64.8333346,2.378894906,6,1544.312195
Trichomycterus areolatus,2,3708,-35,-71,146.7207207,64.8333346,2.378894906,6,1544.312195
Trichomycterus areolatus,2,3708,-35,-71,146.7207207,64.8333346,2.378894906,6,1544.312195
Trichomycterus areolatus,2,4044,-35,-71,201.1388889,64.74999891,4.342244125,4,1544.312195
Trichomycterus areolatus,2,5717,-36,-72,89.8125,73.93333588,3.637341519,6,3290.497922
Trichomycterus areolatus,2,3708,-35,-71,146.7207207,64.8333346,2.378894906,6,1544.312195
Trichomycterus areolatus,1,1525,-37,-73,75.06299213,103.4748428,1.291669373,6,3526.717392
Trichomycterus areolatus,1,1525,-37,-73,75.06299213,103.4748428,1.291669373,6,3526.717392
Trichomycterus areolatus,3,818,-37,-72,163.8802083,91.6588527,3.600447729,5,955.1016828
Trichomycterus areolatus,3,5372,-35,-72,28.65137615,69.65,4.354146694,7,5570.866652
Trichomycterus areolatus,2,5717,-36,-72,89.8125,73.93333588,3.637341519,6,3290.497922
Trichomycterus areolatus,2,5717,-36,-72,89.8125,73.93333588,3.637341519,6,3290.497922
Trichomycterus areolatus,2,5717,-36,-72,89.8125,73.93333588,3.637341519,6,3290.497922
Trichomycterus areolatus,2,1916,-37,-72,369.6431535,113.0148534,4.216141644,5,967.7092813
Trichomycterus areolatus,1,6150,-35,-72,54.2,70.59523664,6.287205955,5,1275.259419
Trichomycterus areolatus,1,6733,-39,-73,86.61666667,134.1309531,6.433685386,6,2359.225673
Trichomycterus areolatus,1,6150,-35,-72,54.2,70.59523664,6.287205955,5,1275.259419
Trichomycterus areolatus,3,5756,-36,-72,109.3333333,75.56666718,4.452714519,4,257.240611
Trichomycterus areolatus,1,1524,-37,-73,74.05737705,102.6450002,1.207989798,6,3526.717392
Trichomycterus areolatus,12,1916,-37,-72,369.6431535,113.0148534,4.216141644,5,967.7092813
Trichomycterus areolatus,1,1524,-37,-73,74.05737705,102.6450002,1.207989798,6,3526.717392
Trichomycterus areolatus,3,5372,-35,-72,28.65137615,69.65,4.354146694,7,5570.866652
Trichomycterus areolatus,3,5372,-35,-72,28.65137615,69.65,4.354146694,7,5570.866652
Trichomycterus areolatus,2,5993,-36,-72,99.35238095,70.95833333,2.351056413,6,1160.414781
Trichomycterus areolatus,2,1916,-37,-72,369.6431535,113.0148534,4.216141644,5,967.7092813
Trichomycterus areolatus,2,5717,-36,-72,89.8125,73.93333588,3.637341519,6,3290.497922
Trichomycterus areolatus,2,3708,-35,-71,146.7207207,64.8333346,2.378894906,6,1544.312195
Trichomycterus areolatus,2,3708,-35,-71,146.7207207,64.8333346,2.378894906,6,1544.312195
Trichomycterus areolatus,2,3708,-35,-71,146.7207207,64.8333346,2.378894906,6,1544.312195
Trichomycterus areolatus,2,3708,-35,-71,146.7207207,64.8333346,2.378894906,6,1544.312195
Trichomycterus areolatus,2,3708,-35,-71,146.7207207,64.8333346,2.378894906,6,1544.312195
Trichomycterus areolatus,1,1760,-38,-73,79.125,103.338334,1.344648499,6,6261.697266
Trichomycterus areolatus,1,1760,-38,-73,79.125,103.338334,1.344648499,6,6261.697266
Trichomycterus areolatus,4,6187,-35,-72,34.48484848,70.86666718,4.428001112,7,5570.866652
Trichomycterus areolatus,4,6187,-35,-72,34.48484848,70.86666718,4.428001112,7,5570.866652
Trichomycterus areolatus,4,4535,-39,-73,70.40178571,98.70238277,3.160259271,5,1745.722088
Trichomycterus areolatus,4,4535,-39,-73,70.40178571,98.70238277,3.160259271,5,1745.722088
Trichomycterus areolatus,1,6733,-39,-73,86.61666667,134.1309531,6.433685386,6,2359.225673
Trichomycterus areolatus,2,1917,-37,-72,354.5454545,112.3168151,3.603549118,5,967.7092813
Trichomycterus areolatus,3,1385,-38,-72,117.0362694,101.5833359,1.895766663,6,3526.717392
Trichomycterus areolatus,2,5717,-36,-72,89.8125,73.93333588,3.637341519,6,3290.497922
Trichomycterus areolatus,2,4044,-35,-71,201.1388889,64.74999891,4.342244125,4,1544.312195
Trichomycterus areolatus,2,4044,-35,-71,201.1388889,64.74999891,4.342244125,4,1544.312195
Trichomycterus areolatus,2,3708,-35,-71,146.7207207,64.8333346,2.378894906,6,1544.312195
Trichomycterus areolatus,2,3708,-35,-71,146.7207207,64.8333346,2.378894906,6,1544.312195
Trichomycterus areolatus,2,4044,-35,-71,201.1388889,64.74999891,4.342244125,4,1544.312195
Trichomycterus areolatus,2,4044,-35,-71,201.1388889,64.74999891,4.342244125,4,1544.312195
Trichomycterus areolatus,2,4044,-35,-71,201.1388889,64.74999891,4.342244125,4,1544.312195
Trichomycterus areolatus,4,4535,-39,-73,70.40178571,98.70238277,3.160259271,5,1745.722088
Trichomycterus areolatus,4,4535,-39,-73,70.40178571,98.70238277,3.160259271,5,1745.722088
Trichomycterus areolatus,2,1907,-37,-72,551.5406504,121.6116509,2.011950759,5,967.7092813
Trichomycterus areolatus,2,1907,-37,-72,551.5406504,121.6116509,2.011950759,5,967.7092813
Trichomycterus areolatus,1,1525,-37,-73,75.06299213,103.4748428,1.291669373,6,3526.717392
Trichomycterus areolatus,2,1919,-37,-72,325.7125984,112.264937,2.674051057,5,967.7092813
Trichomycterus areolatus,2,1919,-37,-72,325.7125984,112.264937,2.674051057,5,967.7092813
Trichomycterus areolatus,2,1919,-37,-72,325.7125984,112.264937,2.674051057,5,967.7092813
Trichomycterus areolatus,3,818,-37,-72,163.8802083,91.6588527,3.600447729,5,955.1016828
Trichomycterus areolatus,3,818,-37,-72,163.8802083,91.6588527,3.600447729,5,955.1016828
Trichomycterus areolatus,3,818,-37,-72,163.8802083,91.6588527,3.600447729,5,955.1016828
Trichomycterus areolatus,3,5243,-39,-72,134,134.3333333,3.894006396,5,628.0236726
Trichomycterus areolatus,3,5243,-39,-72,134,134.3333333,3.894006396,5,628.0236726
Trichomycterus areolatus,1,6150,-35,-72,54.2,70.59523664,6.287205955,5,1275.259419
Trichomycterus areolatus,3,5243,-39,-72,134,134.3333333,3.894006396,5,628.0236726
Trichomycterus areolatus,3,5756,-36,-72,109.3333333,75.56666718,4.452714519,4,257.240611
Trichomycterus areolatus,3,5756,-36,-72,109.3333333,75.56666718,4.452714519,4,257.240611
Trichomycterus areolatus,3,5756,-36,-72,109.3333333,75.56666718,4.452714519,4,257.240611
Trichomycterus areolatus,3,5243,-39,-72,134,134.3333333,3.894006396,5,628.0236726
Trichomycterus areolatus,3,5243,-39,-72,134,134.3333333,3.894006396,5,628.0236726
Trichomycterus areolatus,3,5372,-35,-72,28.65137615,69.65,4.354146694,7,5570.866652
Trichomycterus areolatus,2,5993,-36,-72,99.35238095,70.95833333,2.351056413,6,1160.414781
Trichomycterus areolatus,1,1524,-37,-73,74.05737705,102.6450002,1.207989798,6,3526.717392
Trichomycterus areolatus,1,1524,-37,-73,74.05737705,102.6450002,1.207989798,6,3526.717392
Trichomycterus areolatus,2,5993,-36,-72,99.35238095,70.95833333,2.351056413,6,1160.414781
Trichomycterus areolatus,3,5372,-35,-72,28.65137615,69.65,4.354146694,7,5570.866652
Trichomycterus areolatus,12,1916,-37,-72,369.6431535,113.0148534,4.216141644,5,967.7092813
Trichomycterus areolatus,12,1916,-37,-72,369.6431535,113.0148534,4.216141644,5,967.7092813
Trichomycterus areolatus,3,5243,-39,-72,134,134.3333333,3.894006396,5,628.0236726
Trichomycterus areolatus,3,8538,-40,-73,45.85964912,187.1979198,11.39652594,3,971.5374943
Trichomycterus areolatus,2,1907,-37,-72,551.5406504,121.6116509,2.011950759,5,967.7092813
Trichomycterus areolatus,1,1525,-37,-73,75.06299213,103.4748428,1.291669373,6,3526.717392
Trichomycterus areolatus,12,1916,-37,-72,369.6431535,113.0148534,4.216141644,5,967.7092813
Trichomycterus areolatus,1,1525,-37,-73,75.06299213,103.4748428,1.291669373,6,3526.717392
Trichomycterus areolatus,1,1760,-38,-73,79.125,103.338334,1.344648499,6,6261.697266
Trichomycterus areolatus,1,6150,-35,-72,54.2,70.59523664,6.287205955,5,1275.259419
Trichomycterus areolatus,1,6150,-35,-72,54.2,70.59523664,6.287205955,5,1275.259419
Trichomycterus areolatus,3,5372,-35,-72,28.65137615,69.65,4.354146694,7,5570.866652
Trichomycterus areolatus,3,5372,-35,-72,28.65137615,69.65,4.354146694,7,5570.866652
Trichomycterus areolatus,1,6150,-35,-72,54.2,70.59523664,6.287205955,5,1275.259419
Trichomycterus areolatus,1,6150,-35,-72,54.2,70.59523664,6.287205955,5,1275.259419
Trichomycterus areolatus,4,4535,-39,-73,70.40178571,98.70238277,3.160259271,5,1745.722088
Trichomycterus areolatus,1,1524,-37,-73,74.05737705,102.6450002,1.207989798,6,3526.717392
Trichomycterus areolatus,1,1524,-37,-73,74.05737705,102.6450002,1.207989798,6,3526.717392
Trichomycterus areolatus,1,1524,-37,-73,74.05737705,102.6450002,1.207989798,6,3526.717392
Trichomycterus areolatus,1,1524,-37,-73,74.05737705,102.6450002,1.207989798,6,3526.717392
Trichomycterus areolatus,1,1524,-37,-73,74.05737705,102.6450002,1.207989798,6,3526.717392
Trichomycterus areolatus,1,1524,-37,-73,74.05737705,102.6450002,1.207989798,6,3526.717392
Trichomycterus areolatus,1,1524,-37,-73,74.05737705,102.6450002,1.207989798,6,3526.717392
Trichomycterus areolatus,2,4044,-35,-71,201.1388889,64.74999891,4.342244125,4,1544.312195
Trichomycterus areolatus,3,5372,-35,-72,28.65137615,69.65,4.354146694,7,5570.866652
Trichomycterus areolatus,3,5372,-35,-72,28.65137615,69.65,4.354146694,7,5570.866652
Trichomycterus areolatus,3,1563,-38,-72,161.2708333,108.7996618,3.086832117,4,419.5884732
Trichomycterus areolatus,1,1524,-37,-73,74.05737705,102.6450002,1.207989798,6,3526.717392
Trichomycterus areolatus,3,5372,-35,-72,28.65137615,69.65,4.354146694,7,5570.866652
Trichomycterus areolatus,3,5372,-35,-72,28.65137615,69.65,4.354146694,7,5570.866652
Trichomycterus areolatus,3,5372,-35,-72,28.65137615,69.65,4.354146694,7,5570.866652
Trichomycterus areolatus,3,5372,-35,-72,28.65137615,69.65,4.354146694,7,5570.866652
Trichomycterus areolatus,2,2752,-34,-71,339.8642534,50.17194534,3.611032486,6,165.4004226
Trichomycterus areolatus,3,5372,-35,-72,28.65137615,69.65,4.354146694,7,5570.866652
Trichomycterus areolatus,3,5372,-35,-72,28.65137615,69.65,4.354146694,7,5570.866652
Trichomycterus areolatus,3,5372,-35,-72,28.65137615,69.65,4.354146694,7,5570.866652
Trichomycterus areolatus,2,2752,-34,-71,339.8642534,50.17194534,3.611032486,6,165.4004226
Trichomycterus areolatus,3,5372,-35,-72,28.65137615,69.65,4.354146694,7,5570.866652
Trichomycterus areolatus,3,5372,-35,-72,28.65137615,69.65,4.354146694,7,5570.866652
Trichomycterus areolatus,3,5372,-35,-72,28.65137615,69.65,4.354146694,7,5570.866652
Trichomycterus areolatus,4,4535,-39,-73,70.40178571,98.70238277,3.160259271,5,1745.722088
Trichomycterus areolatus,3,5243,-39,-72,134,134.3333333,3.894006396,5,628.0236726
Trichomycterus areolatus,4,4535,-39,-73,70.40178571,98.70238277,3.160259271,5,1745.722088
Trichomycterus areolatus,4,4535,-39,-73,70.40178571,98.70238277,3.160259271,5,1745.722088
Trichomycterus areolatus,3,5243,-39,-72,134,134.3333333,3.894006396,5,628.0236726
Trichomycterus areolatus,4,4535,-39,-73,70.40178571,98.70238277,3.160259271,5,1745.722088
Trichomycterus areolatus,2,8530,-40,-73,110.9545455,194.9500031,25.84003993,3,971.5374943
Trichomycterus areolatus,12,1916,-37,-72,369.6431535,113.0148534,4.216141644,5,967.7092813
Trichomycterus areolatus,4,1349,-38,-72,455.9098039,148.4282426,27.06829148,3,3019.392631
Trichomycterus areolatus,4,1349,-38,-72,455.9098039,148.4282426,27.06829148,3,3019.392631
Trichomycterus areolatus,2,3611,-34,-71,158.4847162,43.36790461,4.839774885,2,1750.389286
Trichomycterus areolatus,2,5717,-36,-72,89.8125,73.93333588,3.637341519,6,3290.497922
Trichomycterus areolatus,3,5372,-35,-72,28.65137615,69.65,4.354146694,7,5570.866652
Trichomycterus areolatus,2,5717,-36,-72,89.8125,73.93333588,3.637341519,6,3290.497922
Trichomycterus areolatus,2,5717,-36,-72,89.8125,73.93333588,3.637341519,6,3290.497922
Trichomycterus areolatus,2,5717,-36,-72,89.8125,73.93333588,3.637341519,6,3290.497922
Trichomycterus areolatus,12,1916,-37,-72,369.6431535,113.0148534,4.216141644,5,967.7092813
Trichomycterus areolatus,2,3708,-35,-71,146.7207207,64.8333346,2.378894906,6,1544.312195
Trichomycterus areolatus,2,3708,-35,-71,146.7207207,64.8333346,2.378894906,6,1544.312195
Trichomycterus areolatus,2,3708,-35,-71,146.7207207,64.8333346,2.378894906,6,1544.312195
Trichomycterus areolatus,2,3708,-35,-71,146.7207207,64.8333346,2.378894906,6,1544.312195
Trichomycterus areolatus,2,3708,-35,-71,146.7207207,64.8333346,2.378894906,6,1544.312195
Trichomycterus areolatus,2,3708,-35,-71,146.7207207,64.8333346,2.378894906,6,1544.312195
Trichomycterus areolatus,3,818,-37,-72,163.8802083,91.6588527,3.600447729,5,955.1016828
Trichomycterus areolatus,3,818,-37,-72,163.8802083,91.6588527,3.600447729,5,955.1016828
Trichomycterus areolatus,3,818,-37,-72,163.8802083,91.6588527,3.600447729,5,955.1016828
Trichomycterus areolatus,1,1525,-37,-73,75.06299213,103.4748428,1.291669373,6,3526.717392
Trichomycterus areolatus,1,1525,-37,-73,75.06299213,103.4748428,1.291669373,6,3526.717392
Trichomycterus areolatus,1,6733,-39,-73,86.61666667,134.1309531,6.433685386,6,2359.225673
Trichomycterus areolatus,1,6733,-39,-73,86.61666667,134.1309531,6.433685386,6,2359.225673
Trichomycterus areolatus,1,6733,-39,-73,86.61666667,134.1309531,6.433685386,6,2359.225673
Trichomycterus areolatus,1,6150,-35,-72,54.2,70.59523664,6.287205955,5,1275.259419
Trichomycterus areolatus,1,1524,-37,-73,74.05737705,102.6450002,1.207989798,6,3526.717392
Trichomycterus areolatus,3,5756,-36,-72,109.3333333,75.56666718,4.452714519,4,257.240611
Trichomycterus areolatus,3,5756,-36,-72,109.3333333,75.56666718,4.452714519,4,257.240611
Trichomycterus areolatus,3,5756,-36,-72,109.3333333,75.56666718,4.452714519,4,257.240611
Trichomycterus areolatus,2,2753,-34,-71,324.9545455,49.77689481,3.956382362,6,165.4004226
Trichomycterus areolatus,3,5372,-35,-72,28.65137615,69.65,4.354146694,7,5570.866652
Trichomycterus areolatus,1,6733,-39,-73,86.61666667,134.1309531,6.433685386,6,2359.225673
Trichomycterus areolatus,2,1916,-37,-72,369.6431535,113.0148534,4.216141644,5,967.7092813
Trichomycterus areolatus,2,1916,-37,-72,369.6431535,113.0148534,4.216141644,5,967.7092813
Trichomycterus areolatus,12,1907,-37,-72,551.5406504,121.6116509,2.011950759,5,967.7092813
Trichomycterus areolatus,12,1907,-37,-72,551.5406504,121.6116509,2.011950759,5,967.7092813
Trichomycterus areolatus,12,1907,-37,-72,551.5406504,121.6116509,2.011950759,5,967.7092813
Trichomycterus areolatus,12,1907,-37,-72,551.5406504,121.6116509,2.011950759,5,967.7092813
Trichomycterus areolatus,12,1907,-37,-72,551.5406504,121.6116509,2.011950759,5,967.7092813
Trichomycterus areolatus,12,1907,-37,-72,551.5406504,121.6116509,2.011950759,5,967.7092813
Trichomycterus areolatus,12,1907,-37,-72,551.5406504,121.6116509,2.011950759,5,967.7092813
Trichomycterus areolatus,12,1907,-37,-72,551.5406504,121.6116509,2.011950759,5,967.7092813
Trichomycterus areolatus,2,3708,-35,-71,146.7207207,64.8333346,2.378894906,6,1544.312195
Trichomycterus areolatus,3,5372,-35,-72,28.65137615,69.65,4.354146694,7,5570.866652
Trichomycterus areolatus,2,2752,-34,-71,339.8642534,50.17194534,3.611032486,6,165.4004226
Trichomycterus areolatus,4,6187,-35,-72,34.48484848,70.86666718,4.428001112,7,5570.866652
Trichomycterus areolatus,4,4535,-39,-73,70.40178571,98.70238277,3.160259271,5,1745.722088
Trichomycterus areolatus,2,3708,-35,-71,146.7207207,64.8333346,2.378894906,6,1544.312195
Trichomycterus areolatus,1,1524,-37,-73,74.05737705,102.6450002,1.207989798,6,3526.717392
Trichomycterus areolatus,1,1524,-37,-73,74.05737705,102.6450002,1.207989798,6,3526.717392
Trichomycterus areolatus,2,3708,-35,-71,146.7207207,64.8333346,2.378894906,6,1544.312195
Trichomycterus areolatus,2,4044,-35,-71,201.1388889,64.74999891,4.342244125,4,1544.312195
Trichomycterus areolatus,2,4044,-35,-71,201.1388889,64.74999891,4.342244125,4,1544.312195
Trichomycterus areolatus,3,818,-37,-72,163.8802083,91.6588527,3.600447729,5,955.1016828
Trichomycterus areolatus,3,818,-37,-72,163.8802083,91.6588527,3.600447729,5,955.1016828
Trichomycterus areolatus,4,1760,-38,-73,79.125,103.338334,1.344648499,6,6261.697266
Trichomycterus areolatus,4,1760,-38,-73,79.125,103.338334,1.344648499,6,6261.697266
Trichomycterus areolatus,2,1919,-37,-72,325.7125984,112.264937,2.674051057,5,967.7092813
Trichomycterus areolatus,3,5372,-35,-72,28.65137615,69.65,4.354146694,7,5570.866652
Trichomycterus areolatus,1,8532,-40,-73,86.31818182,192.6666667,18.40214676,3,971.5374943
Trichomycterus areolatus,2,5993,-36,-72,99.35238095,70.95833333,2.351056413,6,1160.414781
Trichomycterus areolatus,2,2752,-34,-71,339.8642534,50.17194534,3.611032486,6,165.4004226
Trichomycterus areolatus,2,2752,-34,-71,339.8642534,50.17194534,3.611032486,6,165.4004226
Trichomycterus areolatus,3,5372,-35,-72,28.65137615,69.65,4.354146694,7,5570.866652
Trichomycterus areolatus,1,1351,-38,-72,403.459144,142.8271616,4.5816708,3,3019.392631
Trichomycterus areolatus,4,4535,-39,-73,70.40178571,98.70238277,3.160259271,5,1745.722088
Trichomycterus areolatus,4,4535,-39,-73,70.40178571,98.70238277,3.160259271,5,1745.722088
Trichomycterus areolatus,3,5243,-39,-72,134,134.3333333,3.894006396,5,628.0236726
Trichomycterus areolatus,3,5243,-39,-72,134,134.3333333,3.894006396,5,628.0236726
Trichomycterus areolatus,2,5764,-36,-72,81.12037037,71.27777863,4.391394707,6,3290.497922
Trichomycterus areolatus,3,5243,-39,-72,134,134.3333333,3.894006396,5,628.0236726
Trichomycterus areolatus,3,1549,-38,-72,276.0629921,129.6355156,11.21314184,4,419.5884732
Trichomycterus areolatus,2,6775,-39,-73,91.29090909,139.761904,7.73398954,4,195.4099444
Trichomycterus areolatus,2,6775,-39,-73,91.29090909,139.761904,7.73398954,4,195.4099444
Trichomycterus areolatus,2,5993,-36,-72,99.35238095,70.95833333,2.351056413,6,1160.414781
Trichomycterus areolatus,1,1353,-38,-72,357.6867925,140.7681836,6.289933997,4,3019.392631
Trichomycterus areolatus,1,1760,-38,-73,79.125,103.338334,1.344648499,6,6261.697266
Trichomycterus areolatus,1,8536,-40,-73,50.04424779,189.2916641,13.57040073,3,971.5374943
Trichomycterus areolatus,1,6150,-35,-72,54.2,70.59523664,6.287205955,5,1275.259419
Trichomycterus areolatus,1,6150,-35,-72,54.2,70.59523664,6.287205955,5,1275.259419
Trichomycterus areolatus,4,4535,-39,-73,70.40178571,98.70238277,3.160259271,5,1745.722088
Trichomycterus areolatus,1,6150,-35,-72,54.2,70.59523664,6.287205955,5,1275.259419
Trichomycterus areolatus,1,1524,-37,-73,74.05737705,102.6450002,1.207989798,6,3526.717392
Trichomycterus areolatus,1,1524,-37,-73,74.05737705,102.6450002,1.207989798,6,3526.717392
Trichomycterus areolatus,1,1524,-37,-73,74.05737705,102.6450002,1.207989798,6,3526.717392
Trichomycterus areolatus,1,1524,-37,-73,74.05737705,102.6450002,1.207989798,6,3526.717392
Trichomycterus areolatus,2,2753,-34,-71,324.9545455,49.77689481,3.956382362,6,165.4004226
Trichomycterus areolatus,2,2753,-34,-71,324.9545455,49.77689481,3.956382362,6,165.4004226
Trichomycterus areolatus,2,2753,-34,-71,324.9545455,49.77689481,3.956382362,6,165.4004226
Trichomycterus areolatus,1,1524,-37,-73,74.05737705,102.6450002,1.207989798,6,3526.717392
Trichomycterus areolatus,2,2753,-34,-71,324.9545455,49.77689481,3.956382362,6,165.4004226
Trichomycterus areolatus,2,2753,-34,-71,324.9545455,49.77689481,3.956382362,6,165.4004226
Trichomycterus areolatus,1,8538,-40,-73,45.85964912,187.1979198,11.39652594,3,971.5374943
Trichomycterus areolatus,1,1524,-37,-73,74.05737705,102.6450002,1.207989798,6,3526.717392
Trichomycterus areolatus,3,1563,-38,-72,161.2708333,108.7996618,3.086832117,4,419.5884732
Trichomycterus areolatus,3,1563,-38,-72,161.2708333,108.7996618,3.086832117,4,419.5884732
Trichomycterus areolatus,1,1524,-37,-73,74.05737705,102.6450002,1.207989798,6,3526.717392
Trichomycterus areolatus,2,2752,-34,-71,339.8642534,50.17194534,3.611032486,6,165.4004226
Trichomycterus areolatus,1,1524,-37,-73,74.05737705,102.6450002,1.207989798,6,3526.717392
Trichomycterus areolatus,1,1524,-37,-73,74.05737705,102.6450002,1.207989798,6,3526.717392
Trichomycterus areolatus,3,5372,-35,-72,28.65137615,69.65,4.354146694,7,5570.866652
Trichomycterus areolatus,2,2752,-34,-71,339.8642534,50.17194534,3.611032486,6,165.4004226
Trichomycterus areolatus,2,2752,-34,-71,339.8642534,50.17194534,3.611032486,6,165.4004226
Trichomycterus areolatus,1,1351,-38,-72,403.459144,142.8271616,4.5816708,3,3019.392631
Trichomycterus areolatus,4,4535,-39,-73,70.40178571,98.70238277,3.160259271,5,1745.722088
Trichomycterus areolatus,4,4535,-39,-73,70.40178571,98.70238277,3.160259271,5,1745.722088
Trichomycterus areolatus,2,5717,-36,-72,89.8125,73.93333588,3.637341519,6,3290.497922
Trichomycterus areolatus,2,3611,-34,-71,158.4847162,43.36790461,4.839774885,2,1750.389286
Trichomycterus areolatus,2,3611,-34,-71,158.4847162,43.36790461,4.839774885,2,1750.389286
Trichomycterus areolatus,2,3611,-34,-71,158.4847162,43.36790461,4.839774885,2,1750.389286
Trichomycterus areolatus,2,5717,-36,-72,89.8125,73.93333588,3.637341519,6,3290.497922
Trichomycterus areolatus,2,3708,-35,-71,146.7207207,64.8333346,2.378894906,6,1544.312195
Trichomycterus areolatus,2,3708,-35,-71,146.7207207,64.8333346,2.378894906,6,1544.312195
Trichomycterus areolatus,2,3708,-35,-71,146.7207207,64.8333346,2.378894906,6,1544.312195
Trichomycterus areolatus,12,1916,-37,-72,369.6431535,113.0148534,4.216141644,5,967.7092813
Trichomycterus areolatus,2,3708,-35,-71,146.7207207,64.8333346,2.378894906,6,1544.312195
Trichomycterus areolatus,2,3708,-35,-71,146.7207207,64.8333346,2.378894906,6,1544.312195
Trichomycterus areolatus,2,5717,-36,-72,89.8125,73.93333588,3.637341519,6,3290.497922
Trichomycterus areolatus,2,3708,-35,-71,146.7207207,64.8333346,2.378894906,6,1544.312195
Trichomycterus areolatus,2,3708,-35,-71,146.7207207,64.8333346,2.378894906,6,1544.312195
Trichomycterus areolatus,2,3708,-35,-71,146.7207207,64.8333346,2.378894906,6,1544.312195
Trichomycterus areolatus,2,3708,-35,-71,146.7207207,64.8333346,2.378894906,6,1544.312195
Trichomycterus areolatus,3,818,-37,-72,163.8802083,91.6588527,3.600447729,5,955.1016828
Trichomycterus areolatus,3,818,-37,-72,163.8802083,91.6588527,3.600447729,5,955.1016828
Trichomycterus areolatus,3,818,-37,-72,163.8802083,91.6588527,3.600447729,5,955.1016828
Trichomycterus areolatus,3,818,-37,-72,163.8802083,91.6588527,3.600447729,5,955.1016828
Trichomycterus areolatus,1,1353,-38,-72,357.6867925,140.7681836,6.289933997,4,3019.392631
Trichomycterus areolatus,2,5993,-36,-72,99.35238095,70.95833333,2.351056413,6,1160.414781
Trichomycterus areolatus,1,1172,-38,-72,256.4545455,122.4354573,1.286548742,6,3019.392631
Trichomycterus areolatus,1,6733,-39,-73,86.61666667,134.1309531,6.433685386,6,2359.225673
Trichomycterus areolatus,3,5756,-36,-72,109.3333333,75.56666718,4.452714519,4,257.240611
Trichomycterus areolatus,2,3708,-35,-71,146.7207207,64.8333346,2.378894906,6,1544.312195
Trichomycterus areolatus,2,3708,-35,-71,146.7207207,64.8333346,2.378894906,6,1544.312195
Trichomycterus areolatus,2,3708,-35,-71,146.7207207,64.8333346,2.378894906,6,1544.312195
Trichomycterus areolatus,2,1916,-37,-72,369.6431535,113.0148534,4.216141644,5,967.7092813
Trichomycterus areolatus,2,1916,-37,-72,369.6431535,113.0148534,4.216141644,5,967.7092813
Trichomycterus areolatus,2,3708,-35,-71,146.7207207,64.8333346,2.378894906,6,1544.312195
Trichomycterus areolatus,2,3708,-35,-71,146.7207207,64.8333346,2.378894906,6,1544.312195
Trichomycterus areolatus,2,3708,-35,-71,146.7207207,64.8333346,2.378894906,6,1544.312195
Trichomycterus areolatus,2,3708,-35,-71,146.7207207,64.8333346,2.378894906,6,1544.312195
Trichomycterus areolatus,1,1760,-38,-73,79.125,103.338334,1.344648499,6,6261.697266
Trichomycterus areolatus,2,2752,-34,-71,339.8642534,50.17194534,3.611032486,6,165.4004226
Trichomycterus areolatus,2,2752,-34,-71,339.8642534,50.17194534,3.611032486,6,165.4004226
Trichomycterus areolatus,4,4535,-39,-73,70.40178571,98.70238277,3.160259271,5,1745.722088
Trichomycterus areolatus,12,1916,-37,-72,369.6431535,113.0148534,4.216141644,5,967.7092813
Trichomycterus areolatus,1,6733,-39,-73,86.61666667,134.1309531,6.433685386,6,2359.225673
Trichomycterus areolatus,3,1385,-38,-72,117.0362694,101.5833359,1.895766663,6,3526.717392
Trichomycterus areolatus,3,1385,-38,-72,117.0362694,101.5833359,1.895766663,6,3526.717392
Trichomycterus areolatus,3,1385,-38,-72,117.0362694,101.5833359,1.895766663,6,3526.717392
Trichomycterus areolatus,2,3708,-35,-71,146.7207207,64.8333346,2.378894906,6,1544.312195
Trichomycterus areolatus,3,1385,-38,-72,117.0362694,101.5833359,1.895766663,6,3526.717392
Trichomycterus areolatus,2,4044,-35,-71,201.1388889,64.74999891,4.342244125,4,1544.312195
Trichomycterus areolatus,1,1342,-38,-72,366.6785714,158.8839576,5.299810607,6,3019.392631
Trichomycterus areolatus,1,1342,-38,-72,366.6785714,158.8839576,5.299810607,6,3019.392631
Trichomycterus areolatus,1,1342,-38,-72,366.6785714,158.8839576,5.299810607,6,3019.392631
Trichomycterus areolatus,2,4044,-35,-71,201.1388889,64.74999891,4.342244125,4,1544.312195
Trichomycterus areolatus,2,3708,-35,-71,146.7207207,64.8333346,2.378894906,6,1544.312195
Trichomycterus areolatus,3,818,-37,-72,163.8802083,91.6588527,3.600447729,5,955.1016828
Trichomycterus areolatus,3,818,-37,-72,163.8802083,91.6588527,3.600447729,5,955.1016828
Trichomycterus areolatus,2,6775,-39,-73,91.29090909,139.761904,7.73398954,4,195.4099444
Trichomycterus areolatus,2,6775,-39,-73,91.29090909,139.761904,7.73398954,4,195.4099444
Trichomycterus areolatus,2,5993,-36,-72,99.35238095,70.95833333,2.351056413,6,1160.414781
Trichomycterus areolatus,4,1760,-38,-73,79.125,103.338334,1.344648499,6,6261.697266
Trichomycterus areolatus,12,1917,-37,-72,354.5454545,112.3168151,3.603549118,5,967.7092813
Trichomycterus areolatus,3,5243,-39,-72,134,134.3333333,3.894006396,5,628.0236726
Trichomycterus areolatus,3,5243,-39,-72,134,134.3333333,3.894006396,5,628.0236726
Trichomycterus areolatus,1,1524,-37,-73,74.05737705,102.6450002,1.207989798,6,3526.717392
Trichomycterus areolatus,1,1524,-37,-73,74.05737705,102.6450002,1.207989798,6,3526.717392
Trichomycterus areolatus,2,4044,-35,-71,201.1388889,64.74999891,4.342244125,4,1544.312195
Trichomycterus areolatus,2,5993,-36,-72,99.35238095,70.95833333,2.351056413,6,1160.414781
Trichomycterus areolatus,2,5993,-36,-72,99.35238095,70.95833333,2.351056413,6,1160.414781
Trichomycterus areolatus,2,5993,-36,-72,99.35238095,70.95833333,2.351056413,6,1160.414781
Trichomycterus areolatus,2,5993,-36,-72,99.35238095,70.95833333,2.351056413,6,1160.414781
Trichomycterus areolatus,2,5993,-36,-72,99.35238095,70.95833333,2.351056413,6,1160.414781
Trichomycterus areolatus,12,1916,-37,-72,369.6431535,113.0148534,4.216141644,5,967.7092813
Trichomycterus areolatus,3,1609,-38,-73,86.55078125,100.1896818,1,5,154.1941464
Trichomycterus areolatus,3,1609,-38,-73,86.55078125,100.1896818,1,5,154.1941464
Trichomycterus areolatus,2,5764,-36,-72,81.12037037,71.27777863,4.391394707,6,3290.497922
Trichomycterus areolatus,2,5764,-36,-72,81.12037037,71.27777863,4.391394707,6,3290.497922
Trichomycterus areolatus,2,5764,-36,-72,81.12037037,71.27777863,4.391394707,6,3290.497922
Trichomycterus areolatus,2,5764,-36,-72,81.12037037,71.27777863,4.391394707,6,3290.497922
Trichomycterus areolatus,1,8539,-40,-73,44.54807692,186.6944453,11.19482029,3,971.5374943
Trichomycterus areolatus,1,1349,-38,-72,455.9098039,148.4282426,27.06829148,3,3019.392631
Trichomycterus areolatus,1,1349,-38,-72,455.9098039,148.4282426,27.06829148,3,3019.392631
Trichomycterus areolatus,1,1349,-38,-72,455.9098039,148.4282426,27.06829148,3,3019.392631
Trichomycterus areolatus,1,1349,-38,-72,455.9098039,148.4282426,27.06829148,3,3019.392631
Trichomycterus areolatus,1,1349,-38,-72,455.9098039,148.4282426,27.06829148,3,3019.392631
Trichomycterus areolatus,1,8539,-40,-73,44.54807692,186.6944453,11.19482029,3,971.5374943
Trichomycterus areolatus,2,5764,-36,-72,81.12037037,71.27777863,4.391394707,6,3290.497922
Trichomycterus areolatus,2,5764,-36,-72,81.12037037,71.27777863,4.391394707,6,3290.497922
Trichomycterus areolatus,2,5764,-36,-72,81.12037037,71.27777863,4.391394707,6,3290.497922
Trichomycterus areolatus,2,5764,-36,-72,81.12037037,71.27777863,4.391394707,6,3290.497922
Trichomycterus areolatus,2,5764,-36,-72,81.12037037,71.27777863,4.391394707,6,3290.497922
Trichomycterus areolatus,2,5764,-36,-72,81.12037037,71.27777863,4.391394707,6,3290.497922
Trichomycterus areolatus,2,5764,-36,-72,81.12037037,71.27777863,4.391394707,6,3290.497922
Trichomycterus areolatus,3,5243,-39,-72,134,134.3333333,3.894006396,5,628.0236726
Trichomycterus areolatus,3,8538,-40,-73,45.85964912,187.1979198,11.39652594,3,971.5374943
Trichomycterus areolatus,3,8538,-40,-73,45.85964912,187.1979198,11.39652594,3,971.5374943
Trichomycterus areolatus,3,1549,-38,-72,276.0629921,129.6355156,11.21314184,4,419.5884732
Trichomycterus areolatus,1,2067,-38,-72,264.8429119,123.1311731,1.984076042,6,3019.392631
Trichomycterus areolatus,3,5243,-39,-72,134,134.3333333,3.894006396,5,628.0236726
Trichomycterus areolatus,1,1760,-38,-73,79.125,103.338334,1.344648499,6,6261.697266
Trichomycterus areolatus,2,6775,-39,-73,91.29090909,139.761904,7.73398954,4,195.4099444
Trichomycterus areolatus,12,1917,-37,-72,354.5454545,112.3168151,3.603549118,5,967.7092813
Trichomycterus areolatus,1,1353,-38,-72,357.6867925,140.7681836,6.289933997,4,3019.392631
Trichomycterus areolatus,1,1760,-38,-73,79.125,103.338334,1.344648499,6,6261.697266
Trichomycterus areolatus,1,6150,-35,-72,54.2,70.59523664,6.287205955,5,1275.259419
Trichomycterus areolatus,1,6150,-35,-72,54.2,70.59523664,6.287205955,5,1275.259419
Trichomycterus areolatus,1,6150,-35,-72,54.2,70.59523664,6.287205955,5,1275.259419
Trichomycterus areolatus,1,6150,-35,-72,54.2,70.59523664,6.287205955,5,1275.259419
Trichomycterus areolatus,1,6150,-35,-72,54.2,70.59523664,6.287205955,5,1275.259419
Trichomycterus areolatus,1,6150,-35,-72,54.2,70.59523664,6.287205955,5,1275.259419
Trichomycterus areolatus,1,6150,-35,-72,54.2,70.59523664,6.287205955,5,1275.259419
Trichomycterus areolatus,4,4535,-39,-73,70.40178571,98.70238277,3.160259271,5,1745.722088
Trichomycterus areolatus,4,4535,-39,-73,70.40178571,98.70238277,3.160259271,5,1745.722088
Trichomycterus areolatus,1,1349,-38,-72,455.9098039,148.4282426,27.06829148,3,3019.392631
Trichomycterus areolatus,1,1524,-37,-73,74.05737705,102.6450002,1.207989798,6,3526.717392
Trichomycterus areolatus,1,1524,-37,-73,74.05737705,102.6450002,1.207989798,6,3526.717392
Trichomycterus areolatus,4,4535,-39,-73,70.40178571,98.70238277,3.160259271,5,1745.722088
Trichomycterus areolatus,1,1524,-37,-73,74.05737705,102.6450002,1.207989798,6,3526.717392
Trichomycterus areolatus,2,2753,-34,-71,324.9545455,49.77689481,3.956382362,6,165.4004226
Trichomycterus areolatus,2,2753,-34,-71,324.9545455,49.77689481,3.956382362,6,165.4004226
Trichomycterus areolatus,3,1563,-38,-72,161.2708333,108.7996618,3.086832117,4,419.5884732
Trichomycterus areolatus,1,1524,-37,-73,74.05737705,102.6450002,1.207989798,6,3526.717392
Trichomycterus areolatus,2,2752,-34,-71,339.8642534,50.17194534,3.611032486,6,165.4004226
Trichomycterus areolatus,2,2752,-34,-71,339.8642534,50.17194534,3.611032486,6,165.4004226
Trichomycterus areolatus,2,2752,-34,-71,339.8642534,50.17194534,3.611032486,6,165.4004226
Trichomycterus areolatus,2,2752,-34,-71,339.8642534,50.17194534,3.611032486,6,165.4004226
Trichomycterus areolatus,12,1916,-37,-72,369.6431535,113.0148534,4.216141644,5,967.7092813
Trichomycterus areolatus,1,6150,-35,-72,54.2,70.59523664,6.287205955,5,1275.259419
Trichomycterus areolatus,12,1916,-37,-72,369.6431535,113.0148534,4.216141644,5,967.7092813
Trichomycterus areolatus,12,1916,-37,-72,369.6431535,113.0148534,4.216141644,5,967.7092813
Trichomycterus areolatus,12,1916,-37,-72,369.6431535,113.0148534,4.216141644,5,967.7092813
Trichomycterus areolatus,12,1916,-37,-72,369.6431535,113.0148534,4.216141644,5,967.7092813
Trichomycterus areolatus,12,1916,-37,-72,369.6431535,113.0148534,4.216141644,5,967.7092813
Trichomycterus areolatus,12,1916,-37,-72,369.6431535,113.0148534,4.216141644,5,967.7092813
Trichomycterus areolatus,2,2752,-34,-71,339.8642534,50.17194534,3.611032486,6,165.4004226
Trichomycterus areolatus,2,2752,-34,-71,339.8642534,50.17194534,3.611032486,6,165.4004226
Trichomycterus areolatus,2,2752,-34,-71,339.8642534,50.17194534,3.611032486,6,165.4004226
Trichomycterus areolatus,4,4535,-39,-73,70.40178571,98.70238277,3.160259271,5,1745.722088
Trichomycterus areolatus,4,4535,-39,-73,70.40178571,98.70238277,3.160259271,5,1745.722088
Trichomycterus areolatus,2,8507,-40,-73,38.5,185.2833344,2.664263362,4,971.5374943
Trichomycterus areolatus,1,1349,-38,-72,455.9098039,148.4282426,27.06829148,3,3019.392631
Trichomycterus areolatus,4,4535,-39,-73,70.40178571,98.70238277,3.160259271,5,1745.722088
Trichomycterus areolatus,4,4535,-39,-73,70.40178571,98.70238277,3.160259271,5,1745.722088
Trichomycterus areolatus,2,5717,-36,-72,89.8125,73.93333588,3.637341519,6,3290.497922
Trichomycterus areolatus,2,5717,-36,-72,89.8125,73.93333588,3.637341519,6,3290.497922
Trichomycterus areolatus,2,5717,-36,-72,89.8125,73.93333588,3.637341519,6,3290.497922
Trichomycterus areolatus,2,5717,-36,-72,89.8125,73.93333588,3.637341519,6,3290.497922
Trichomycterus areolatus,2,5717,-36,-72,89.8125,73.93333588,3.637341519,6,3290.497922
Trichomycterus areolatus,2,3708,-35,-71,146.7207207,64.8333346,2.378894906,6,1544.312195
Trichomycterus areolatus,2,3708,-35,-71,146.7207207,64.8333346,2.378894906,6,1544.312195
Trichomycterus areolatus,12,1916,-37,-72,369.6431535,113.0148534,4.216141644,5,967.7092813
Trichomycterus areolatus,2,3708,-35,-71,146.7207207,64.8333346,2.378894906,6,1544.312195
Trichomycterus areolatus,2,5717,-36,-72,89.8125,73.93333588,3.637341519,6,3290.497922
Trichomycterus areolatus,2,5717,-36,-72,89.8125,73.93333588,3.637341519,6,3290.497922
Trichomycterus areolatus,2,5717,-36,-72,89.8125,73.93333588,3.637341519,6,3290.497922
Trichomycterus areolatus,12,1916,-37,-72,369.6431535,113.0148534,4.216141644,5,967.7092813
Trichomycterus areolatus,3,818,-37,-72,163.8802083,91.6588527,3.600447729,5,955.1016828
Trichomycterus areolatus,2,3708,-35,-71,146.7207207,64.8333346,2.378894906,6,1544.312195
Trichomycterus areolatus,2,6775,-39,-73,91.29090909,139.761904,7.73398954,4,195.4099444
Trichomycterus areolatus,2,6775,-39,-73,91.29090909,139.761904,7.73398954,4,195.4099444
Trichomycterus areolatus,3,5756,-36,-72,109.3333333,75.56666718,4.452714519,4,257.240611
Trichomycterus areolatus,1,1353,-38,-72,357.6867925,140.7681836,6.289933997,4,3019.392631
Trichomycterus areolatus,2,1916,-37,-72,369.6431535,113.0148534,4.216141644,5,967.7092813
Trichomycterus areolatus,1,6733,-39,-73,86.61666667,134.1309531,6.433685386,6,2359.225673
Trichomycterus areolatus,1,6733,-39,-73,86.61666667,134.1309531,6.433685386,6,2359.225673
Trichomycterus areolatus,1,6733,-39,-73,86.61666667,134.1309531,6.433685386,6,2359.225673
Trichomycterus areolatus,3,5756,-36,-72,109.3333333,75.56666718,4.452714519,4,257.240611
Trichomycterus areolatus,2,3708,-35,-71,146.7207207,64.8333346,2.378894906,6,1544.312195
Trichomycterus areolatus,2,3708,-35,-71,146.7207207,64.8333346,2.378894906,6,1544.312195
Trichomycterus areolatus,2,3708,-35,-71,146.7207207,64.8333346,2.378894906,6,1544.312195
Trichomycterus areolatus,3,8539,-40,-73,44.54807692,186.6944453,11.19482029,3,971.5374943
Trichomycterus areolatus,3,8539,-40,-73,44.54807692,186.6944453,11.19482029,3,971.5374943
Trichomycterus areolatus,3,8539,-40,-73,44.54807692,186.6944453,11.19482029,3,971.5374943
Trichomycterus areolatus,3,8539,-40,-73,44.54807692,186.6944453,11.19482029,3,971.5374943
Trichomycterus areolatus,1,1760,-38,-73,79.125,103.338334,1.344648499,6,6261.697266
Trichomycterus areolatus,1,1760,-38,-73,79.125,103.338334,1.344648499,6,6261.697266
Trichomycterus areolatus,2,2752,-34,-71,339.8642534,50.17194534,3.611032486,6,165.4004226
Trichomycterus areolatus,4,6187,-35,-72,34.48484848,70.86666718,4.428001112,7,5570.866652
Trichomycterus areolatus,4,6187,-35,-72,34.48484848,70.86666718,4.428001112,7,5570.866652
Trichomycterus areolatus,4,6187,-35,-72,34.48484848,70.86666718,4.428001112,7,5570.866652
Trichomycterus areolatus,4,6187,-35,-72,34.48484848,70.86666718,4.428001112,7,5570.866652
Trichomycterus areolatus,2,1918,-37,-72,338.9216418,111.7864594,2.509841725,5,967.7092813
Trichomycterus areolatus,2,1917,-37,-72,354.5454545,112.3168151,3.603549118,5,967.7092813
Trichomycterus areolatus,1,1342,-38,-72,366.6785714,158.8839576,5.299810607,6,3019.392631
Trichomycterus areolatus,2,1907,-37,-72,551.5406504,121.6116509,2.011950759,5,967.7092813
Trichomycterus areolatus,2,1907,-37,-72,551.5406504,121.6116509,2.011950759,5,967.7092813
Trichomycterus areolatus,3,1174,-38,-72,187.8987854,111.7043264,1.16080209,6,3526.717392
Trichomycterus areolatus,3,1174,-38,-72,187.8987854,111.7043264,1.16080209,6,3526.717392
Trichomycterus areolatus,3,1174,-38,-72,187.8987854,111.7043264,1.16080209,6,3526.717392
Trichomycterus areolatus,1,1760,-38,-73,79.125,103.338334,1.344648499,6,6261.697266
Trichomycterus areolatus,2,6775,-39,-73,91.29090909,139.761904,7.73398954,4,195.4099444
Trichomycterus areolatus,2,5993,-36,-72,99.35238095,70.95833333,2.351056413,6,1160.414781
Trichomycterus areolatus,4,1760,-38,-73,79.125,103.338334,1.344648499,6,6261.697266
Trichomycterus areolatus,3,5756,-36,-72,109.3333333,75.56666718,4.452714519,4,257.240611
Trichomycterus areolatus,3,5756,-36,-72,109.3333333,75.56666718,4.452714519,4,257.240611
Trichomycterus areolatus,12,1917,-37,-72,354.5454545,112.3168151,3.603549118,5,967.7092813
Trichomycterus areolatus,2,5993,-36,-72,99.35238095,70.95833333,2.351056413,6,1160.414781
Trichomycterus areolatus,4,2270,-38,-72,416.0440252,176.5795445,2.294542228,4,3019.392631
Trichomycterus areolatus,1,1353,-38,-72,357.6867925,140.7681836,6.289933997,4,3019.392631
Trichomycterus areolatus,3,5243,-39,-72,134,134.3333333,3.894006396,5,628.0236726
Trichomycterus areolatus,3,5243,-39,-72,134,134.3333333,3.894006396,5,628.0236726
Trichomycterus areolatus,3,5243,-39,-72,134,134.3333333,3.894006396,5,628.0236726
Trichomycterus areolatus,2,1909,-37,-72,511.2031873,119.9583311,1.537121968,5,967.7092813
Trichomycterus areolatus,3,5243,-39,-72,134,134.3333333,3.894006396,5,628.0236726
Trichomycterus areolatus,3,5243,-39,-72,134,134.3333333,3.894006396,5,628.0236726
Trichomycterus areolatus,2,8538,-40,-73,45.85964912,187.1979198,11.39652594,3,971.5374943
Trichomycterus areolatus,2,8538,-40,-73,45.85964912,187.1979198,11.39652594,3,971.5374943
Trichomycterus areolatus,2,5993,-36,-72,99.35238095,70.95833333,2.351056413,6,1160.414781
Trichomycterus areolatus,12,1916,-37,-72,369.6431535,113.0148534,4.216141644,5,967.7092813
Trichomycterus areolatus,3,5243,-39,-72,134,134.3333333,3.894006396,5,628.0236726
Trichomycterus areolatus,3,5243,-39,-72,134,134.3333333,3.894006396,5,628.0236726
Trichomycterus areolatus,3,5243,-39,-72,134,134.3333333,3.894006396,5,628.0236726
Trichomycterus areolatus,3,5243,-39,-72,134,134.3333333,3.894006396,5,628.0236726
Trichomycterus areolatus,3,5243,-39,-72,134,134.3333333,3.894006396,5,628.0236726
Trichomycterus areolatus,3,5243,-39,-72,134,134.3333333,3.894006396,5,628.0236726
Trichomycterus areolatus,3,5243,-39,-72,134,134.3333333,3.894006396,5,628.0236726
Trichomycterus areolatus,2,5764,-36,-72,81.12037037,71.27777863,4.391394707,6,3290.497922
Trichomycterus areolatus,2,5764,-36,-72,81.12037037,71.27777863,4.391394707,6,3290.497922
Trichomycterus areolatus,3,5243,-39,-72,134,134.3333333,3.894006396,5,628.0236726
Trichomycterus areolatus,3,5243,-39,-72,134,134.3333333,3.894006396,5,628.0236726
Trichomycterus areolatus,3,5243,-39,-72,134,134.3333333,3.894006396,5,628.0236726
Trichomycterus areolatus,3,5243,-39,-72,134,134.3333333,3.894006396,5,628.0236726
Trichomycterus areolatus,2,5993,-36,-72,99.35238095,70.95833333,2.351056413,6,1160.414781
Trichomycterus areolatus,2,5993,-36,-72,99.35238095,70.95833333,2.351056413,6,1160.414781
Trichomycterus areolatus,3,818,-37,-72,163.8802083,91.6588527,3.600447729,5,955.1016828
Trichomycterus areolatus,3,5243,-39,-72,134,134.3333333,3.894006396,5,628.0236726
Trichomycterus areolatus,2,6775,-39,-73,91.29090909,139.761904,7.73398954,4,195.4099444
Trichomycterus areolatus,1,1760,-38,-73,79.125,103.338334,1.344648499,6,6261.697266
Trichomycterus areolatus,4,644,-37,-72,165.7529412,94.2245101,4.587652144,3,656.0660846
Trichomycterus areolatus,4,644,-37,-72,165.7529412,94.2245101,4.587652144,3,656.0660846
Trichomycterus areolatus,1,1760,-38,-73,79.125,103.338334,1.344648499,6,6261.697266
Trichomycterus areolatus,1,6150,-35,-72,54.2,70.59523664,6.287205955,5,1275.259419
Trichomycterus areolatus,4,4535,-39,-73,70.40178571,98.70238277,3.160259271,5,1745.722088
Trichomycterus areolatus,1,6150,-35,-72,54.2,70.59523664,6.287205955,5,1275.259419
Trichomycterus areolatus,1,6150,-35,-72,54.2,70.59523664,6.287205955,5,1275.259419
Trichomycterus areolatus,1,1524,-37,-73,74.05737705,102.6450002,1.207989798,6,3526.717392
Trichomycterus areolatus,1,1524,-37,-73,74.05737705,102.6450002,1.207989798,6,3526.717392
Trichomycterus areolatus,3,5372,-35,-72,28.65137615,69.65,4.354146694,7,5570.866652
Trichomycterus areolatus,3,5372,-35,-72,28.65137615,69.65,4.354146694,7,5570.866652
Trichomycterus areolatus,3,5372,-35,-72,28.65137615,69.65,4.354146694,7,5570.866652
Trichomycterus areolatus,3,5372,-35,-72,28.65137615,69.65,4.354146694,7,5570.866652
Trichomycterus areolatus,3,5372,-35,-72,28.65137615,69.65,4.354146694,7,5570.866652
Trichomycterus areolatus,4,4535,-39,-73,70.40178571,98.70238277,3.160259271,5,1745.722088
Trichomycterus areolatus,2,2753,-34,-71,324.9545455,49.77689481,3.956382362,6,165.4004226
Trichomycterus areolatus,3,5372,-35,-72,28.65137615,69.65,4.354146694,7,5570.866652
Trichomycterus areolatus,3,5372,-35,-72,28.65137615,69.65,4.354146694,7,5570.866652
Trichomycterus areolatus,2,2752,-34,-71,339.8642534,50.17194534,3.611032486,6,165.4004226
Trichomycterus areolatus,1,1524,-37,-73,74.05737705,102.6450002,1.207989798,6,3526.717392
Trichomycterus areolatus,12,1916,-37,-72,369.6431535,113.0148534,4.216141644,5,967.7092813
Trichomycterus areolatus,3,5372,-35,-72,28.65137615,69.65,4.354146694,7,5570.866652
Trichomycterus areolatus,3,5372,-35,-72,28.65137615,69.65,4.354146694,7,5570.866652
Trichomycterus areolatus,12,1916,-37,-72,369.6431535,113.0148534,4.216141644,5,967.7092813
Trichomycterus areolatus,3,5372,-35,-72,28.65137615,69.65,4.354146694,7,5570.866652
Trichomycterus areolatus,2,8532,-40,-73,86.31818182,192.6666667,18.40214676,3,971.5374943
Trichomycterus areolatus,2,8532,-40,-73,86.31818182,192.6666667,18.40214676,3,971.5374943
Trichomycterus areolatus,2,2752,-34,-71,339.8642534,50.17194534,3.611032486,6,165.4004226
Trichomycterus areolatus,1,1353,-38,-72,357.6867925,140.7681836,6.289933997,4,3019.392631
Trichomycterus areolatus,1,1353,-38,-72,357.6867925,140.7681836,6.289933997,4,3019.392631
Trichomycterus areolatus,3,5372,-35,-72,28.65137615,69.65,4.354146694,7,5570.866652
Trichomycterus areolatus,1,1351,-38,-72,403.459144,142.8271616,4.5816708,3,3019.392631
Trichomycterus areolatus,2,8507,-40,-73,38.5,185.2833344,2.664263362,4,971.5374943
Trichomycterus areolatus,12,1916,-37,-72,369.6431535,113.0148534,4.216141644,5,967.7092813
Trichomycterus areolatus,12,1916,-37,-72,369.6431535,113.0148534,4.216141644,5,967.7092813
Trichomycterus areolatus,4,4535,-39,-73,70.40178571,98.70238277,3.160259271,5,1745.722088
Trichomycterus areolatus,2,8507,-40,-73,38.5,185.2833344,2.664263362,4,971.5374943
Trichomycterus areolatus,2,8530,-40,-73,110.9545455,194.9500031,25.84003993,3,971.5374943
Trichomycterus areolatus,4,4535,-39,-73,70.40178571,98.70238277,3.160259271,5,1745.722088
Trichomycterus areolatus,4,4535,-39,-73,70.40178571,98.70238277,3.160259271,5,1745.722088
Trichomycterus areolatus,4,4535,-39,-73,70.40178571,98.70238277,3.160259271,5,1745.722088
Trichomycterus areolatus,2,5717,-36,-72,89.8125,73.93333588,3.637341519,6,3290.497922
Trichomycterus areolatus,2,5717,-36,-72,89.8125,73.93333588,3.637341519,6,3290.497922
Trichomycterus areolatus,2,5717,-36,-72,89.8125,73.93333588,3.637341519,6,3290.497922
Trichomycterus areolatus,2,5717,-36,-72,89.8125,73.93333588,3.637341519,6,3290.497922
Trichomycterus areolatus,2,5717,-36,-72,89.8125,73.93333588,3.637341519,6,3290.497922
Trichomycterus areolatus,4,1349,-38,-72,455.9098039,148.4282426,27.06829148,3,3019.392631
Trichomycterus areolatus,3,5756,-36,-72,109.3333333,75.56666718,4.452714519,4,257.240611
Trichomycterus areolatus,2,5717,-36,-72,89.8125,73.93333588,3.637341519,6,3290.497922
Trichomycterus areolatus,2,3708,-35,-71,146.7207207,64.8333346,2.378894906,6,1544.312195
Trichomycterus areolatus,2,1916,-37,-72,369.6431535,113.0148534,4.216141644,5,967.7092813
Trichomycterus areolatus,12,1916,-37,-72,369.6431535,113.0148534,4.216141644,5,967.7092813
Trichomycterus areolatus,2,3708,-35,-71,146.7207207,64.8333346,2.378894906,6,1544.312195
Trichomycterus areolatus,2,3708,-35,-71,146.7207207,64.8333346,2.378894906,6,1544.312195
Trichomycterus areolatus,1,1525,-37,-73,75.06299213,103.4748428,1.291669373,6,3526.717392
Trichomycterus areolatus,3,5243,-39,-72,134,134.3333333,3.894006396,5,628.0236726
Trichomycterus areolatus,3,818,-37,-72,163.8802083,91.6588527,3.600447729,5,955.1016828
Trichomycterus areolatus,2,1907,-37,-72,551.5406504,121.6116509,2.011950759,5,967.7092813
Trichomycterus areolatus,2,1907,-37,-72,551.5406504,121.6116509,2.011950759,5,967.7092813
Trichomycterus areolatus,2,1907,-37,-72,551.5406504,121.6116509,2.011950759,5,967.7092813
Trichomycterus areolatus,3,818,-37,-72,163.8802083,91.6588527,3.600447729,5,955.1016828
Trichomycterus areolatus,3,818,-37,-72,163.8802083,91.6588527,3.600447729,5,955.1016828
Trichomycterus areolatus,3,818,-37,-72,163.8802083,91.6588527,3.600447729,5,955.1016828
Trichomycterus areolatus,3,818,-37,-72,163.8802083,91.6588527,3.600447729,5,955.1016828
Trichomycterus areolatus,2,6775,-39,-73,91.29090909,139.761904,7.73398954,4,195.4099444
Trichomycterus areolatus,3,818,-37,-72,163.8802083,91.6588527,3.600447729,5,955.1016828
Trichomycterus areolatus,3,818,-37,-72,163.8802083,91.6588527,3.600447729,5,955.1016828
Trichomycterus areolatus,12,1918,-37,-72,338.9216418,111.7864594,2.509841725,5,967.7092813
Trichomycterus areolatus,12,1918,-37,-72,338.9216418,111.7864594,2.509841725,5,967.7092813
Trichomycterus areolatus,12,1918,-37,-72,338.9216418,111.7864594,2.509841725,5,967.7092813
Trichomycterus areolatus,3,818,-37,-72,163.8802083,91.6588527,3.600447729,5,955.1016828
Trichomycterus areolatus,4,2270,-38,-72,416.0440252,176.5795445,2.294542228,4,3019.392631
Trichomycterus areolatus,1,6733,-39,-73,86.61666667,134.1309531,6.433685386,6,2359.225673
Trichomycterus areolatus,3,5756,-36,-72,109.3333333,75.56666718,4.452714519,4,257.240611
Trichomycterus areolatus,12,1919,-37,-72,325.7125984,112.264937,2.674051057,5,967.7092813
Trichomycterus areolatus,12,1919,-37,-72,325.7125984,112.264937,2.674051057,5,967.7092813
Trichomycterus areolatus,2,3708,-35,-71,146.7207207,64.8333346,2.378894906,6,1544.312195
Trichomycterus areolatus,2,3708,-35,-71,146.7207207,64.8333346,2.378894906,6,1544.312195
Trichomycterus areolatus,2,3708,-35,-71,146.7207207,64.8333346,2.378894906,6,1544.312195
Trichomycterus areolatus,3,8539,-40,-73,44.54807692,186.6944453,11.19482029,3,971.5374943
Trichomycterus areolatus,4,6187,-35,-72,34.48484848,70.86666718,4.428001112,7,5570.866652
Trichomycterus areolatus,3,1385,-38,-72,117.0362694,101.5833359,1.895766663,6,3526.717392
Trichomycterus areolatus,1,1524,-37,-73,74.05737705,102.6450002,1.207989798,6,3526.717392
Trichomycterus areolatus,1,1524,-37,-73,74.05737705,102.6450002,1.207989798,6,3526.717392
Trichomycterus areolatus,1,1524,-37,-73,74.05737705,102.6450002,1.207989798,6,3526.717392
Trichomycterus areolatus,1,1524,-37,-73,74.05737705,102.6450002,1.207989798,6,3526.717392
Trichomycterus areolatus,2,1907,-37,-72,551.5406504,121.6116509,2.011950759,5,967.7092813
Trichomycterus areolatus,2,1907,-37,-72,551.5406504,121.6116509,2.011950759,5,967.7092813
Trichomycterus areolatus,3,818,-37,-72,163.8802083,91.6588527,3.600447729,5,955.1016828
Trichomycterus areolatus,3,818,-37,-72,163.8802083,91.6588527,3.600447729,5,955.1016828
Trichomycterus areolatus,2,5993,-36,-72,99.35238095,70.95833333,2.351056413,6,1160.414781
Trichomycterus areolatus,4,1760,-38,-73,79.125,103.338334,1.344648499,6,6261.697266
Trichomycterus areolatus,2,5993,-36,-72,99.35238095,70.95833333,2.351056413,6,1160.414781
Trichomycterus areolatus,2,5993,-36,-72,99.35238095,70.95833333,2.351056413,6,1160.414781
Trichomycterus areolatus,4,2270,-38,-72,416.0440252,176.5795445,2.294542228,4,3019.392631
Trichomycterus areolatus,1,1353,-38,-72,357.6867925,140.7681836,6.289933997,4,3019.392631
Trichomycterus areolatus,3,1608,-38,-73,87.00401606,100.1915891,1,5,154.1941464
Trichomycterus areolatus,3,5243,-39,-72,134,134.3333333,3.894006396,5,628.0236726
Trichomycterus areolatus,2,1909,-37,-72,511.2031873,119.9583311,1.537121968,5,967.7092813
Trichomycterus areolatus,2,8536,-40,-73,50.04424779,189.2916641,13.57040073,3,971.5374943
Trichomycterus areolatus,4,1524,-37,-73,74.05737705,102.6450002,1.207989798,6,3526.717392
Trichomycterus areolatus,4,1524,-37,-73,74.05737705,102.6450002,1.207989798,6,3526.717392
Trichomycterus areolatus,1,1524,-37,-73,74.05737705,102.6450002,1.207989798,6,3526.717392
Trichomycterus areolatus,1,1524,-37,-73,74.05737705,102.6450002,1.207989798,6,3526.717392
Trichomycterus areolatus,2,5993,-36,-72,99.35238095,70.95833333,2.351056413,6,1160.414781
Trichomycterus areolatus,2,5993,-36,-72,99.35238095,70.95833333,2.351056413,6,1160.414781
Trichomycterus areolatus,1,8539,-40,-73,44.54807692,186.6944453,11.19482029,3,971.5374943
Trichomycterus areolatus,2,5764,-36,-72,81.12037037,71.27777863,4.391394707,6,3290.497922
Trichomycterus areolatus,2,8539,-40,-73,44.54807692,186.6944453,11.19482029,3,971.5374943
Trichomycterus areolatus,2,5764,-36,-72,81.12037037,71.27777863,4.391394707,6,3290.497922
Trichomycterus areolatus,3,5243,-39,-72,134,134.3333333,3.894006396,5,628.0236726
Trichomycterus areolatus,1,1342,-38,-72,366.6785714,158.8839576,5.299810607,6,3019.392631
Trichomycterus areolatus,2,5764,-36,-72,81.12037037,71.27777863,4.391394707,6,3290.497922
Trichomycterus areolatus,2,5764,-36,-72,81.12037037,71.27777863,4.391394707,6,3290.497922
Trichomycterus areolatus,3,5243,-39,-72,134,134.3333333,3.894006396,5,628.0236726
Trichomycterus areolatus,3,1549,-38,-72,276.0629921,129.6355156,11.21314184,4,419.5884732
Trichomycterus areolatus,3,5243,-39,-72,134,134.3333333,3.894006396,5,628.0236726
Trichomycterus areolatus,3,5243,-39,-72,134,134.3333333,3.894006396,5,628.0236726
Trichomycterus areolatus,2,1907,-37,-72,551.5406504,121.6116509,2.011950759,5,967.7092813
Trichomycterus areolatus,2,1907,-37,-72,551.5406504,121.6116509,2.011950759,5,967.7092813
Trichomycterus areolatus,3,5243,-39,-72,134,134.3333333,3.894006396,5,628.0236726
Trichomycterus areolatus,1,1760,-38,-73,79.125,103.338334,1.344648499,6,6261.697266
Trichomycterus areolatus,3,5243,-39,-72,134,134.3333333,3.894006396,5,628.0236726
Trichomycterus areolatus,1,1172,-38,-72,256.4545455,122.4354573,1.286548742,6,3019.392631
Trichomycterus areolatus,1,1172,-38,-72,256.4545455,122.4354573,1.286548742,6,3019.392631
Trichomycterus areolatus,4,644,-37,-72,165.7529412,94.2245101,4.587652144,3,656.0660846
Trichomycterus areolatus,4,644,-37,-72,165.7529412,94.2245101,4.587652144,3,656.0660846
Trichomycterus areolatus,1,1173,-38,-72,241.6390977,120.9665176,2.296090808,6,3526.717392
Trichomycterus areolatus,1,1760,-38,-73,79.125,103.338334,1.344648499,6,6261.697266
Trichomycterus areolatus,1,1760,-38,-73,79.125,103.338334,1.344648499,6,6261.697266
Trichomycterus areolatus,1,1760,-38,-73,79.125,103.338334,1.344648499,6,6261.697266
Trichomycterus areolatus,1,1349,-38,-72,455.9098039,148.4282426,27.06829148,3,3019.392631
Trichomycterus areolatus,1,6150,-35,-72,54.2,70.59523664,6.287205955,5,1275.259419
Trichomycterus areolatus,4,4535,-39,-73,70.40178571,98.70238277,3.160259271,5,1745.722088
Trichomycterus areolatus,4,4535,-39,-73,70.40178571,98.70238277,3.160259271,5,1745.722088
Trichomycterus areolatus,4,4535,-39,-73,70.40178571,98.70238277,3.160259271,5,1745.722088
Trichomycterus areolatus,4,4535,-39,-73,70.40178571,98.70238277,3.160259271,5,1745.722088
Trichomycterus areolatus,1,8538,-40,-73,45.85964912,187.1979198,11.39652594,3,971.5374943
Trichomycterus areolatus,4,4535,-39,-73,70.40178571,98.70238277,3.160259271,5,1745.722088
Trichomycterus areolatus,3,5372,-35,-72,28.65137615,69.65,4.354146694,7,5570.866652
Trichomycterus areolatus,1,8538,-40,-73,45.85964912,187.1979198,11.39652594,3,971.5374943
Trichomycterus areolatus,2,2753,-34,-71,324.9545455,49.77689481,3.956382362,6,165.4004226
Trichomycterus areolatus,4,4535,-39,-73,70.40178571,98.70238277,3.160259271,5,1745.722088
Trichomycterus areolatus,2,2753,-34,-71,324.9545455,49.77689481,3.956382362,6,165.4004226
Trichomycterus areolatus,2,2753,-34,-71,324.9545455,49.77689481,3.956382362,6,165.4004226
Trichomycterus areolatus,1,1524,-37,-73,74.05737705,102.6450002,1.207989798,6,3526.717392
Trichomycterus areolatus,1,1524,-37,-73,74.05737705,102.6450002,1.207989798,6,3526.717392
Trichomycterus areolatus,1,1524,-37,-73,74.05737705,102.6450002,1.207989798,6,3526.717392
Trichomycterus areolatus,4,4535,-39,-73,70.40178571,98.70238277,3.160259271,5,1745.722088
Trichomycterus areolatus,1,1524,-37,-73,74.05737705,102.6450002,1.207989798,6,3526.717392
Trichomycterus areolatus,1,1524,-37,-73,74.05737705,102.6450002,1.207989798,6,3526.717392
Trichomycterus areolatus,1,1524,-37,-73,74.05737705,102.6450002,1.207989798,6,3526.717392
Trichomycterus areolatus,1,1524,-37,-73,74.05737705,102.6450002,1.207989798,6,3526.717392
Trichomycterus areolatus,1,1524,-37,-73,74.05737705,102.6450002,1.207989798,6,3526.717392
Trichomycterus areolatus,1,1524,-37,-73,74.05737705,102.6450002,1.207989798,6,3526.717392
Trichomycterus areolatus,3,5372,-35,-72,28.65137615,69.65,4.354146694,7,5570.866652
Trichomycterus areolatus,3,5372,-35,-72,28.65137615,69.65,4.354146694,7,5570.866652
Trichomycterus areolatus,3,5372,-35,-72,28.65137615,69.65,4.354146694,7,5570.866652
Trichomycterus areolatus,3,5372,-35,-72,28.65137615,69.65,4.354146694,7,5570.866652
Trichomycterus areolatus,2,2752,-34,-71,339.8642534,50.17194534,3.611032486,6,165.4004226
Trichomycterus areolatus,2,2752,-34,-71,339.8642534,50.17194534,3.611032486,6,165.4004226
Trichomycterus areolatus,1,1353,-38,-72,357.6867925,140.7681836,6.289933997,4,3019.392631
Trichomycterus areolatus,1,1353,-38,-72,357.6867925,140.7681836,6.289933997,4,3019.392631
Trichomycterus areolatus,2,2752,-34,-71,339.8642534,50.17194534,3.611032486,6,165.4004226
Trichomycterus areolatus,2,2752,-34,-71,339.8642534,50.17194534,3.611032486,6,165.4004226
Trichomycterus areolatus,3,5372,-35,-72,28.65137615,69.65,4.354146694,7,5570.866652
Trichomycterus areolatus,3,5372,-35,-72,28.65137615,69.65,4.354146694,7,5570.866652
Trichomycterus areolatus,2,8507,-40,-73,38.5,185.2833344,2.664263362,4,971.5374943
Trichomycterus areolatus,2,8507,-40,-73,38.5,185.2833344,2.664263362,4,971.5374943
Trichomycterus areolatus,2,8507,-40,-73,38.5,185.2833344,2.664263362,4,971.5374943
Trichomycterus areolatus,4,4535,-39,-73,70.40178571,98.70238277,3.160259271,5,1745.722088
Trichomycterus areolatus,4,4535,-39,-73,70.40178571,98.70238277,3.160259271,5,1745.722088
Trichomycterus areolatus,2,8507,-40,-73,38.5,185.2833344,2.664263362,4,971.5374943
Trichomycterus areolatus,2,1933,-37,-72,178.921875,105.1404316,4.258407648,5,967.7092813
Trichomycterus areolatus,2,1933,-37,-72,178.921875,105.1404316,4.258407648,5,967.7092813
Trichomycterus areolatus,2,5717,-36,-72,89.8125,73.93333588,3.637341519,6,3290.497922
Trichomycterus areolatus,2,3611,-34,-71,158.4847162,43.36790461,4.839774885,2,1750.389286
Trichomycterus areolatus,2,5717,-36,-72,89.8125,73.93333588,3.637341519,6,3290.497922
Trichomycterus areolatus,4,1349,-38,-72,455.9098039,148.4282426,27.06829148,3,3019.392631
Trichomycterus areolatus,2,3708,-35,-71,146.7207207,64.8333346,2.378894906,6,1544.312195
Trichomycterus areolatus,2,5717,-36,-72,89.8125,73.93333588,3.637341519,6,3290.497922
Trichomycterus areolatus,2,3708,-35,-71,146.7207207,64.8333346,2.378894906,6,1544.312195
Trichomycterus areolatus,2,3708,-35,-71,146.7207207,64.8333346,2.378894906,6,1544.312195
Trichomycterus areolatus,2,3708,-35,-71,146.7207207,64.8333346,2.378894906,6,1544.312195
Trichomycterus areolatus,4,1349,-38,-72,455.9098039,148.4282426,27.06829148,3,3019.392631
Trichomycterus areolatus,2,5717,-36,-72,89.8125,73.93333588,3.637341519,6,3290.497922
Trichomycterus areolatus,2,3708,-35,-71,146.7207207,64.8333346,2.378894906,6,1544.312195
Trichomycterus areolatus,2,3708,-35,-71,146.7207207,64.8333346,2.378894906,6,1544.312195
Trichomycterus areolatus,2,3708,-35,-71,146.7207207,64.8333346,2.378894906,6,1544.312195
Trichomycterus areolatus,2,3708,-35,-71,146.7207207,64.8333346,2.378894906,6,1544.312195
Trichomycterus areolatus,2,3708,-35,-71,146.7207207,64.8333346,2.378894906,6,1544.312195
Trichomycterus areolatus,2,3708,-35,-71,146.7207207,64.8333346,2.378894906,6,1544.312195
Trichomycterus areolatus,2,3708,-35,-71,146.7207207,64.8333346,2.378894906,6,1544.312195
Trichomycterus areolatus,1,1525,-37,-73,75.06299213,103.4748428,1.291669373,6,3526.717392
Trichomycterus areolatus,2,3708,-35,-71,146.7207207,64.8333346,2.378894906,6,1544.312195
Trichomycterus areolatus,2,3708,-35,-71,146.7207207,64.8333346,2.378894906,6,1544.312195
Trichomycterus areolatus,3,818,-37,-72,163.8802083,91.6588527,3.600447729,5,955.1016828
Trichomycterus areolatus,3,1174,-38,-72,187.8987854,111.7043264,1.16080209,6,3526.717392
Trichomycterus areolatus,3,818,-37,-72,163.8802083,91.6588527,3.600447729,5,955.1016828
Trichomycterus areolatus,2,1916,-37,-72,369.6431535,113.0148534,4.216141644,5,967.7092813
Trichomycterus areolatus,3,818,-37,-72,163.8802083,91.6588527,3.600447729,5,955.1016828
Trichomycterus areolatus,4,2270,-38,-72,416.0440252,176.5795445,2.294542228,4,3019.392631
Trichomycterus areolatus,3,8507,-40,-73,38.5,185.2833344,2.664263362,4,971.5374943
Trichomycterus areolatus,3,8507,-40,-73,38.5,185.2833344,2.664263362,4,971.5374943
Trichomycterus areolatus,2,3708,-35,-71,146.7207207,64.8333346,2.378894906,6,1544.312195
Trichomycterus areolatus,2,3708,-35,-71,146.7207207,64.8333346,2.378894906,6,1544.312195
Trichomycterus areolatus,2,3708,-35,-71,146.7207207,64.8333346,2.378894906,6,1544.312195
Trichomycterus areolatus,2,3708,-35,-71,146.7207207,64.8333346,2.378894906,6,1544.312195
Trichomycterus areolatus,2,3708,-35,-71,146.7207207,64.8333346,2.378894906,6,1544.312195
Trichomycterus areolatus,2,3708,-35,-71,146.7207207,64.8333346,2.378894906,6,1544.312195
Trichomycterus areolatus,2,3708,-35,-71,146.7207207,64.8333346,2.378894906,6,1544.312195
Trichomycterus areolatus,2,3708,-35,-71,146.7207207,64.8333346,2.378894906,6,1544.312195
Trichomycterus areolatus,2,3708,-35,-71,146.7207207,64.8333346,2.378894906,6,1544.312195
Trichomycterus areolatus,2,3708,-35,-71,146.7207207,64.8333346,2.378894906,6,1544.312195
Trichomycterus areolatus,2,3708,-35,-71,146.7207207,64.8333346,2.378894906,6,1544.312195
Trichomycterus areolatus,2,3708,-35,-71,146.7207207,64.8333346,2.378894906,6,1544.312195
Trichomycterus areolatus,2,3708,-35,-71,146.7207207,64.8333346,2.378894906,6,1544.312195
Trichomycterus areolatus,2,3708,-35,-71,146.7207207,64.8333346,2.378894906,6,1544.312195
Trichomycterus areolatus,12,1907,-37,-72,551.5406504,121.6116509,2.011950759,5,967.7092813
Trichomycterus areolatus,2,3708,-35,-71,146.7207207,64.8333346,2.378894906,6,1544.312195
Trichomycterus areolatus,2,3708,-35,-71,146.7207207,64.8333346,2.378894906,6,1544.312195
Trichomycterus areolatus,2,3708,-35,-71,146.7207207,64.8333346,2.378894906,6,1544.312195
Trichomycterus areolatus,2,3708,-35,-71,146.7207207,64.8333346,2.378894906,6,1544.312195
Trichomycterus areolatus,1,1760,-38,-73,79.125,103.338334,1.344648499,6,6261.697266
Trichomycterus areolatus,2,3708,-35,-71,146.7207207,64.8333346,2.378894906,6,1544.312195
Trichomycterus areolatus,2,3708,-35,-71,146.7207207,64.8333346,2.378894906,6,1544.312195
Trichomycterus areolatus,1,1524,-37,-73,74.05737705,102.6450002,1.207989798,6,3526.717392
Trichomycterus areolatus,1,1524,-37,-73,74.05737705,102.6450002,1.207989798,6,3526.717392
Trichomycterus areolatus,2,4044,-35,-71,201.1388889,64.74999891,4.342244125,4,1544.312195
Trichomycterus areolatus,1,1342,-38,-72,366.6785714,158.8839576,5.299810607,6,3019.392631
Trichomycterus areolatus,2,4044,-35,-71,201.1388889,64.74999891,4.342244125,4,1544.312195
Trichomycterus areolatus,2,1907,-37,-72,551.5406504,121.6116509,2.011950759,5,967.7092813
Trichomycterus areolatus,3,818,-37,-72,163.8802083,91.6588527,3.600447729,5,955.1016828
Trichomycterus areolatus,2,5993,-36,-72,99.35238095,70.95833333,2.351056413,6,1160.414781
Trichomycterus areolatus,2,5993,-36,-72,99.35238095,70.95833333,2.351056413,6,1160.414781
Trichomycterus areolatus,2,5993,-36,-72,99.35238095,70.95833333,2.351056413,6,1160.414781
Trichomycterus areolatus,2,5993,-36,-72,99.35238095,70.95833333,2.351056413,6,1160.414781
Trichomycterus areolatus,2,5993,-36,-72,99.35238095,70.95833333,2.351056413,6,1160.414781
Trichomycterus areolatus,2,5993,-36,-72,99.35238095,70.95833333,2.351056413,6,1160.414781
Trichomycterus areolatus,2,6775,-39,-73,91.29090909,139.761904,7.73398954,4,195.4099444
Trichomycterus areolatus,2,5993,-36,-72,99.35238095,70.95833333,2.351056413,6,1160.414781
Trichomycterus areolatus,3,5243,-39,-72,134,134.3333333,3.894006396,5,628.0236726
Trichomycterus areolatus,1,6733,-39,-73,86.61666667,134.1309531,6.433685386,6,2359.225673
Trichomycterus areolatus,4,4535,-39,-73,70.40178571,98.70238277,3.160259271,5,1745.722088
Trichomycterus areolatus,2,8536,-40,-73,50.04424779,189.2916641,13.57040073,3,971.5374943
Trichomycterus areolatus,1,6733,-39,-73,86.61666667,134.1309531,6.433685386,6,2359.225673
Trichomycterus areolatus,2,2753,-34,-71,324.9545455,49.77689481,3.956382362,6,165.4004226
Trichomycterus areolatus,12,1907,-37,-72,551.5406504,121.6116509,2.011950759,5,967.7092813
Trichomycterus areolatus,2,8538,-40,-73,45.85964912,187.1979198,11.39652594,3,971.5374943
Trichomycterus areolatus,2,5993,-36,-72,99.35238095,70.95833333,2.351056413,6,1160.414781
Trichomycterus areolatus,2,8538,-40,-73,45.85964912,187.1979198,11.39652594,3,971.5374943
Trichomycterus areolatus,2,5993,-36,-72,99.35238095,70.95833333,2.351056413,6,1160.414781
Trichomycterus areolatus,3,1609,-38,-73,86.55078125,100.1896818,1,5,154.1941464
Trichomycterus areolatus,2,5764,-36,-72,81.12037037,71.27777863,4.391394707,6,3290.497922
Trichomycterus areolatus,2,5764,-36,-72,81.12037037,71.27777863,4.391394707,6,3290.497922
Trichomycterus areolatus,2,5764,-36,-72,81.12037037,71.27777863,4.391394707,6,3290.497922
Trichomycterus areolatus,3,1609,-38,-73,86.55078125,100.1896818,1,5,154.1941464
Trichomycterus areolatus,2,5764,-36,-72,81.12037037,71.27777863,4.391394707,6,3290.497922
Trichomycterus areolatus,2,5764,-36,-72,81.12037037,71.27777863,4.391394707,6,3290.497922
Trichomycterus areolatus,2,5764,-36,-72,81.12037037,71.27777863,4.391394707,6,3290.497922
Trichomycterus areolatus,2,5764,-36,-72,81.12037037,71.27777863,4.391394707,6,3290.497922
Trichomycterus areolatus,3,5243,-39,-72,134,134.3333333,3.894006396,5,628.0236726
Trichomycterus areolatus,2,5764,-36,-72,81.12037037,71.27777863,4.391394707,6,3290.497922
Trichomycterus areolatus,2,5764,-36,-72,81.12037037,71.27777863,4.391394707,6,3290.497922
Trichomycterus areolatus,1,1349,-38,-72,455.9098039,148.4282426,27.06829148,3,3019.392631
Trichomycterus areolatus,2,5764,-36,-72,81.12037037,71.27777863,4.391394707,6,3290.497922
Trichomycterus areolatus,2,5764,-36,-72,81.12037037,71.27777863,4.391394707,6,3290.497922
Trichomycterus areolatus,2,5764,-36,-72,81.12037037,71.27777863,4.391394707,6,3290.497922
Trichomycterus areolatus,1,1342,-38,-72,366.6785714,158.8839576,5.299810607,6,3019.392631
Trichomycterus areolatus,2,5764,-36,-72,81.12037037,71.27777863,4.391394707,6,3290.497922
Trichomycterus areolatus,1,1349,-38,-72,455.9098039,148.4282426,27.06829148,3,3019.392631
Trichomycterus areolatus,2,5764,-36,-72,81.12037037,71.27777863,4.391394707,6,3290.497922
Trichomycterus areolatus,2,5764,-36,-72,81.12037037,71.27777863,4.391394707,6,3290.497922
Trichomycterus areolatus,3,5243,-39,-72,134,134.3333333,3.894006396,5,628.0236726
Trichomycterus areolatus,3,1549,-38,-72,276.0629921,129.6355156,11.21314184,4,419.5884732
Trichomycterus areolatus,3,8538,-40,-73,45.85964912,187.1979198,11.39652594,3,971.5374943
Trichomycterus areolatus,3,5243,-39,-72,134,134.3333333,3.894006396,5,628.0236726
Trichomycterus areolatus,3,5243,-39,-72,134,134.3333333,3.894006396,5,628.0236726
Trichomycterus areolatus,3,5243,-39,-72,134,134.3333333,3.894006396,5,628.0236726
Trichomycterus areolatus,3,5243,-39,-72,134,134.3333333,3.894006396,5,628.0236726
Trichomycterus areolatus,3,1549,-38,-72,276.0629921,129.6355156,11.21314184,4,419.5884732
Trichomycterus areolatus,2,5993,-36,-72,99.35238095,70.95833333,2.351056413,6,1160.414781
Trichomycterus areolatus,1,1760,-38,-73,79.125,103.338334,1.344648499,6,6261.697266
Trichomycterus areolatus,3,5243,-39,-72,134,134.3333333,3.894006396,5,628.0236726
Trichomycterus areolatus,3,5243,-39,-72,134,134.3333333,3.894006396,5,628.0236726
Trichomycterus areolatus,4,644,-37,-72,165.7529412,94.2245101,4.587652144,3,656.0660846
Trichomycterus areolatus,4,644,-37,-72,165.7529412,94.2245101,4.587652144,3,656.0660846
Trichomycterus areolatus,1,1353,-38,-72,357.6867925,140.7681836,6.289933997,4,3019.392631
Trichomycterus areolatus,4,2270,-38,-72,416.0440252,176.5795445,2.294542228,4,3019.392631
Trichomycterus areolatus,1,1760,-38,-73,79.125,103.338334,1.344648499,6,6261.697266
Trichomycterus areolatus,1,8536,-40,-73,50.04424779,189.2916641,13.57040073,3,971.5374943
Trichomycterus areolatus,1,1173,-38,-72,241.6390977,120.9665176,2.296090808,6,3526.717392
Trichomycterus areolatus,1,1173,-38,-72,241.6390977,120.9665176,2.296090808,6,3526.717392
Trichomycterus areolatus,1,6733,-39,-73,86.61666667,134.1309531,6.433685386,6,2359.225673
Trichomycterus areolatus,2,2753,-34,-71,324.9545455,49.77689481,3.956382362,6,165.4004226
Trichomycterus areolatus,4,4535,-39,-73,70.40178571,98.70238277,3.160259271,5,1745.722088
Trichomycterus areolatus,4,4535,-39,-73,70.40178571,98.70238277,3.160259271,5,1745.722088
Trichomycterus areolatus,1,8538,-40,-73,45.85964912,187.1979198,11.39652594,3,971.5374943
Trichomycterus areolatus,3,5372,-35,-72,28.65137615,69.65,4.354146694,7,5570.866652
Trichomycterus areolatus,4,4535,-39,-73,70.40178571,98.70238277,3.160259271,5,1745.722088
Trichomycterus areolatus,3,5372,-35,-72,28.65137615,69.65,4.354146694,7,5570.866652
Trichomycterus areolatus,3,5372,-35,-72,28.65137615,69.65,4.354146694,7,5570.866652
Trichomycterus areolatus,3,5372,-35,-72,28.65137615,69.65,4.354146694,7,5570.866652
Trichomycterus areolatus,2,2753,-34,-71,324.9545455,49.77689481,3.956382362,6,165.4004226
Trichomycterus areolatus,2,4044,-35,-71,201.1388889,64.74999891,4.342244125,4,1544.312195
Trichomycterus areolatus,2,3708,-35,-71,146.7207207,64.8333346,2.378894906,6,1544.312195
Trichomycterus areolatus,1,1524,-37,-73,74.05737705,102.6450002,1.207989798,6,3526.717392
Trichomycterus areolatus,3,5372,-35,-72,28.65137615,69.65,4.354146694,7,5570.866652
Trichomycterus areolatus,3,5372,-35,-72,28.65137615,69.65,4.354146694,7,5570.866652
Trichomycterus areolatus,1,6150,-35,-72,54.2,70.59523664,6.287205955,5,1275.259419
Trichomycterus areolatus,2,2752,-34,-71,339.8642534,50.17194534,3.611032486,6,165.4004226
Trichomycterus areolatus,3,5372,-35,-72,28.65137615,69.65,4.354146694,7,5570.866652
Trichomycterus areolatus,4,4535,-39,-73,70.40178571,98.70238277,3.160259271,5,1745.722088
Trichomycterus areolatus,2,8507,-40,-73,38.5,185.2833344,2.664263362,4,971.5374943
Trichomycterus areolatus,2,1933,-37,-72,178.921875,105.1404316,4.258407648,5,967.7092813
Trichomycterus areolatus,2,1933,-37,-72,178.921875,105.1404316,4.258407648,5,967.7092813
Trichomycterus areolatus,1,1349,-38,-72,455.9098039,148.4282426,27.06829148,3,3019.392631
Trichomycterus areolatus,3,1563,-38,-72,161.2708333,108.7996618,3.086832117,4,419.5884732
Trichomycterus areolatus,3,1563,-38,-72,161.2708333,108.7996618,3.086832117,4,419.5884732
Trichomycterus areolatus,2,5717,-36,-72,89.8125,73.93333588,3.637341519,6,3290.497922
Trichomycterus areolatus,2,5717,-36,-72,89.8125,73.93333588,3.637341519,6,3290.497922
Trichomycterus areolatus,2,1916,-37,-72,369.6431535,113.0148534,4.216141644,5,967.7092813
Trichomycterus areolatus,12,1916,-37,-72,369.6431535,113.0148534,4.216141644,5,967.7092813
Trichomycterus areolatus,12,1916,-37,-72,369.6431535,113.0148534,4.216141644,5,967.7092813
Trichomycterus areolatus,3,1174,-38,-72,187.8987854,111.7043264,1.16080209,6,3526.717392
Trichomycterus areolatus,3,1174,-38,-72,187.8987854,111.7043264,1.16080209,6,3526.717392
Trichomycterus areolatus,3,818,-37,-72,163.8802083,91.6588527,3.600447729,5,955.1016828
Trichomycterus areolatus,3,818,-37,-72,163.8802083,91.6588527,3.600447729,5,955.1016828
Trichomycterus areolatus,1,1525,-37,-73,75.06299213,103.4748428,1.291669373,6,3526.717392
Trichomycterus areolatus,2,5993,-36,-72,99.35238095,70.95833333,2.351056413,6,1160.414781
Trichomycterus areolatus,1,2062,-38,-72,298.8237548,132.9436729,13.7936481,6,3019.392631
Trichomycterus areolatus,2,1916,-37,-72,369.6431535,113.0148534,4.216141644,5,967.7092813
Trichomycterus areolatus,2,1916,-37,-72,369.6431535,113.0148534,4.216141644,5,967.7092813
Trichomycterus areolatus,2,1916,-37,-72,369.6431535,113.0148534,4.216141644,5,967.7092813
Trichomycterus areolatus,1,6733,-39,-73,86.61666667,134.1309531,6.433685386,6,2359.225673
Trichomycterus areolatus,1,6733,-39,-73,86.61666667,134.1309531,6.433685386,6,2359.225673
Trichomycterus areolatus,3,8507,-40,-73,38.5,185.2833344,2.664263362,4,971.5374943
Trichomycterus areolatus,12,1919,-37,-72,325.7125984,112.264937,2.674051057,5,967.7092813
Trichomycterus areolatus,12,1919,-37,-72,325.7125984,112.264937,2.674051057,5,967.7092813
Trichomycterus areolatus,2,3708,-35,-71,146.7207207,64.8333346,2.378894906,6,1544.312195
Trichomycterus areolatus,1,6733,-39,-73,86.61666667,134.1309531,6.433685386,6,2359.225673
Trichomycterus areolatus,1,6733,-39,-73,86.61666667,134.1309531,6.433685386,6,2359.225673
Trichomycterus areolatus,3,5372,-35,-72,28.65137615,69.65,4.354146694,7,5570.866652
Trichomycterus areolatus,12,1907,-37,-72,551.5406504,121.6116509,2.011950759,5,967.7092813
Trichomycterus areolatus,3,8539,-40,-73,44.54807692,186.6944453,11.19482029,3,971.5374943
Trichomycterus areolatus,3,8539,-40,-73,44.54807692,186.6944453,11.19482029,3,971.5374943
Trichomycterus areolatus,3,8539,-40,-73,44.54807692,186.6944453,11.19482029,3,971.5374943
Trichomycterus areolatus,3,8539,-40,-73,44.54807692,186.6944453,11.19482029,3,971.5374943
Trichomycterus areolatus,2,1916,-37,-72,369.6431535,113.0148534,4.216141644,5,967.7092813
Trichomycterus areolatus,3,8539,-40,-73,44.54807692,186.6944453,11.19482029,3,971.5374943
Trichomycterus areolatus,12,1907,-37,-72,551.5406504,121.6116509,2.011950759,5,967.7092813
Trichomycterus areolatus,3,8539,-40,-73,44.54807692,186.6944453,11.19482029,3,971.5374943
Trichomycterus areolatus,4,6187,-35,-72,34.48484848,70.86666718,4.428001112,7,5570.866652
Trichomycterus areolatus,4,6187,-35,-72,34.48484848,70.86666718,4.428001112,7,5570.866652
Trichomycterus areolatus,4,6187,-35,-72,34.48484848,70.86666718,4.428001112,7,5570.866652
Trichomycterus areolatus,1,6733,-39,-73,86.61666667,134.1309531,6.433685386,6,2359.225673
Trichomycterus areolatus,3,8538,-40,-73,45.85964912,187.1979198,11.39652594,3,971.5374943
Trichomycterus areolatus,3,818,-37,-72,163.8802083,91.6588527,3.600447729,5,955.1016828
Trichomycterus areolatus,2,1907,-37,-72,551.5406504,121.6116509,2.011950759,5,967.7092813
Trichomycterus areolatus,2,1907,-37,-72,551.5406504,121.6116509,2.011950759,5,967.7092813
Trichomycterus areolatus,2,1907,-37,-72,551.5406504,121.6116509,2.011950759,5,967.7092813
Trichomycterus areolatus,2,1907,-37,-72,551.5406504,121.6116509,2.011950759,5,967.7092813
Trichomycterus areolatus,2,6775,-39,-73,91.29090909,139.761904,7.73398954,4,195.4099444
Trichomycterus areolatus,2,6775,-39,-73,91.29090909,139.761904,7.73398954,4,195.4099444
Trichomycterus areolatus,2,6775,-39,-73,91.29090909,139.761904,7.73398954,4,195.4099444
Trichomycterus areolatus,2,1907,-37,-72,551.5406504,121.6116509,2.011950759,5,967.7092813
Trichomycterus areolatus,2,1907,-37,-72,551.5406504,121.6116509,2.011950759,5,967.7092813
Trichomycterus areolatus,2,6775,-39,-73,91.29090909,139.761904,7.73398954,4,195.4099444
Trichomycterus areolatus,2,5993,-36,-72,99.35238095,70.95833333,2.351056413,6,1160.414781
Trichomycterus areolatus,1,8530,-40,-73,110.9545455,194.9500031,25.84003993,3,971.5374943
Trichomycterus areolatus,2,5993,-36,-72,99.35238095,70.95833333,2.351056413,6,1160.414781
Trichomycterus areolatus,2,5993,-36,-72,99.35238095,70.95833333,2.351056413,6,1160.414781
Trichomycterus areolatus,3,5243,-39,-72,134,134.3333333,3.894006396,5,628.0236726
Trichomycterus areolatus,4,4535,-39,-73,70.40178571,98.70238277,3.160259271,5,1745.722088
Trichomycterus areolatus,3,5243,-39,-72,134,134.3333333,3.894006396,5,628.0236726
Trichomycterus areolatus,3,5243,-39,-72,134,134.3333333,3.894006396,5,628.0236726
Trichomycterus areolatus,3,5243,-39,-72,134,134.3333333,3.894006396,5,628.0236726
Trichomycterus areolatus,3,5243,-39,-72,134,134.3333333,3.894006396,5,628.0236726
Trichomycterus areolatus,4,4535,-39,-73,70.40178571,98.70238277,3.160259271,5,1745.722088
Trichomycterus areolatus,4,4535,-39,-73,70.40178571,98.70238277,3.160259271,5,1745.722088
Trichomycterus areolatus,4,4535,-39,-73,70.40178571,98.70238277,3.160259271,5,1745.722088
Trichomycterus areolatus,3,5243,-39,-72,134,134.3333333,3.894006396,5,628.0236726
Trichomycterus areolatus,3,5243,-39,-72,134,134.3333333,3.894006396,5,628.0236726
Trichomycterus areolatus,3,5243,-39,-72,134,134.3333333,3.894006396,5,628.0236726
Trichomycterus areolatus,3,5243,-39,-72,134,134.3333333,3.894006396,5,628.0236726
Trichomycterus areolatus,1,8539,-40,-73,44.54807692,186.6944453,11.19482029,3,971.5374943
Trichomycterus areolatus,1,1349,-38,-72,455.9098039,148.4282426,27.06829148,3,3019.392631
Trichomycterus areolatus,3,5243,-39,-72,134,134.3333333,3.894006396,5,628.0236726
Trichomycterus areolatus,3,5243,-39,-72,134,134.3333333,3.894006396,5,628.0236726
Trichomycterus areolatus,3,5243,-39,-72,134,134.3333333,3.894006396,5,628.0236726
Trichomycterus areolatus,1,1349,-38,-72,455.9098039,148.4282426,27.06829148,3,3019.392631
Trichomycterus areolatus,1,1342,-38,-72,366.6785714,158.8839576,5.299810607,6,3019.392631
Trichomycterus areolatus,2,5764,-36,-72,81.12037037,71.27777863,4.391394707,6,3290.497922
Trichomycterus areolatus,2,5764,-36,-72,81.12037037,71.27777863,4.391394707,6,3290.497922
Trichomycterus areolatus,1,1349,-38,-72,455.9098039,148.4282426,27.06829148,3,3019.392631
Trichomycterus areolatus,1,1349,-38,-72,455.9098039,148.4282426,27.06829148,3,3019.392631
Trichomycterus areolatus,3,5243,-39,-72,134,134.3333333,3.894006396,5,628.0236726
Trichomycterus areolatus,3,5243,-39,-72,134,134.3333333,3.894006396,5,628.0236726
Trichomycterus areolatus,3,5243,-39,-72,134,134.3333333,3.894006396,5,628.0236726
Trichomycterus areolatus,3,1549,-38,-72,276.0629921,129.6355156,11.21314184,4,419.5884732
Trichomycterus areolatus,3,5243,-39,-72,134,134.3333333,3.894006396,5,628.0236726
Trichomycterus areolatus,1,1760,-38,-73,79.125,103.338334,1.344648499,6,6261.697266
Trichomycterus areolatus,3,5243,-39,-72,134,134.3333333,3.894006396,5,628.0236726
Trichomycterus areolatus,3,5243,-39,-72,134,134.3333333,3.894006396,5,628.0236726
Trichomycterus areolatus,1,7862,-34,-70,909.8095238,50.29166603,13.99677827,4,110.863717
Trichomycterus areolatus,4,644,-37,-72,165.7529412,94.2245101,4.587652144,3,656.0660846
Trichomycterus areolatus,1,1353,-38,-72,357.6867925,140.7681836,6.289933997,4,3019.392631
Trichomycterus areolatus,1,1173,-38,-72,241.6390977,120.9665176,2.296090808,6,3526.717392
Trichomycterus areolatus,1,1349,-38,-72,455.9098039,148.4282426,27.06829148,3,3019.392631
Trichomycterus areolatus,1,6150,-35,-72,54.2,70.59523664,6.287205955,5,1275.259419
Trichomycterus areolatus,4,4535,-39,-73,70.40178571,98.70238277,3.160259271,5,1745.722088
Trichomycterus areolatus,1,6150,-35,-72,54.2,70.59523664,6.287205955,5,1275.259419
Trichomycterus areolatus,1,6150,-35,-72,54.2,70.59523664,6.287205955,5,1275.259419
Trichomycterus areolatus,2,2753,-34,-71,324.9545455,49.77689481,3.956382362,6,165.4004226
Trichomycterus areolatus,3,5372,-35,-72,28.65137615,69.65,4.354146694,7,5570.866652
Trichomycterus areolatus,3,1365,-38,-72,223.8059701,118.6614585,2.048679998,6,3526.717392
Trichomycterus areolatus,3,5372,-35,-72,28.65137615,69.65,4.354146694,7,5570.866652
Trichomycterus areolatus,3,5372,-35,-72,28.65137615,69.65,4.354146694,7,5570.866652
Trichomycterus areolatus,3,5372,-35,-72,28.65137615,69.65,4.354146694,7,5570.866652
Trichomycterus areolatus,3,5372,-35,-72,28.65137615,69.65,4.354146694,7,5570.866652
Trichomycterus areolatus,3,5372,-35,-72,28.65137615,69.65,4.354146694,7,5570.866652
Trichomycterus areolatus,4,4535,-39,-73,70.40178571,98.70238277,3.160259271,5,1745.722088
Trichomycterus areolatus,4,4535,-39,-73,70.40178571,98.70238277,3.160259271,5,1745.722088
Trichomycterus areolatus,2,2753,-34,-71,324.9545455,49.77689481,3.956382362,6,165.4004226
Trichomycterus areolatus,1,6733,-39,-73,86.61666667,134.1309531,6.433685386,6,2359.225673
Trichomycterus areolatus,2,3708,-35,-71,146.7207207,64.8333346,2.378894906,6,1544.312195
Trichomycterus areolatus,2,4044,-35,-71,201.1388889,64.74999891,4.342244125,4,1544.312195
Trichomycterus areolatus,3,5372,-35,-72,28.65137615,69.65,4.354146694,7,5570.866652
Trichomycterus areolatus,3,1563,-38,-72,161.2708333,108.7996618,3.086832117,4,419.5884732
Trichomycterus areolatus,1,1524,-37,-73,74.05737705,102.6450002,1.207989798,6,3526.717392
Trichomycterus areolatus,12,1907,-37,-72,551.5406504,121.6116509,2.011950759,5,967.7092813
Trichomycterus areolatus,2,2752,-34,-71,339.8642534,50.17194534,3.611032486,6,165.4004226
Trichomycterus areolatus,1,1524,-37,-73,74.05737705,102.6450002,1.207989798,6,3526.717392
Trichomycterus areolatus,12,1916,-37,-72,369.6431535,113.0148534,4.216141644,5,967.7092813
Trichomycterus areolatus,12,1916,-37,-72,369.6431535,113.0148534,4.216141644,5,967.7092813
Trichomycterus areolatus,1,1353,-38,-72,357.6867925,140.7681836,6.289933997,4,3019.392631
Trichomycterus areolatus,2,2752,-34,-71,339.8642534,50.17194534,3.611032486,6,165.4004226
Trichomycterus areolatus,1,1353,-38,-72,357.6867925,140.7681836,6.289933997,4,3019.392631
Trichomycterus areolatus,2,8507,-40,-73,38.5,185.2833344,2.664263362,4,971.5374943
Trichomycterus areolatus,2,8507,-40,-73,38.5,185.2833344,2.664263362,4,971.5374943
Trichomycterus areolatus,3,5372,-35,-72,28.65137615,69.65,4.354146694,7,5570.866652
Trichomycterus areolatus,3,5372,-35,-72,28.65137615,69.65,4.354146694,7,5570.866652
Trichomycterus areolatus,2,8507,-40,-73,38.5,185.2833344,2.664263362,4,971.5374943
Trichomycterus areolatus,2,8530,-40,-73,110.9545455,194.9500031,25.84003993,3,971.5374943
Trichomycterus areolatus,4,4535,-39,-73,70.40178571,98.70238277,3.160259271,5,1745.722088
Trichomycterus areolatus,4,4535,-39,-73,70.40178571,98.70238277,3.160259271,5,1745.722088
Trichomycterus areolatus,3,5756,-36,-72,109.3333333,75.56666718,4.452714519,4,257.240611
Trichomycterus areolatus,2,3708,-35,-71,146.7207207,64.8333346,2.378894906,6,1544.312195
Trichomycterus areolatus,2,3708,-35,-71,146.7207207,64.8333346,2.378894906,6,1544.312195
Trichomycterus areolatus,2,1916,-37,-72,369.6431535,113.0148534,4.216141644,5,967.7092813
Trichomycterus areolatus,2,1916,-37,-72,369.6431535,113.0148534,4.216141644,5,967.7092813
Trichomycterus areolatus,2,1916,-37,-72,369.6431535,113.0148534,4.216141644,5,967.7092813
Trichomycterus areolatus,2,5717,-36,-72,89.8125,73.93333588,3.637341519,6,3290.497922
Trichomycterus areolatus,12,1916,-37,-72,369.6431535,113.0148534,4.216141644,5,967.7092813
Trichomycterus areolatus,2,1907,-37,-72,551.5406504,121.6116509,2.011950759,5,967.7092813
Trichomycterus areolatus,2,1907,-37,-72,551.5406504,121.6116509,2.011950759,5,967.7092813
Trichomycterus areolatus,2,3708,-35,-71,146.7207207,64.8333346,2.378894906,6,1544.312195
Trichomycterus areolatus,2,3708,-35,-71,146.7207207,64.8333346,2.378894906,6,1544.312195
Trichomycterus areolatus,2,3708,-35,-71,146.7207207,64.8333346,2.378894906,6,1544.312195
Trichomycterus areolatus,3,1174,-38,-72,187.8987854,111.7043264,1.16080209,6,3526.717392
Trichomycterus areolatus,3,818,-37,-72,163.8802083,91.6588527,3.600447729,5,955.1016828
Trichomycterus areolatus,3,818,-37,-72,163.8802083,91.6588527,3.600447729,5,955.1016828
Trichomycterus areolatus,3,818,-37,-72,163.8802083,91.6588527,3.600447729,5,955.1016828
Trichomycterus areolatus,3,818,-37,-72,163.8802083,91.6588527,3.600447729,5,955.1016828
Trichomycterus areolatus,3,818,-37,-72,163.8802083,91.6588527,3.600447729,5,955.1016828
Trichomycterus areolatus,3,818,-37,-72,163.8802083,91.6588527,3.600447729,5,955.1016828
Trichomycterus areolatus,12,1917,-37,-72,354.5454545,112.3168151,3.603549118,5,967.7092813
Trichomycterus areolatus,2,1916,-37,-72,369.6431535,113.0148534,4.216141644,5,967.7092813
Trichomycterus areolatus,1,6733,-39,-73,86.61666667,134.1309531,6.433685386,6,2359.225673
Trichomycterus areolatus,1,6733,-39,-73,86.61666667,134.1309531,6.433685386,6,2359.225673
Trichomycterus areolatus,4,4535,-39,-73,70.40178571,98.70238277,3.160259271,5,1745.722088
Trichomycterus areolatus,3,5243,-39,-72,134,134.3333333,3.894006396,5,628.0236726
Trichomycterus areolatus,1,6733,-39,-73,86.61666667,134.1309531,6.433685386,6,2359.225673
Trichomycterus areolatus,1,6733,-39,-73,86.61666667,134.1309531,6.433685386,6,2359.225673
Trichomycterus areolatus,2,2753,-34,-71,324.9545455,49.77689481,3.956382362,6,165.4004226
Trichomycterus areolatus,1,1524,-37,-73,74.05737705,102.6450002,1.207989798,6,3526.717392
Trichomycterus areolatus,12,1907,-37,-72,551.5406504,121.6116509,2.011950759,5,967.7092813
Trichomycterus areolatus,2,3708,-35,-71,146.7207207,64.8333346,2.378894906,6,1544.312195
Trichomycterus areolatus,3,8538,-40,-73,45.85964912,187.1979198,11.39652594,3,971.5374943
Trichomycterus areolatus,1,6733,-39,-73,86.61666667,134.1309531,6.433685386,6,2359.225673
Trichomycterus areolatus,1,6733,-39,-73,86.61666667,134.1309531,6.433685386,6,2359.225673
Trichomycterus areolatus,1,6733,-39,-73,86.61666667,134.1309531,6.433685386,6,2359.225673
Trichomycterus areolatus,1,6733,-39,-73,86.61666667,134.1309531,6.433685386,6,2359.225673
Trichomycterus areolatus,1,6733,-39,-73,86.61666667,134.1309531,6.433685386,6,2359.225673
Trichomycterus areolatus,1,1524,-37,-73,74.05737705,102.6450002,1.207989798,6,3526.717392
Trichomycterus areolatus,3,818,-37,-72,163.8802083,91.6588527,3.600447729,5,955.1016828
Trichomycterus areolatus,3,818,-37,-72,163.8802083,91.6588527,3.600447729,5,955.1016828
Trichomycterus areolatus,3,818,-37,-72,163.8802083,91.6588527,3.600447729,5,955.1016828
Trichomycterus areolatus,3,5243,-39,-72,134,134.3333333,3.894006396,5,628.0236726
Trichomycterus areolatus,2,5993,-36,-72,99.35238095,70.95833333,2.351056413,6,1160.414781
Trichomycterus areolatus,3,1385,-38,-72,117.0362694,101.5833359,1.895766663,6,3526.717392
Trichomycterus areolatus,3,1385,-38,-72,117.0362694,101.5833359,1.895766663,6,3526.717392
Trichomycterus areolatus,2,8539,-40,-73,44.54807692,186.6944453,11.19482029,3,971.5374943
Trichomycterus areolatus,3,1385,-38,-72,117.0362694,101.5833359,1.895766663,6,3526.717392
Trichomycterus areolatus,3,1385,-38,-72,117.0362694,101.5833359,1.895766663,6,3526.717392
Trichomycterus areolatus,2,5993,-36,-72,99.35238095,70.95833333,2.351056413,6,1160.414781
Trichomycterus areolatus,2,8536,-40,-73,50.04424779,189.2916641,13.57040073,3,971.5374943
Trichomycterus areolatus,3,1608,-38,-73,87.00401606,100.1915891,1,5,154.1941464
Trichomycterus areolatus,3,5243,-39,-72,134,134.3333333,3.894006396,5,628.0236726
Trichomycterus areolatus,4,4535,-39,-73,70.40178571,98.70238277,3.160259271,5,1745.722088
Trichomycterus areolatus,3,5243,-39,-72,134,134.3333333,3.894006396,5,628.0236726
Trichomycterus areolatus,4,4535,-39,-73,70.40178571,98.70238277,3.160259271,5,1745.722088
Trichomycterus areolatus,4,4535,-39,-73,70.40178571,98.70238277,3.160259271,5,1745.722088
Trichomycterus areolatus,4,4535,-39,-73,70.40178571,98.70238277,3.160259271,5,1745.722088
Trichomycterus areolatus,2,2753,-34,-71,324.9545455,49.77689481,3.956382362,6,165.4004226
Trichomycterus areolatus,2,2753,-34,-71,324.9545455,49.77689481,3.956382362,6,165.4004226
Trichomycterus areolatus,2,2753,-34,-71,324.9545455,49.77689481,3.956382362,6,165.4004226
Trichomycterus areolatus,2,2753,-34,-71,324.9545455,49.77689481,3.956382362,6,165.4004226
Trichomycterus areolatus,2,3708,-35,-71,146.7207207,64.8333346,2.378894906,6,1544.312195
Trichomycterus areolatus,12,1907,-37,-72,551.5406504,121.6116509,2.011950759,5,967.7092813
Trichomycterus areolatus,2,5993,-36,-72,99.35238095,70.95833333,2.351056413,6,1160.414781
Trichomycterus areolatus,1,8539,-40,-73,44.54807692,186.6944453,11.19482029,3,971.5374943
Trichomycterus areolatus,1,8539,-40,-73,44.54807692,186.6944453,11.19482029,3,971.5374943
Trichomycterus areolatus,1,1349,-38,-72,455.9098039,148.4282426,27.06829148,3,3019.392631
Trichomycterus areolatus,1,1349,-38,-72,455.9098039,148.4282426,27.06829148,3,3019.392631
Trichomycterus areolatus,1,8539,-40,-73,44.54807692,186.6944453,11.19482029,3,971.5374943
Trichomycterus areolatus,1,1349,-38,-72,455.9098039,148.4282426,27.06829148,3,3019.392631
Trichomycterus areolatus,1,1349,-38,-72,455.9098039,148.4282426,27.06829148,3,3019.392631
Trichomycterus areolatus,1,1349,-38,-72,455.9098039,148.4282426,27.06829148,3,3019.392631
Trichomycterus areolatus,1,1349,-38,-72,455.9098039,148.4282426,27.06829148,3,3019.392631
Trichomycterus areolatus,1,1349,-38,-72,455.9098039,148.4282426,27.06829148,3,3019.392631
Trichomycterus areolatus,2,5764,-36,-72,81.12037037,71.27777863,4.391394707,6,3290.497922
Trichomycterus areolatus,1,1349,-38,-72,455.9098039,148.4282426,27.06829148,3,3019.392631
Trichomycterus areolatus,2,5764,-36,-72,81.12037037,71.27777863,4.391394707,6,3290.497922
Trichomycterus areolatus,2,5764,-36,-72,81.12037037,71.27777863,4.391394707,6,3290.497922
Trichomycterus areolatus,1,1349,-38,-72,455.9098039,148.4282426,27.06829148,3,3019.392631
Trichomycterus areolatus,2,5764,-36,-72,81.12037037,71.27777863,4.391394707,6,3290.497922
Trichomycterus areolatus,2,5764,-36,-72,81.12037037,71.27777863,4.391394707,6,3290.497922
Trichomycterus areolatus,2,5764,-36,-72,81.12037037,71.27777863,4.391394707,6,3290.497922
Trichomycterus areolatus,3,5243,-39,-72,134,134.3333333,3.894006396,5,628.0236726
Trichomycterus areolatus,3,5243,-39,-72,134,134.3333333,3.894006396,5,628.0236726
Trichomycterus areolatus,3,5243,-39,-72,134,134.3333333,3.894006396,5,628.0236726
Trichomycterus areolatus,3,5243,-39,-72,134,134.3333333,3.894006396,5,628.0236726
Trichomycterus areolatus,1,7716,-34,-71,445.5423729,39.25,3.435491705,6,1141.36445
Trichomycterus areolatus,1,7716,-34,-71,445.5423729,39.25,3.435491705,6,1141.36445
Trichomycterus areolatus,1,1525,-37,-73,75.06299213,103.4748428,1.291669373,6,3526.717392
Trichomycterus areolatus,2,1907,-37,-72,551.5406504,121.6116509,2.011950759,5,967.7092813
Trichomycterus areolatus,2,5993,-36,-72,99.35238095,70.95833333,2.351056413,6,1160.414781
Trichomycterus areolatus,3,5243,-39,-72,134,134.3333333,3.894006396,5,628.0236726
Trichomycterus areolatus,3,5243,-39,-72,134,134.3333333,3.894006396,5,628.0236726
Trichomycterus areolatus,1,1760,-38,-73,79.125,103.338334,1.344648499,6,6261.697266
Trichomycterus areolatus,3,5243,-39,-72,134,134.3333333,3.894006396,5,628.0236726
Trichomycterus areolatus,12,1917,-37,-72,354.5454545,112.3168151,3.603549118,5,967.7092813
Trichomycterus areolatus,2,8539,-40,-73,44.54807692,186.6944453,11.19482029,3,971.5374943
Trichomycterus areolatus,1,1173,-38,-72,241.6390977,120.9665176,2.296090808,6,3526.717392
Trichomycterus areolatus,1,1173,-38,-72,241.6390977,120.9665176,2.296090808,6,3526.717392
Trichomycterus areolatus,4,4535,-39,-73,70.40178571,98.70238277,3.160259271,5,1745.722088
Trichomycterus areolatus,4,4535,-39,-73,70.40178571,98.70238277,3.160259271,5,1745.722088
Trichomycterus areolatus,4,4535,-39,-73,70.40178571,98.70238277,3.160259271,5,1745.722088
Trichomycterus areolatus,2,2753,-34,-71,324.9545455,49.77689481,3.956382362,6,165.4004226
Trichomycterus areolatus,2,2753,-34,-71,324.9545455,49.77689481,3.956382362,6,165.4004226
Trichomycterus areolatus,2,2753,-34,-71,324.9545455,49.77689481,3.956382362,6,165.4004226
Trichomycterus areolatus,4,4535,-39,-73,70.40178571,98.70238277,3.160259271,5,1745.722088
Trichomycterus areolatus,4,4535,-39,-73,70.40178571,98.70238277,3.160259271,5,1745.722088
Trichomycterus areolatus,4,4535,-39,-73,70.40178571,98.70238277,3.160259271,5,1745.722088
Trichomycterus areolatus,4,4535,-39,-73,70.40178571,98.70238277,3.160259271,5,1745.722088
Trichomycterus areolatus,4,4535,-39,-73,70.40178571,98.70238277,3.160259271,5,1745.722088
Trichomycterus areolatus,4,4535,-39,-73,70.40178571,98.70238277,3.160259271,5,1745.722088
Trichomycterus areolatus,3,5372,-35,-72,28.65137615,69.65,4.354146694,7,5570.866652
Trichomycterus areolatus,4,4535,-39,-73,70.40178571,98.70238277,3.160259271,5,1745.722088
Trichomycterus areolatus,1,8538,-40,-73,45.85964912,187.1979198,11.39652594,3,971.5374943
Trichomycterus areolatus,4,4535,-39,-73,70.40178571,98.70238277,3.160259271,5,1745.722088
Trichomycterus areolatus,2,2753,-34,-71,324.9545455,49.77689481,3.956382362,6,165.4004226
Trichomycterus areolatus,4,4535,-39,-73,70.40178571,98.70238277,3.160259271,5,1745.722088
Trichomycterus areolatus,1,6733,-39,-73,86.61666667,134.1309531,6.433685386,6,2359.225673
Trichomycterus areolatus,4,4535,-39,-73,70.40178571,98.70238277,3.160259271,5,1745.722088
Trichomycterus areolatus,3,1353,-38,-72,357.6867925,140.7681836,6.289933997,4,3019.392631
Trichomycterus areolatus,1,1524,-37,-73,74.05737705,102.6450002,1.207989798,6,3526.717392
Trichomycterus areolatus,12,1907,-37,-72,551.5406504,121.6116509,2.011950759,5,967.7092813
Trichomycterus areolatus,2,2752,-34,-71,339.8642534,50.17194534,3.611032486,6,165.4004226
Trichomycterus areolatus,2,2752,-34,-71,339.8642534,50.17194534,3.611032486,6,165.4004226
Trichomycterus areolatus,2,3708,-35,-71,146.7207207,64.8333346,2.378894906,6,1544.312195
Trichomycterus areolatus,2,2752,-34,-71,339.8642534,50.17194534,3.611032486,6,165.4004226
Trichomycterus areolatus,2,2752,-34,-71,339.8642534,50.17194534,3.611032486,6,165.4004226
Trichomycterus areolatus,1,1353,-38,-72,357.6867925,140.7681836,6.289933997,4,3019.392631
Trichomycterus areolatus,2,8507,-40,-73,38.5,185.2833344,2.664263362,4,971.5374943
Trichomycterus areolatus,2,8507,-40,-73,38.5,185.2833344,2.664263362,4,971.5374943
Trichomycterus areolatus,2,8507,-40,-73,38.5,185.2833344,2.664263362,4,971.5374943
Trichomycterus areolatus,2,8530,-40,-73,110.9545455,194.9500031,25.84003993,3,971.5374943
Trichomycterus areolatus,2,3708,-35,-71,146.7207207,64.8333346,2.378894906,6,1544.312195
Trichomycterus areolatus,2,3708,-35,-71,146.7207207,64.8333346,2.378894906,6,1544.312195
Trichomycterus areolatus,2,3708,-35,-71,146.7207207,64.8333346,2.378894906,6,1544.312195
Trichomycterus areolatus,2,3708,-35,-71,146.7207207,64.8333346,2.378894906,6,1544.312195
Trichomycterus areolatus,2,3708,-35,-71,146.7207207,64.8333346,2.378894906,6,1544.312195
Trichomycterus areolatus,2,3708,-35,-71,146.7207207,64.8333346,2.378894906,6,1544.312195
Trichomycterus areolatus,2,5717,-36,-72,89.8125,73.93333588,3.637341519,6,3290.497922
Trichomycterus areolatus,2,5717,-36,-72,89.8125,73.93333588,3.637341519,6,3290.497922
Trichomycterus areolatus,2,3708,-35,-71,146.7207207,64.8333346,2.378894906,6,1544.312195
Trichomycterus areolatus,2,3708,-35,-71,146.7207207,64.8333346,2.378894906,6,1544.312195
Trichomycterus areolatus,2,4044,-35,-71,201.1388889,64.74999891,4.342244125,4,1544.312195
Trichomycterus areolatus,2,3708,-35,-71,146.7207207,64.8333346,2.378894906,6,1544.312195
Trichomycterus areolatus,3,818,-37,-72,163.8802083,91.6588527,3.600447729,5,955.1016828
Trichomycterus areolatus,3,5756,-36,-72,109.3333333,75.56666718,4.452714519,4,257.240611
Trichomycterus areolatus,3,5756,-36,-72,109.3333333,75.56666718,4.452714519,4,257.240611
Trichomycterus areolatus,2,5993,-36,-72,99.35238095,70.95833333,2.351056413,6,1160.414781
Trichomycterus areolatus,3,5756,-36,-72,109.3333333,75.56666718,4.452714519,4,257.240611
Trichomycterus areolatus,3,5756,-36,-72,109.3333333,75.56666718,4.452714519,4,257.240611
Trichomycterus areolatus,3,1365,-38,-72,223.8059701,118.6614585,2.048679998,6,3526.717392
Trichomycterus areolatus,3,1365,-38,-72,223.8059701,118.6614585,2.048679998,6,3526.717392
Trichomycterus areolatus,3,1365,-38,-72,223.8059701,118.6614585,2.048679998,6,3526.717392
Trichomycterus areolatus,3,1365,-38,-72,223.8059701,118.6614585,2.048679998,6,3526.717392
Trichomycterus areolatus,2,2753,-34,-71,324.9545455,49.77689481,3.956382362,6,165.4004226
Trichomycterus areolatus,2,3708,-35,-71,146.7207207,64.8333346,2.378894906,6,1544.312195
Trichomycterus areolatus,2,4044,-35,-71,201.1388889,64.74999891,4.342244125,4,1544.312195
Trichomycterus areolatus,4,4535,-39,-73,70.40178571,98.70238277,3.160259271,5,1745.722088
Trichomycterus areolatus,4,4535,-39,-73,70.40178571,98.70238277,3.160259271,5,1745.722088
Trichomycterus areolatus,3,1563,-38,-72,161.2708333,108.7996618,3.086832117,4,419.5884732
Trichomycterus areolatus,1,1524,-37,-73,74.05737705,102.6450002,1.207989798,6,3526.717392
Trichomycterus areolatus,12,1907,-37,-72,551.5406504,121.6116509,2.011950759,5,967.7092813
Trichomycterus areolatus,12,1907,-37,-72,551.5406504,121.6116509,2.011950759,5,967.7092813
Trichomycterus areolatus,2,3708,-35,-71,146.7207207,64.8333346,2.378894906,6,1544.312195
Trichomycterus areolatus,2,3708,-35,-71,146.7207207,64.8333346,2.378894906,6,1544.312195
Trichomycterus areolatus,3,1385,-38,-72,117.0362694,101.5833359,1.895766663,6,3526.717392
Trichomycterus areolatus,3,1385,-38,-72,117.0362694,101.5833359,1.895766663,6,3526.717392
Trichomycterus areolatus,3,1385,-38,-72,117.0362694,101.5833359,1.895766663,6,3526.717392
Trichomycterus areolatus,3,1385,-38,-72,117.0362694,101.5833359,1.895766663,6,3526.717392
Trichomycterus areolatus,2,3708,-35,-71,146.7207207,64.8333346,2.378894906,6,1544.312195
Trichomycterus areolatus,2,3708,-35,-71,146.7207207,64.8333346,2.378894906,6,1544.312195
Trichomycterus areolatus,2,3708,-35,-71,146.7207207,64.8333346,2.378894906,6,1544.312195
Trichomycterus areolatus,2,3708,-35,-71,146.7207207,64.8333346,2.378894906,6,1544.312195
Trichomycterus areolatus,2,3708,-35,-71,146.7207207,64.8333346,2.378894906,6,1544.312195
Trichomycterus areolatus,3,5243,-39,-72,134,134.3333333,3.894006396,5,628.0236726
Trichomycterus areolatus,3,8538,-40,-73,45.85964912,187.1979198,11.39652594,3,971.5374943
Trichomycterus areolatus,3,8538,-40,-73,45.85964912,187.1979198,11.39652594,3,971.5374943
Trichomycterus areolatus,1,6733,-39,-73,86.61666667,134.1309531,6.433685386,6,2359.225673
Trichomycterus areolatus,2,5764,-36,-72,81.12037037,71.27777863,4.391394707,6,3290.497922
Trichomycterus areolatus,2,5764,-36,-72,81.12037037,71.27777863,4.391394707,6,3290.497922
Trichomycterus areolatus,1,1349,-38,-72,455.9098039,148.4282426,27.06829148,3,3019.392631
Trichomycterus areolatus,2,3708,-35,-71,146.7207207,64.8333346,2.378894906,6,1544.312195
Trichomycterus areolatus,2,8538,-40,-73,45.85964912,187.1979198,11.39652594,3,971.5374943
Trichomycterus areolatus,3,8538,-40,-73,45.85964912,187.1979198,11.39652594,3,971.5374943
Trichomycterus areolatus,3,5243,-39,-72,134,134.3333333,3.894006396,5,628.0236726
Trichomycterus areolatus,1,1342,-38,-72,366.6785714,158.8839576,5.299810607,6,3019.392631
Trichomycterus areolatus,1,1342,-38,-72,366.6785714,158.8839576,5.299810607,6,3019.392631
Trichomycterus areolatus,2,4044,-35,-71,201.1388889,64.74999891,4.342244125,4,1544.312195
Trichomycterus areolatus,2,5993,-36,-72,99.35238095,70.95833333,2.351056413,6,1160.414781
Trichomycterus areolatus,2,5993,-36,-72,99.35238095,70.95833333,2.351056413,6,1160.414781
Trichomycterus areolatus,3,1385,-38,-72,117.0362694,101.5833359,1.895766663,6,3526.717392
Trichomycterus areolatus,3,1385,-38,-72,117.0362694,101.5833359,1.895766663,6,3526.717392
Trichomycterus areolatus,3,1385,-38,-72,117.0362694,101.5833359,1.895766663,6,3526.717392
Trichomycterus areolatus,3,1385,-38,-72,117.0362694,101.5833359,1.895766663,6,3526.717392
Trichomycterus areolatus,3,1385,-38,-72,117.0362694,101.5833359,1.895766663,6,3526.717392
Trichomycterus areolatus,2,5993,-36,-72,99.35238095,70.95833333,2.351056413,6,1160.414781
Trichomycterus areolatus,3,1385,-38,-72,117.0362694,101.5833359,1.895766663,6,3526.717392
Trichomycterus areolatus,2,5993,-36,-72,99.35238095,70.95833333,2.351056413,6,1160.414781
Trichomycterus areolatus,2,8539,-40,-73,44.54807692,186.6944453,11.19482029,3,971.5374943
Trichomycterus areolatus,1,8530,-40,-73,110.9545455,194.9500031,25.84003993,3,971.5374943
Trichomycterus areolatus,1,8530,-40,-73,110.9545455,194.9500031,25.84003993,3,971.5374943
Trichomycterus areolatus,3,5756,-36,-72,109.3333333,75.56666718,4.452714519,4,257.240611
Trichomycterus areolatus,2,5993,-36,-72,99.35238095,70.95833333,2.351056413,6,1160.414781
Trichomycterus areolatus,2,5993,-36,-72,99.35238095,70.95833333,2.351056413,6,1160.414781
Trichomycterus areolatus,2,8539,-40,-73,44.54807692,186.6944453,11.19482029,3,971.5374943
Trichomycterus areolatus,3,5756,-36,-72,109.3333333,75.56666718,4.452714519,4,257.240611
Trichomycterus areolatus,2,1916,-37,-72,369.6431535,113.0148534,4.216141644,5,967.7092813
Trichomycterus areolatus,3,1608,-38,-73,87.00401606,100.1915891,1,5,154.1941464
Trichomycterus areolatus,1,1173,-38,-72,241.6390977,120.9665176,2.296090808,6,3526.717392
Trichomycterus areolatus,3,1608,-38,-73,87.00401606,100.1915891,1,5,154.1941464
Trichomycterus areolatus,2,8536,-40,-73,50.04424779,189.2916641,13.57040073,3,971.5374943
Trichomycterus areolatus,4,4535,-39,-73,70.40178571,98.70238277,3.160259271,5,1745.722088
Trichomycterus areolatus,3,5243,-39,-72,134,134.3333333,3.894006396,5,628.0236726
Trichomycterus areolatus,3,5243,-39,-72,134,134.3333333,3.894006396,5,628.0236726
Trichomycterus areolatus,1,8538,-40,-73,45.85964912,187.1979198,11.39652594,3,971.5374943
Trichomycterus areolatus,1,8538,-40,-73,45.85964912,187.1979198,11.39652594,3,971.5374943
Trichomycterus areolatus,2,2753,-34,-71,324.9545455,49.77689481,3.956382362,6,165.4004226
Trichomycterus areolatus,2,2753,-34,-71,324.9545455,49.77689481,3.956382362,6,165.4004226
Trichomycterus areolatus,4,4535,-39,-73,70.40178571,98.70238277,3.160259271,5,1745.722088
Trichomycterus areolatus,4,4535,-39,-73,70.40178571,98.70238277,3.160259271,5,1745.722088
Trichomycterus areolatus,2,3708,-35,-71,146.7207207,64.8333346,2.378894906,6,1544.312195
Trichomycterus areolatus,2,3708,-35,-71,146.7207207,64.8333346,2.378894906,6,1544.312195
Trichomycterus areolatus,1,1353,-38,-72,357.6867925,140.7681836,6.289933997,4,3019.392631
Trichomycterus areolatus,4,4535,-39,-73,70.40178571,98.70238277,3.160259271,5,1745.722088
Trichomycterus areolatus,12,1907,-37,-72,551.5406504,121.6116509,2.011950759,5,967.7092813
Trichomycterus areolatus,2,1916,-37,-72,369.6431535,113.0148534,4.216141644,5,967.7092813
Trichomycterus areolatus,2,8538,-40,-73,45.85964912,187.1979198,11.39652594,3,971.5374943
Trichomycterus areolatus,3,1609,-38,-73,86.55078125,100.1896818,1,5,154.1941464
Trichomycterus areolatus,1,1173,-38,-72,241.6390977,120.9665176,2.296090808,6,3526.717392
Trichomycterus areolatus,1,1173,-38,-72,241.6390977,120.9665176,2.296090808,6,3526.717392
Trichomycterus areolatus,3,1609,-38,-73,86.55078125,100.1896818,1,5,154.1941464
Trichomycterus areolatus,2,5764,-36,-72,81.12037037,71.27777863,4.391394707,6,3290.497922
Trichomycterus areolatus,3,5243,-39,-72,134,134.3333333,3.894006396,5,628.0236726
Trichomycterus areolatus,3,1609,-38,-73,86.55078125,100.1896818,1,5,154.1941464
Trichomycterus areolatus,3,5243,-39,-72,134,134.3333333,3.894006396,5,628.0236726
Trichomycterus areolatus,2,5764,-36,-72,81.12037037,71.27777863,4.391394707,6,3290.497922
Trichomycterus areolatus,1,1349,-38,-72,455.9098039,148.4282426,27.06829148,3,3019.392631
Trichomycterus areolatus,1,6733,-39,-73,86.61666667,134.1309531,6.433685386,6,2359.225673
Trichomycterus areolatus,3,5243,-39,-72,134,134.3333333,3.894006396,5,628.0236726
Trichomycterus areolatus,2,5764,-36,-72,81.12037037,71.27777863,4.391394707,6,3290.497922
Trichomycterus areolatus,2,5764,-36,-72,81.12037037,71.27777863,4.391394707,6,3290.497922
Trichomycterus areolatus,1,1349,-38,-72,455.9098039,148.4282426,27.06829148,3,3019.392631
Trichomycterus areolatus,3,1563,-38,-72,161.2708333,108.7996618,3.086832117,4,419.5884732
Trichomycterus areolatus,3,5756,-36,-72,109.3333333,75.56666718,4.452714519,4,257.240611
Trichomycterus areolatus,2,5764,-36,-72,81.12037037,71.27777863,4.391394707,6,3290.497922
Trichomycterus areolatus,2,5764,-36,-72,81.12037037,71.27777863,4.391394707,6,3290.497922
Trichomycterus areolatus,2,5764,-36,-72,81.12037037,71.27777863,4.391394707,6,3290.497922
Trichomycterus areolatus,2,5764,-36,-72,81.12037037,71.27777863,4.391394707,6,3290.497922
Trichomycterus areolatus,2,5764,-36,-72,81.12037037,71.27777863,4.391394707,6,3290.497922
Trichomycterus areolatus,1,2062,-38,-72,298.8237548,132.9436729,13.7936481,6,3019.392631
Trichomycterus areolatus,1,8507,-40,-73,38.5,185.2833344,2.664263362,4,971.5374943
Trichomycterus areolatus,3,5243,-39,-72,134,134.3333333,3.894006396,5,628.0236726
Trichomycterus areolatus,1,7716,-34,-71,445.5423729,39.25,3.435491705,6,1141.36445
Trichomycterus areolatus,1,7716,-34,-71,445.5423729,39.25,3.435491705,6,1141.36445
Trichomycterus areolatus,1,7716,-34,-71,445.5423729,39.25,3.435491705,6,1141.36445
Trichomycterus areolatus,1,7716,-34,-71,445.5423729,39.25,3.435491705,6,1141.36445
Trichomycterus areolatus,3,1921,-37,-72,308.4888889,113.9680038,3.428372948,5,967.7092813
Trichomycterus areolatus,3,1549,-38,-72,276.0629921,129.6355156,11.21314184,4,419.5884732
Trichomycterus areolatus,3,5243,-39,-72,134,134.3333333,3.894006396,5,628.0236726
Trichomycterus areolatus,3,5243,-39,-72,134,134.3333333,3.894006396,5,628.0236726
Trichomycterus areolatus,1,7862,-34,-70,909.8095238,50.29166603,13.99677827,4,110.863717
Trichomycterus areolatus,1,7862,-34,-70,909.8095238,50.29166603,13.99677827,4,110.863717
Trichomycterus areolatus,4,644,-37,-72,165.7529412,94.2245101,4.587652144,3,656.0660846
Trichomycterus areolatus,4,644,-37,-72,165.7529412,94.2245101,4.587652144,3,656.0660846
Trichomycterus areolatus,3,818,-37,-72,163.8802083,91.6588527,3.600447729,5,955.1016828
Trichomycterus areolatus,2,5993,-36,-72,99.35238095,70.95833333,2.351056413,6,1160.414781
Trichomycterus areolatus,3,5756,-36,-72,109.3333333,75.56666718,4.452714519,4,257.240611
Trichomycterus areolatus,2,1916,-37,-72,369.6431535,113.0148534,4.216141644,5,967.7092813
Trichomycterus areolatus,2,1916,-37,-72,369.6431535,113.0148534,4.216141644,5,967.7092813
Trichomycterus areolatus,2,1916,-37,-72,369.6431535,113.0148534,4.216141644,5,967.7092813
Trichomycterus areolatus,1,1760,-38,-73,79.125,103.338334,1.344648499,6,6261.697266
Trichomycterus areolatus,4,4535,-39,-73,70.40178571,98.70238277,3.160259271,5,1745.722088
Trichomycterus areolatus,2,2753,-34,-71,324.9545455,49.77689481,3.956382362,6,165.4004226
Trichomycterus areolatus,2,2753,-34,-71,324.9545455,49.77689481,3.956382362,6,165.4004226
Trichomycterus areolatus,4,4535,-39,-73,70.40178571,98.70238277,3.160259271,5,1745.722088
Trichomycterus areolatus,2,2753,-34,-71,324.9545455,49.77689481,3.956382362,6,165.4004226
Trichomycterus areolatus,2,2753,-34,-71,324.9545455,49.77689481,3.956382362,6,165.4004226
Trichomycterus areolatus,3,5372,-35,-72,28.65137615,69.65,4.354146694,7,5570.866652
Trichomycterus areolatus,4,4535,-39,-73,70.40178571,98.70238277,3.160259271,5,1745.722088
Trichomycterus areolatus,4,4535,-39,-73,70.40178571,98.70238277,3.160259271,5,1745.722088
Trichomycterus areolatus,3,5372,-35,-72,28.65137615,69.65,4.354146694,7,5570.866652
Trichomycterus areolatus,2,2753,-34,-71,324.9545455,49.77689481,3.956382362,6,165.4004226
Trichomycterus areolatus,1,1760,-38,-73,79.125,103.338334,1.344648499,6,6261.697266
Trichomycterus areolatus,1,1524,-37,-73,74.05737705,102.6450002,1.207989798,6,3526.717392
Trichomycterus areolatus,1,1524,-37,-73,74.05737705,102.6450002,1.207989798,6,3526.717392
Trichomycterus areolatus,2,3708,-35,-71,146.7207207,64.8333346,2.378894906,6,1544.312195
Trichomycterus areolatus,1,1524,-37,-73,74.05737705,102.6450002,1.207989798,6,3526.717392
Trichomycterus areolatus,4,4535,-39,-73,70.40178571,98.70238277,3.160259271,5,1745.722088
Trichomycterus areolatus,12,1907,-37,-72,551.5406504,121.6116509,2.011950759,5,967.7092813
Trichomycterus areolatus,12,1907,-37,-72,551.5406504,121.6116509,2.011950759,5,967.7092813
Trichomycterus areolatus,12,1907,-37,-72,551.5406504,121.6116509,2.011950759,5,967.7092813
Trichomycterus areolatus,2,2752,-34,-71,339.8642534,50.17194534,3.611032486,6,165.4004226
Trichomycterus areolatus,2,2752,-34,-71,339.8642534,50.17194534,3.611032486,6,165.4004226
Trichomycterus areolatus,2,3708,-35,-71,146.7207207,64.8333346,2.378894906,6,1544.312195
Trichomycterus areolatus,2,1916,-37,-72,369.6431535,113.0148534,4.216141644,5,967.7092813
Trichomycterus areolatus,3,8539,-40,-73,44.54807692,186.6944453,11.19482029,3,971.5374943
Trichomycterus areolatus,3,1563,-38,-72,161.2708333,108.7996618,3.086832117,4,419.5884732
Trichomycterus areolatus,1,1353,-38,-72,357.6867925,140.7681836,6.289933997,4,3019.392631
Trichomycterus areolatus,1,1351,-38,-72,403.459144,142.8271616,4.5816708,3,3019.392631
Trichomycterus areolatus,2,8507,-40,-73,38.5,185.2833344,2.664263362,4,971.5374943
Trichomycterus areolatus,2,8507,-40,-73,38.5,185.2833344,2.664263362,4,971.5374943
Trichomycterus areolatus,2,8507,-40,-73,38.5,185.2833344,2.664263362,4,971.5374943
Trichomycterus areolatus,2,8507,-40,-73,38.5,185.2833344,2.664263362,4,971.5374943
Trichomycterus areolatus,4,4535,-39,-73,70.40178571,98.70238277,3.160259271,5,1745.722088
Trichomycterus areolatus,2,8530,-40,-73,110.9545455,194.9500031,25.84003993,3,971.5374943
Trichomycterus areolatus,2,5764,-36,-72,81.12037037,71.27777863,4.391394707,6,3290.497922
Trichomycterus areolatus,2,8538,-40,-73,45.85964912,187.1979198,11.39652594,3,971.5374943
Trichomycterus areolatus,2,8538,-40,-73,45.85964912,187.1979198,11.39652594,3,971.5374943
Trichomycterus areolatus,2,5764,-36,-72,81.12037037,71.27777863,4.391394707,6,3290.497922
Trichomycterus areolatus,2,5764,-36,-72,81.12037037,71.27777863,4.391394707,6,3290.497922
Trichomycterus areolatus,1,1524,-37,-73,74.05737705,102.6450002,1.207989798,6,3526.717392
Trichomycterus areolatus,1,1524,-37,-73,74.05737705,102.6450002,1.207989798,6,3526.717392
Trichomycterus areolatus,2,5717,-36,-72,89.8125,73.93333588,3.637341519,6,3290.497922
Trichomycterus areolatus,3,5243,-39,-72,134,134.3333333,3.894006396,5,628.0236726
Trichomycterus areolatus,2,5717,-36,-72,89.8125,73.93333588,3.637341519,6,3290.497922
Trichomycterus areolatus,2,1916,-37,-72,369.6431535,113.0148534,4.216141644,5,967.7092813
Trichomycterus areolatus,12,1916,-37,-72,369.6431535,113.0148534,4.216141644,5,967.7092813
Trichomycterus areolatus,2,1907,-37,-72,551.5406504,121.6116509,2.011950759,5,967.7092813
Trichomycterus areolatus,3,1174,-38,-72,187.8987854,111.7043264,1.16080209,6,3526.717392
Trichomycterus areolatus,3,1174,-38,-72,187.8987854,111.7043264,1.16080209,6,3526.717392
Trichomycterus areolatus,3,8536,-40,-73,50.04424779,189.2916641,13.57040073,3,971.5374943
Trichomycterus areolatus,3,818,-37,-72,163.8802083,91.6588527,3.600447729,5,955.1016828
Trichomycterus areolatus,3,5756,-36,-72,109.3333333,75.56666718,4.452714519,4,257.240611
Trichomycterus areolatus,3,5756,-36,-72,109.3333333,75.56666718,4.452714519,4,257.240611
Trichomycterus areolatus,3,5756,-36,-72,109.3333333,75.56666718,4.452714519,4,257.240611
Trichomycterus areolatus,3,818,-37,-72,163.8802083,91.6588527,3.600447729,5,955.1016828
Trichomycterus areolatus,2,5993,-36,-72,99.35238095,70.95833333,2.351056413,6,1160.414781
Trichomycterus areolatus,3,5756,-36,-72,109.3333333,75.56666718,4.452714519,4,257.240611
Trichomycterus areolatus,1,2062,-38,-72,298.8237548,132.9436729,13.7936481,6,3019.392631
Trichomycterus areolatus,2,8539,-40,-73,44.54807692,186.6944453,11.19482029,3,971.5374943
Trichomycterus areolatus,2,1916,-37,-72,369.6431535,113.0148534,4.216141644,5,967.7092813
Trichomycterus areolatus,2,2753,-34,-71,324.9545455,49.77689481,3.956382362,6,165.4004226
Trichomycterus areolatus,3,8507,-40,-73,38.5,185.2833344,2.664263362,4,971.5374943
Trichomycterus areolatus,3,5243,-39,-72,134,134.3333333,3.894006396,5,628.0236726
Trichomycterus areolatus,2,1916,-37,-72,369.6431535,113.0148534,4.216141644,5,967.7092813
Trichomycterus areolatus,1,1760,-38,-73,79.125,103.338334,1.344648499,6,6261.697266
Trichomycterus areolatus,2,3708,-35,-71,146.7207207,64.8333346,2.378894906,6,1544.312195
Trichomycterus areolatus,3,5372,-35,-72,28.65137615,69.65,4.354146694,7,5570.866652
Trichomycterus areolatus,4,4535,-39,-73,70.40178571,98.70238277,3.160259271,5,1745.722088
Trichomycterus areolatus,1,1524,-37,-73,74.05737705,102.6450002,1.207989798,6,3526.717392
Trichomycterus areolatus,2,3708,-35,-71,146.7207207,64.8333346,2.378894906,6,1544.312195
Trichomycterus areolatus,2,3708,-35,-71,146.7207207,64.8333346,2.378894906,6,1544.312195
Trichomycterus areolatus,3,8539,-40,-73,44.54807692,186.6944453,11.19482029,3,971.5374943
Trichomycterus areolatus,2,1916,-37,-72,369.6431535,113.0148534,4.216141644,5,967.7092813
Trichomycterus areolatus,2,8538,-40,-73,45.85964912,187.1979198,11.39652594,3,971.5374943
Trichomycterus areolatus,2,2752,-34,-71,339.8642534,50.17194534,3.611032486,6,165.4004226
Trichomycterus areolatus,2,3708,-35,-71,146.7207207,64.8333346,2.378894906,6,1544.312195
Trichomycterus areolatus,12,1907,-37,-72,551.5406504,121.6116509,2.011950759,5,967.7092813
Trichomycterus areolatus,3,8539,-40,-73,44.54807692,186.6944453,11.19482029,3,971.5374943
Trichomycterus areolatus,12,1907,-37,-72,551.5406504,121.6116509,2.011950759,5,967.7092813
Trichomycterus areolatus,3,1385,-38,-72,117.0362694,101.5833359,1.895766663,6,3526.717392
Trichomycterus areolatus,3,1385,-38,-72,117.0362694,101.5833359,1.895766663,6,3526.717392
Trichomycterus areolatus,3,1385,-38,-72,117.0362694,101.5833359,1.895766663,6,3526.717392
Trichomycterus areolatus,2,3708,-35,-71,146.7207207,64.8333346,2.378894906,6,1544.312195
Trichomycterus areolatus,4,6187,-35,-72,34.48484848,70.86666718,4.428001112,7,5570.866652
Trichomycterus areolatus,4,6187,-35,-72,34.48484848,70.86666718,4.428001112,7,5570.866652
Trichomycterus areolatus,4,6187,-35,-72,34.48484848,70.86666718,4.428001112,7,5570.866652
Trichomycterus areolatus,3,8538,-40,-73,45.85964912,187.1979198,11.39652594,3,971.5374943
Trichomycterus areolatus,1,6733,-39,-73,86.61666667,134.1309531,6.433685386,6,2359.225673
Trichomycterus areolatus,1,6733,-39,-73,86.61666667,134.1309531,6.433685386,6,2359.225673
Trichomycterus areolatus,1,6733,-39,-73,86.61666667,134.1309531,6.433685386,6,2359.225673
Trichomycterus areolatus,2,8538,-40,-73,45.85964912,187.1979198,11.39652594,3,971.5374943
Trichomycterus areolatus,2,8538,-40,-73,45.85964912,187.1979198,11.39652594,3,971.5374943
Trichomycterus areolatus,1,1524,-37,-73,74.05737705,102.6450002,1.207989798,6,3526.717392
Trichomycterus areolatus,1,8507,-40,-73,38.5,185.2833344,2.664263362,4,971.5374943
Trichomycterus areolatus,1,8507,-40,-73,38.5,185.2833344,2.664263362,4,971.5374943
Trichomycterus areolatus,2,5717,-36,-72,89.8125,73.93333588,3.637341519,6,3290.497922
Trichomycterus areolatus,3,8538,-40,-73,45.85964912,187.1979198,11.39652594,3,971.5374943
Trichomycterus areolatus,1,7716,-34,-71,445.5423729,39.25,3.435491705,6,1141.36445
Trichomycterus areolatus,1,7716,-34,-71,445.5423729,39.25,3.435491705,6,1141.36445
Trichomycterus areolatus,2,5993,-36,-72,99.35238095,70.95833333,2.351056413,6,1160.414781
Trichomycterus areolatus,3,1385,-38,-72,117.0362694,101.5833359,1.895766663,6,3526.717392
Trichomycterus areolatus,2,6775,-39,-73,91.29090909,139.761904,7.73398954,4,195.4099444
Trichomycterus areolatus,2,6775,-39,-73,91.29090909,139.761904,7.73398954,4,195.4099444
Trichomycterus areolatus,2,6775,-39,-73,91.29090909,139.761904,7.73398954,4,195.4099444
Trichomycterus areolatus,2,8539,-40,-73,44.54807692,186.6944453,11.19482029,3,971.5374943
Trichomycterus areolatus,3,1385,-38,-72,117.0362694,101.5833359,1.895766663,6,3526.717392
Trichomycterus areolatus,3,1385,-38,-72,117.0362694,101.5833359,1.895766663,6,3526.717392
Trichomycterus areolatus,2,5993,-36,-72,99.35238095,70.95833333,2.351056413,6,1160.414781
Trichomycterus areolatus,2,5993,-36,-72,99.35238095,70.95833333,2.351056413,6,1160.414781
Trichomycterus areolatus,3,818,-37,-72,163.8802083,91.6588527,3.600447729,5,955.1016828
Trichomycterus areolatus,3,5372,-35,-72,28.65137615,69.65,4.354146694,7,5570.866652
Trichomycterus areolatus,3,5243,-39,-72,134,134.3333333,3.894006396,5,628.0236726
Trichomycterus areolatus,3,5243,-39,-72,134,134.3333333,3.894006396,5,628.0236726
Trichomycterus areolatus,3,5243,-39,-72,134,134.3333333,3.894006396,5,628.0236726
Trichomycterus areolatus,3,5243,-39,-72,134,134.3333333,3.894006396,5,628.0236726
Trichomycterus areolatus,3,5243,-39,-72,134,134.3333333,3.894006396,5,628.0236726
Trichomycterus areolatus,2,2753,-34,-71,324.9545455,49.77689481,3.956382362,6,165.4004226
Trichomycterus areolatus,2,3708,-35,-71,146.7207207,64.8333346,2.378894906,6,1544.312195
Trichomycterus areolatus,4,4535,-39,-73,70.40178571,98.70238277,3.160259271,5,1745.722088
Trichomycterus areolatus,2,3708,-35,-71,146.7207207,64.8333346,2.378894906,6,1544.312195
Trichomycterus areolatus,3,1563,-38,-72,161.2708333,108.7996618,3.086832117,4,419.5884732
Trichomycterus areolatus,1,1525,-37,-73,75.06299213,103.4748428,1.291669373,6,3526.717392
Trichomycterus areolatus,2,3708,-35,-71,146.7207207,64.8333346,2.378894906,6,1544.312195
Trichomycterus areolatus,2,3708,-35,-71,146.7207207,64.8333346,2.378894906,6,1544.312195
Trichomycterus areolatus,3,1353,-38,-72,357.6867925,140.7681836,6.289933997,4,3019.392631
Trichomycterus areolatus,2,2752,-34,-71,339.8642534,50.17194534,3.611032486,6,165.4004226
Trichomycterus areolatus,2,5993,-36,-72,99.35238095,70.95833333,2.351056413,6,1160.414781
Trichomycterus areolatus,1,1173,-38,-72,241.6390977,120.9665176,2.296090808,6,3526.717392
Trichomycterus areolatus,3,1609,-38,-73,86.55078125,100.1896818,1,5,154.1941464
Trichomycterus areolatus,2,5764,-36,-72,81.12037037,71.27777863,4.391394707,6,3290.497922
Trichomycterus areolatus,3,1609,-38,-73,86.55078125,100.1896818,1,5,154.1941464
Trichomycterus areolatus,1,1342,-38,-72,366.6785714,158.8839576,5.299810607,6,3019.392631
Trichomycterus areolatus,3,818,-37,-72,163.8802083,91.6588527,3.600447729,5,955.1016828
Trichomycterus areolatus,3,818,-37,-72,163.8802083,91.6588527,3.600447729,5,955.1016828
Trichomycterus areolatus,4,4535,-39,-73,70.40178571,98.70238277,3.160259271,5,1745.722088
Trichomycterus areolatus,1,1349,-38,-72,455.9098039,148.4282426,27.06829148,3,3019.392631
Trichomycterus areolatus,2,5717,-36,-72,89.8125,73.93333588,3.637341519,6,3290.497922
Trichomycterus areolatus,3,5243,-39,-72,134,134.3333333,3.894006396,5,628.0236726
Trichomycterus areolatus,1,7716,-34,-71,445.5423729,39.25,3.435491705,6,1141.36445
Trichomycterus areolatus,1,7716,-34,-71,445.5423729,39.25,3.435491705,6,1141.36445
Trichomycterus areolatus,1,7716,-34,-71,445.5423729,39.25,3.435491705,6,1141.36445
Trichomycterus areolatus,3,1549,-38,-72,276.0629921,129.6355156,11.21314184,4,419.5884732
Trichomycterus areolatus,1,1760,-38,-73,79.125,103.338334,1.344648499,6,6261.697266
Trichomycterus areolatus,1,7716,-34,-71,445.5423729,39.25,3.435491705,6,1141.36445
Trichomycterus areolatus,1,7716,-34,-71,445.5423729,39.25,3.435491705,6,1141.36445
Trichomycterus areolatus,1,7862,-34,-70,909.8095238,50.29166603,13.99677827,4,110.863717
Trichomycterus areolatus,3,5372,-35,-72,28.65137615,69.65,4.354146694,7,5570.866652
Trichomycterus areolatus,3,818,-37,-72,163.8802083,91.6588527,3.600447729,5,955.1016828
Trichomycterus areolatus,3,5756,-36,-72,109.3333333,75.56666718,4.452714519,4,257.240611
Trichomycterus areolatus,3,1608,-38,-73,87.00401606,100.1915891,1,5,154.1941464
Trichomycterus areolatus,1,1349,-38,-72,455.9098039,148.4282426,27.06829148,3,3019.392631
Trichomycterus areolatus,2,2753,-34,-71,324.9545455,49.77689481,3.956382362,6,165.4004226
Trichomycterus areolatus,1,8536,-40,-73,50.04424779,189.2916641,13.57040073,3,971.5374943
Trichomycterus areolatus,2,2753,-34,-71,324.9545455,49.77689481,3.956382362,6,165.4004226
Trichomycterus areolatus,1,1349,-38,-72,455.9098039,148.4282426,27.06829148,3,3019.392631
Trichomycterus areolatus,1,1349,-38,-72,455.9098039,148.4282426,27.06829148,3,3019.392631
Trichomycterus areolatus,1,8538,-40,-73,45.85964912,187.1979198,11.39652594,3,971.5374943
Trichomycterus areolatus,4,4535,-39,-73,70.40178571,98.70238277,3.160259271,5,1745.722088
Trichomycterus areolatus,4,4535,-39,-73,70.40178571,98.70238277,3.160259271,5,1745.722088
Trichomycterus areolatus,1,8538,-40,-73,45.85964912,187.1979198,11.39652594,3,971.5374943
Trichomycterus areolatus,2,2753,-34,-71,324.9545455,49.77689481,3.956382362,6,165.4004226
Trichomycterus areolatus,2,2753,-34,-71,324.9545455,49.77689481,3.956382362,6,165.4004226
Trichomycterus areolatus,4,4535,-39,-73,70.40178571,98.70238277,3.160259271,5,1745.722088
Trichomycterus areolatus,4,4535,-39,-73,70.40178571,98.70238277,3.160259271,5,1745.722088
Trichomycterus areolatus,1,1760,-38,-73,79.125,103.338334,1.344648499,6,6261.697266
Trichomycterus areolatus,2,3708,-35,-71,146.7207207,64.8333346,2.378894906,6,1544.312195
Trichomycterus areolatus,2,3708,-35,-71,146.7207207,64.8333346,2.378894906,6,1544.312195
Trichomycterus areolatus,2,3708,-35,-71,146.7207207,64.8333346,2.378894906,6,1544.312195
Trichomycterus areolatus,2,8538,-40,-73,45.85964912,187.1979198,11.39652594,3,971.5374943
Trichomycterus areolatus,2,1916,-37,-72,369.6431535,113.0148534,4.216141644,5,967.7092813
Trichomycterus areolatus,2,3708,-35,-71,146.7207207,64.8333346,2.378894906,6,1544.312195
Trichomycterus areolatus,3,8539,-40,-73,44.54807692,186.6944453,11.19482029,3,971.5374943
Trichomycterus areolatus,2,3708,-35,-71,146.7207207,64.8333346,2.378894906,6,1544.312195
Trichomycterus areolatus,12,1916,-37,-72,369.6431535,113.0148534,4.216141644,5,967.7092813
Trichomycterus areolatus,2,2752,-34,-71,339.8642534,50.17194534,3.611032486,6,165.4004226
Trichomycterus areolatus,2,2752,-34,-71,339.8642534,50.17194534,3.611032486,6,165.4004226
Trichomycterus areolatus,2,2752,-34,-71,339.8642534,50.17194534,3.611032486,6,165.4004226
Trichomycterus areolatus,2,8507,-40,-73,38.5,185.2833344,2.664263362,4,971.5374943
Trichomycterus areolatus,1,1351,-38,-72,403.459144,142.8271616,4.5816708,3,3019.392631
Trichomycterus areolatus,2,8507,-40,-73,38.5,185.2833344,2.664263362,4,971.5374943
Trichomycterus areolatus,2,1933,-37,-72,178.921875,105.1404316,4.258407648,5,967.7092813
Trichomycterus areolatus,2,8539,-40,-73,44.54807692,186.6944453,11.19482029,3,971.5374943
Trichomycterus areolatus,4,4535,-39,-73,70.40178571,98.70238277,3.160259271,5,1745.722088
Trichomycterus areolatus,4,4535,-39,-73,70.40178571,98.70238277,3.160259271,5,1745.722088
Trichomycterus areolatus,1,6733,-39,-73,86.61666667,134.1309531,6.433685386,6,2359.225673
Trichomycterus areolatus,2,8538,-40,-73,45.85964912,187.1979198,11.39652594,3,971.5374943
Trichomycterus areolatus,3,818,-37,-72,163.8802083,91.6588527,3.600447729,5,955.1016828
Trichomycterus areolatus,3,5756,-36,-72,109.3333333,75.56666718,4.452714519,4,257.240611
Trichomycterus areolatus,2,5993,-36,-72,99.35238095,70.95833333,2.351056413,6,1160.414781
Trichomycterus areolatus,1,1349,-38,-72,455.9098039,148.4282426,27.06829148,3,3019.392631
Trichomycterus areolatus,3,818,-37,-72,163.8802083,91.6588527,3.600447729,5,955.1016828
Trichomycterus areolatus,3,8538,-40,-73,45.85964912,187.1979198,11.39652594,3,971.5374943
Trichomycterus areolatus,2,3708,-35,-71,146.7207207,64.8333346,2.378894906,6,1544.312195
Trichomycterus areolatus,2,3708,-35,-71,146.7207207,64.8333346,2.378894906,6,1544.312195
Trichomycterus areolatus,1,8507,-40,-73,38.5,185.2833344,2.664263362,4,971.5374943
Trichomycterus areolatus,1,8507,-40,-73,38.5,185.2833344,2.664263362,4,971.5374943
Trichomycterus areolatus,2,1916,-37,-72,369.6431535,113.0148534,4.216141644,5,967.7092813
Trichomycterus areolatus,2,1916,-37,-72,369.6431535,113.0148534,4.216141644,5,967.7092813
Trichomycterus areolatus,2,1916,-37,-72,369.6431535,113.0148534,4.216141644,5,967.7092813
Trichomycterus areolatus,2,5717,-36,-72,89.8125,73.93333588,3.637341519,6,3290.497922
Trichomycterus areolatus,12,1916,-37,-72,369.6431535,113.0148534,4.216141644,5,967.7092813
Trichomycterus areolatus,2,5993,-36,-72,99.35238095,70.95833333,2.351056413,6,1160.414781
Trichomycterus areolatus,2,3708,-35,-71,146.7207207,64.8333346,2.378894906,6,1544.312195
Trichomycterus areolatus,2,3708,-35,-71,146.7207207,64.8333346,2.378894906,6,1544.312195
Trichomycterus areolatus,2,3708,-35,-71,146.7207207,64.8333346,2.378894906,6,1544.312195
Trichomycterus areolatus,3,8536,-40,-73,50.04424779,189.2916641,13.57040073,3,971.5374943
Trichomycterus areolatus,3,818,-37,-72,163.8802083,91.6588527,3.600447729,5,955.1016828
Trichomycterus areolatus,3,818,-37,-72,163.8802083,91.6588527,3.600447729,5,955.1016828
Trichomycterus areolatus,4,4535,-39,-73,70.40178571,98.70238277,3.160259271,5,1745.722088
Trichomycterus areolatus,3,5756,-36,-72,109.3333333,75.56666718,4.452714519,4,257.240611
Trichomycterus areolatus,2,5993,-36,-72,99.35238095,70.95833333,2.351056413,6,1160.414781
Trichomycterus areolatus,3,5756,-36,-72,109.3333333,75.56666718,4.452714519,4,257.240611
Trichomycterus areolatus,3,5756,-36,-72,109.3333333,75.56666718,4.452714519,4,257.240611
Trichomycterus areolatus,1,2062,-38,-72,298.8237548,132.9436729,13.7936481,6,3019.392631
Trichomycterus areolatus,3,8507,-40,-73,38.5,185.2833344,2.664263362,4,971.5374943
Trichomycterus areolatus,3,1365,-38,-72,223.8059701,118.6614585,2.048679998,6,3526.717392
Trichomycterus areolatus,12,1919,-37,-72,325.7125984,112.264937,2.674051057,5,967.7092813
Trichomycterus areolatus,1,1760,-38,-73,79.125,103.338334,1.344648499,6,6261.697266
Trichomycterus areolatus,1,1760,-38,-73,79.125,103.338334,1.344648499,6,6261.697266
Trichomycterus areolatus,4,4535,-39,-73,70.40178571,98.70238277,3.160259271,5,1745.722088
Trichomycterus areolatus,3,5372,-35,-72,28.65137615,69.65,4.354146694,7,5570.866652
Trichomycterus areolatus,4,4535,-39,-73,70.40178571,98.70238277,3.160259271,5,1745.722088
Trichomycterus areolatus,2,3708,-35,-71,146.7207207,64.8333346,2.378894906,6,1544.312195
Trichomycterus areolatus,3,818,-37,-72,163.8802083,91.6588527,3.600447729,5,955.1016828
Trichomycterus areolatus,2,5993,-36,-72,99.35238095,70.95833333,2.351056413,6,1160.414781
Trichomycterus areolatus,2,8538,-40,-73,45.85964912,187.1979198,11.39652594,3,971.5374943
Trichomycterus areolatus,12,1907,-37,-72,551.5406504,121.6116509,2.011950759,5,967.7092813
Trichomycterus areolatus,1,1524,-37,-73,74.05737705,102.6450002,1.207989798,6,3526.717392
Trichomycterus areolatus,2,2752,-34,-71,339.8642534,50.17194534,3.611032486,6,165.4004226
Trichomycterus areolatus,2,2752,-34,-71,339.8642534,50.17194534,3.611032486,6,165.4004226
Trichomycterus areolatus,12,1907,-37,-72,551.5406504,121.6116509,2.011950759,5,967.7092813
Trichomycterus areolatus,12,1907,-37,-72,551.5406504,121.6116509,2.011950759,5,967.7092813
Trichomycterus areolatus,12,1907,-37,-72,551.5406504,121.6116509,2.011950759,5,967.7092813
Trichomycterus areolatus,12,1907,-37,-72,551.5406504,121.6116509,2.011950759,5,967.7092813
Trichomycterus areolatus,2,3708,-35,-71,146.7207207,64.8333346,2.378894906,6,1544.312195
Trichomycterus areolatus,2,3708,-35,-71,146.7207207,64.8333346,2.378894906,6,1544.312195
Trichomycterus areolatus,1,6733,-39,-73,86.61666667,134.1309531,6.433685386,6,2359.225673
Trichomycterus areolatus,3,5243,-39,-72,134,134.3333333,3.894006396,5,628.0236726
Trichomycterus areolatus,1,6733,-39,-73,86.61666667,134.1309531,6.433685386,6,2359.225673
Trichomycterus areolatus,1,6733,-39,-73,86.61666667,134.1309531,6.433685386,6,2359.225673
Trichomycterus areolatus,2,8538,-40,-73,45.85964912,187.1979198,11.39652594,3,971.5374943
Trichomycterus areolatus,2,3708,-35,-71,146.7207207,64.8333346,2.378894906,6,1544.312195
Trichomycterus areolatus,4,4535,-39,-73,70.40178571,98.70238277,3.160259271,5,1745.722088
Trichomycterus areolatus,3,5756,-36,-72,109.3333333,75.56666718,4.452714519,4,257.240611
Trichomycterus areolatus,3,818,-37,-72,163.8802083,91.6588527,3.600447729,5,955.1016828
Trichomycterus areolatus,1,1524,-37,-73,74.05737705,102.6450002,1.207989798,6,3526.717392
Trichomycterus areolatus,2,1919,-37,-72,325.7125984,112.264937,2.674051057,5,967.7092813
Trichomycterus areolatus,1,1349,-38,-72,455.9098039,148.4282426,27.06829148,3,3019.392631
Trichomycterus areolatus,1,7716,-34,-71,445.5423729,39.25,3.435491705,6,1141.36445
Trichomycterus areolatus,1,7716,-34,-71,445.5423729,39.25,3.435491705,6,1141.36445
Trichomycterus areolatus,1,7716,-34,-71,445.5423729,39.25,3.435491705,6,1141.36445
Trichomycterus areolatus,1,7716,-34,-71,445.5423729,39.25,3.435491705,6,1141.36445
Trichomycterus areolatus,2,1907,-37,-72,551.5406504,121.6116509,2.011950759,5,967.7092813
Trichomycterus areolatus,1,7716,-34,-71,445.5423729,39.25,3.435491705,6,1141.36445
Trichomycterus areolatus,2,1907,-37,-72,551.5406504,121.6116509,2.011950759,5,967.7092813
Trichomycterus areolatus,3,1385,-38,-72,117.0362694,101.5833359,1.895766663,6,3526.717392
Trichomycterus areolatus,3,1385,-38,-72,117.0362694,101.5833359,1.895766663,6,3526.717392
Trichomycterus areolatus,2,5993,-36,-72,99.35238095,70.95833333,2.351056413,6,1160.414781
Trichomycterus areolatus,2,5993,-36,-72,99.35238095,70.95833333,2.351056413,6,1160.414781
Trichomycterus areolatus,3,1385,-38,-72,117.0362694,101.5833359,1.895766663,6,3526.717392
Trichomycterus areolatus,2,5993,-36,-72,99.35238095,70.95833333,2.351056413,6,1160.414781
Trichomycterus areolatus,1,8530,-40,-73,110.9545455,194.9500031,25.84003993,3,971.5374943
Trichomycterus areolatus,3,1385,-38,-72,117.0362694,101.5833359,1.895766663,6,3526.717392
Trichomycterus areolatus,1,8538,-40,-73,45.85964912,187.1979198,11.39652594,3,971.5374943
Trichomycterus areolatus,3,818,-37,-72,163.8802083,91.6588527,3.600447729,5,955.1016828
Trichomycterus areolatus,3,5756,-36,-72,109.3333333,75.56666718,4.452714519,4,257.240611
Trichomycterus areolatus,3,1608,-38,-73,87.00401606,100.1915891,1,5,154.1941464
Trichomycterus areolatus,3,1608,-38,-73,87.00401606,100.1915891,1,5,154.1941464
Trichomycterus areolatus,3,1608,-38,-73,87.00401606,100.1915891,1,5,154.1941464
Trichomycterus areolatus,3,1608,-38,-73,87.00401606,100.1915891,1,5,154.1941464
Trichomycterus areolatus,1,8536,-40,-73,50.04424779,189.2916641,13.57040073,3,971.5374943
Trichomycterus areolatus,3,5243,-39,-72,134,134.3333333,3.894006396,5,628.0236726
Trichomycterus areolatus,3,5243,-39,-72,134,134.3333333,3.894006396,5,628.0236726
Trichomycterus areolatus,2,2753,-34,-71,324.9545455,49.77689481,3.956382362,6,165.4004226
Trichomycterus areolatus,2,2753,-34,-71,324.9545455,49.77689481,3.956382362,6,165.4004226
Trichomycterus areolatus,2,2753,-34,-71,324.9545455,49.77689481,3.956382362,6,165.4004226
Trichomycterus areolatus,3,1942,-37,-72,115.223176,97.42375808,1.710490956,5,967.7092813
Trichomycterus areolatus,1,8538,-40,-73,45.85964912,187.1979198,11.39652594,3,971.5374943
Trichomycterus areolatus,1,8538,-40,-73,45.85964912,187.1979198,11.39652594,3,971.5374943
Trichomycterus areolatus,4,4535,-39,-73,70.40178571,98.70238277,3.160259271,5,1745.722088
Trichomycterus areolatus,1,1524,-37,-73,74.05737705,102.6450002,1.207989798,6,3526.717392
Trichomycterus areolatus,12,1907,-37,-72,551.5406504,121.6116509,2.011950759,5,967.7092813
Trichomycterus areolatus,2,8538,-40,-73,45.85964912,187.1979198,11.39652594,3,971.5374943
Trichomycterus areolatus,2,5993,-36,-72,99.35238095,70.95833333,2.351056413,6,1160.414781
Trichomycterus areolatus,1,1524,-37,-73,74.05737705,102.6450002,1.207989798,6,3526.717392
Trichomycterus areolatus,1,7716,-34,-71,445.5423729,39.25,3.435491705,6,1141.36445
Trichomycterus areolatus,2,5764,-36,-72,81.12037037,71.27777863,4.391394707,6,3290.497922
Trichomycterus areolatus,2,5764,-36,-72,81.12037037,71.27777863,4.391394707,6,3290.497922
Trichomycterus areolatus,3,1609,-38,-73,86.55078125,100.1896818,1,5,154.1941464
Trichomycterus areolatus,1,6733,-39,-73,86.61666667,134.1309531,6.433685386,6,2359.225673
Trichomycterus areolatus,1,1342,-38,-72,366.6785714,158.8839576,5.299810607,6,3019.392631
Trichomycterus areolatus,3,1609,-38,-73,86.55078125,100.1896818,1,5,154.1941464
Trichomycterus areolatus,2,8539,-40,-73,44.54807692,186.6944453,11.19482029,3,971.5374943
Trichomycterus areolatus,1,1349,-38,-72,455.9098039,148.4282426,27.06829148,3,3019.392631
Trichomycterus areolatus,2,5764,-36,-72,81.12037037,71.27777863,4.391394707,6,3290.497922
Trichomycterus areolatus,1,6733,-39,-73,86.61666667,134.1309531,6.433685386,6,2359.225673
Trichomycterus areolatus,4,4535,-39,-73,70.40178571,98.70238277,3.160259271,5,1745.722088
Trichomycterus areolatus,1,1349,-38,-72,455.9098039,148.4282426,27.06829148,3,3019.392631
Trichomycterus areolatus,2,3708,-35,-71,146.7207207,64.8333346,2.378894906,6,1544.312195
Trichomycterus areolatus,3,818,-37,-72,163.8802083,91.6588527,3.600447729,5,955.1016828
Trichomycterus areolatus,1,8507,-40,-73,38.5,185.2833344,2.664263362,4,971.5374943
Trichomycterus areolatus,1,2062,-38,-72,298.8237548,132.9436729,13.7936481,6,3019.392631
Trichomycterus areolatus,2,5717,-36,-72,89.8125,73.93333588,3.637341519,6,3290.497922
Trichomycterus areolatus,1,7716,-34,-71,445.5423729,39.25,3.435491705,6,1141.36445
Trichomycterus areolatus,1,7716,-34,-71,445.5423729,39.25,3.435491705,6,1141.36445
Trichomycterus areolatus,1,7716,-34,-71,445.5423729,39.25,3.435491705,6,1141.36445
Trichomycterus areolatus,1,7716,-34,-71,445.5423729,39.25,3.435491705,6,1141.36445
Trichomycterus areolatus,1,7716,-34,-71,445.5423729,39.25,3.435491705,6,1141.36445
Trichomycterus areolatus,1,7716,-34,-71,445.5423729,39.25,3.435491705,6,1141.36445
Trichomycterus areolatus,1,1760,-38,-73,79.125,103.338334,1.344648499,6,6261.697266
Trichomycterus areolatus,1,7716,-34,-71,445.5423729,39.25,3.435491705,6,1141.36445
Trichomycterus areolatus,1,7862,-34,-70,909.8095238,50.29166603,13.99677827,4,110.863717
Trichomycterus areolatus,1,8526,-40,-72,244.7747748,194.3125019,7.668742135,3,971.5374943
Trichomycterus areolatus,3,8507,-40,-73,38.5,185.2833344,2.664263362,4,971.5374943
Trichomycterus areolatus,3,818,-37,-72,163.8802083,91.6588527,3.600447729,5,955.1016828
Trichomycterus areolatus,1,1349,-38,-72,455.9098039,148.4282426,27.06829148,3,3019.392631
Trichomycterus areolatus,2,8539,-40,-73,44.54807692,186.6944453,11.19482029,3,971.5374943
Trichomycterus areolatus,3,1608,-38,-73,87.00401606,100.1915891,1,5,154.1941464
Trichomycterus areolatus,1,1353,-38,-72,357.6867925,140.7681836,6.289933997,4,3019.392631
Trichomycterus areolatus,2,2753,-34,-71,324.9545455,49.77689481,3.956382362,6,165.4004226
Trichomycterus areolatus,2,2753,-34,-71,324.9545455,49.77689481,3.956382362,6,165.4004226
Trichomycterus areolatus,1,8536,-40,-73,50.04424779,189.2916641,13.57040073,3,971.5374943
Trichomycterus areolatus,1,1349,-38,-72,455.9098039,148.4282426,27.06829148,3,3019.392631
Trichomycterus areolatus,2,2753,-34,-71,324.9545455,49.77689481,3.956382362,6,165.4004226
Trichomycterus areolatus,2,2753,-34,-71,324.9545455,49.77689481,3.956382362,6,165.4004226
Trichomycterus areolatus,12,1919,-37,-72,325.7125984,112.264937,2.674051057,5,967.7092813
Trichomycterus areolatus,2,2753,-34,-71,324.9545455,49.77689481,3.956382362,6,165.4004226
Trichomycterus areolatus,3,1365,-38,-72,223.8059701,118.6614585,2.048679998,6,3526.717392
Trichomycterus areolatus,2,2753,-34,-71,324.9545455,49.77689481,3.956382362,6,165.4004226
Trichomycterus areolatus,2,1916,-37,-72,369.6431535,113.0148534,4.216141644,5,967.7092813
Trichomycterus areolatus,2,2753,-34,-71,324.9545455,49.77689481,3.956382362,6,165.4004226
Trichomycterus areolatus,1,8530,-40,-73,110.9545455,194.9500031,25.84003993,3,971.5374943
Trichomycterus areolatus,2,8507,-40,-73,38.5,185.2833344,2.664263362,4,971.5374943
Trichomycterus areolatus,2,8507,-40,-73,38.5,185.2833344,2.664263362,4,971.5374943
Trichomycterus areolatus,2,2752,-34,-71,339.8642534,50.17194534,3.611032486,6,165.4004226
Trichomycterus areolatus,3,8539,-40,-73,44.54807692,186.6944453,11.19482029,3,971.5374943
Trichomycterus areolatus,12,1907,-37,-72,551.5406504,121.6116509,2.011950759,5,967.7092813
Trichomycterus areolatus,12,1907,-37,-72,551.5406504,121.6116509,2.011950759,5,967.7092813
Trichomycterus areolatus,3,1385,-38,-72,117.0362694,101.5833359,1.895766663,6,3526.717392
Trichomycterus areolatus,1,1351,-38,-72,403.459144,142.8271616,4.5816708,3,3019.392631
Trichomycterus areolatus,2,8507,-40,-73,38.5,185.2833344,2.664263362,4,971.5374943
Trichomycterus areolatus,2,8507,-40,-73,38.5,185.2833344,2.664263362,4,971.5374943
Trichomycterus areolatus,1,1349,-38,-72,455.9098039,148.4282426,27.06829148,3,3019.392631
Trichomycterus areolatus,1,6733,-39,-73,86.61666667,134.1309531,6.433685386,6,2359.225673
Trichomycterus areolatus,1,6733,-39,-73,86.61666667,134.1309531,6.433685386,6,2359.225673
Trichomycterus areolatus,3,1609,-38,-73,86.55078125,100.1896818,1,5,154.1941464
Trichomycterus areolatus,3,1609,-38,-73,86.55078125,100.1896818,1,5,154.1941464
Trichomycterus areolatus,1,8530,-40,-73,110.9545455,194.9500031,25.84003993,3,971.5374943
Trichomycterus areolatus,3,8530,-40,-73,110.9545455,194.9500031,25.84003993,3,971.5374943
Trichomycterus areolatus,3,5756,-36,-72,109.3333333,75.56666718,4.452714519,4,257.240611
Trichomycterus areolatus,1,1524,-37,-73,74.05737705,102.6450002,1.207989798,6,3526.717392
Trichomycterus areolatus,1,1524,-37,-73,74.05737705,102.6450002,1.207989798,6,3526.717392
Trichomycterus areolatus,1,8507,-40,-73,38.5,185.2833344,2.664263362,4,971.5374943
Trichomycterus areolatus,2,8538,-40,-73,45.85964912,187.1979198,11.39652594,3,971.5374943
Trichomycterus areolatus,3,1385,-38,-72,117.0362694,101.5833359,1.895766663,6,3526.717392
Trichomycterus areolatus,2,3708,-35,-71,146.7207207,64.8333346,2.378894906,6,1544.312195
Trichomycterus areolatus,12,1916,-37,-72,369.6431535,113.0148534,4.216141644,5,967.7092813
Trichomycterus areolatus,2,3708,-35,-71,146.7207207,64.8333346,2.378894906,6,1544.312195
Trichomycterus areolatus,2,3708,-35,-71,146.7207207,64.8333346,2.378894906,6,1544.312195
Trichomycterus areolatus,2,3708,-35,-71,146.7207207,64.8333346,2.378894906,6,1544.312195
Trichomycterus areolatus,2,1907,-37,-72,551.5406504,121.6116509,2.011950759,5,967.7092813
Trichomycterus areolatus,2,5993,-36,-72,99.35238095,70.95833333,2.351056413,6,1160.414781
Trichomycterus areolatus,1,6733,-39,-73,86.61666667,134.1309531,6.433685386,6,2359.225673
Trichomycterus areolatus,3,1385,-38,-72,117.0362694,101.5833359,1.895766663,6,3526.717392
Trichomycterus areolatus,3,8507,-40,-73,38.5,185.2833344,2.664263362,4,971.5374943
Trichomycterus areolatus,2,8539,-40,-73,44.54807692,186.6944453,11.19482029,3,971.5374943
Trichomycterus areolatus,2,1916,-37,-72,369.6431535,113.0148534,4.216141644,5,967.7092813
Trichomycterus areolatus,3,1385,-38,-72,117.0362694,101.5833359,1.895766663,6,3526.717392
Trichomycterus areolatus,3,1608,-38,-73,87.00401606,100.1915891,1,5,154.1941464
Trichomycterus areolatus,4,4535,-39,-73,70.40178571,98.70238277,3.160259271,5,1745.722088
Trichomycterus areolatus,3,8507,-40,-73,38.5,185.2833344,2.664263362,4,971.5374943
Trichomycterus areolatus,3,1365,-38,-72,223.8059701,118.6614585,2.048679998,6,3526.717392
Trichomycterus areolatus,3,5243,-39,-72,134,134.3333333,3.894006396,5,628.0236726
Trichomycterus areolatus,3,5243,-39,-72,134,134.3333333,3.894006396,5,628.0236726
Trichomycterus areolatus,3,5243,-39,-72,134,134.3333333,3.894006396,5,628.0236726
Trichomycterus areolatus,4,4535,-39,-73,70.40178571,98.70238277,3.160259271,5,1745.722088
Trichomycterus areolatus,2,2753,-34,-71,324.9545455,49.77689481,3.956382362,6,165.4004226
Trichomycterus areolatus,4,4535,-39,-73,70.40178571,98.70238277,3.160259271,5,1745.722088
Trichomycterus areolatus,3,5372,-35,-72,28.65137615,69.65,4.354146694,7,5570.866652
Trichomycterus areolatus,1,1173,-38,-72,241.6390977,120.9665176,2.296090808,6,3526.717392
Trichomycterus areolatus,1,6733,-39,-73,86.61666667,134.1309531,6.433685386,6,2359.225673
Trichomycterus areolatus,2,8539,-40,-73,44.54807692,186.6944453,11.19482029,3,971.5374943
Trichomycterus areolatus,3,818,-37,-72,163.8802083,91.6588527,3.600447729,5,955.1016828
Trichomycterus areolatus,3,818,-37,-72,163.8802083,91.6588527,3.600447729,5,955.1016828
Trichomycterus areolatus,2,2752,-34,-71,339.8642534,50.17194534,3.611032486,6,165.4004226
Trichomycterus areolatus,1,6150,-35,-72,54.2,70.59523664,6.287205955,5,1275.259419
Trichomycterus areolatus,2,3708,-35,-71,146.7207207,64.8333346,2.378894906,6,1544.312195
Trichomycterus areolatus,2,3708,-35,-71,146.7207207,64.8333346,2.378894906,6,1544.312195
Trichomycterus areolatus,12,1907,-37,-72,551.5406504,121.6116509,2.011950759,5,967.7092813
Trichomycterus areolatus,2,3708,-35,-71,146.7207207,64.8333346,2.378894906,6,1544.312195
Trichomycterus areolatus,3,818,-37,-72,163.8802083,91.6588527,3.600447729,5,955.1016828
Trichomycterus areolatus,2,5993,-36,-72,99.35238095,70.95833333,2.351056413,6,1160.414781
Trichomycterus areolatus,1,7716,-34,-71,445.5423729,39.25,3.435491705,6,1141.36445
Trichomycterus areolatus,1,7716,-34,-71,445.5423729,39.25,3.435491705,6,1141.36445
Trichomycterus areolatus,3,1385,-38,-72,117.0362694,101.5833359,1.895766663,6,3526.717392
Trichomycterus areolatus,3,1385,-38,-72,117.0362694,101.5833359,1.895766663,6,3526.717392
Trichomycterus areolatus,3,1609,-38,-73,86.55078125,100.1896818,1,5,154.1941464
Trichomycterus areolatus,1,6733,-39,-73,86.61666667,134.1309531,6.433685386,6,2359.225673
Trichomycterus areolatus,3,5756,-36,-72,109.3333333,75.56666718,4.452714519,4,257.240611
Trichomycterus areolatus,2,2752,-34,-71,339.8642534,50.17194534,3.611032486,6,165.4004226
Trichomycterus areolatus,1,1524,-37,-73,74.05737705,102.6450002,1.207989798,6,3526.717392
Trichomycterus areolatus,1,1524,-37,-73,74.05737705,102.6450002,1.207989798,6,3526.717392
Trichomycterus areolatus,2,5993,-36,-72,99.35238095,70.95833333,2.351056413,6,1160.414781
Trichomycterus areolatus,1,6733,-39,-73,86.61666667,134.1309531,6.433685386,6,2359.225673
Trichomycterus areolatus,1,1342,-38,-72,366.6785714,158.8839576,5.299810607,6,3019.392631
Trichomycterus areolatus,12,1907,-37,-72,551.5406504,121.6116509,2.011950759,5,967.7092813
Trichomycterus areolatus,1,8538,-40,-73,45.85964912,187.1979198,11.39652594,3,971.5374943
Trichomycterus areolatus,1,8530,-40,-73,110.9545455,194.9500031,25.84003993,3,971.5374943
Trichomycterus areolatus,3,1385,-38,-72,117.0362694,101.5833359,1.895766663,6,3526.717392
Trichomycterus areolatus,3,818,-37,-72,163.8802083,91.6588527,3.600447729,5,955.1016828
Trichomycterus areolatus,2,1916,-37,-72,369.6431535,113.0148534,4.216141644,5,967.7092813
Trichomycterus areolatus,2,1916,-37,-72,369.6431535,113.0148534,4.216141644,5,967.7092813
Trichomycterus areolatus,2,1916,-37,-72,369.6431535,113.0148534,4.216141644,5,967.7092813
Trichomycterus areolatus,2,1916,-37,-72,369.6431535,113.0148534,4.216141644,5,967.7092813
Trichomycterus areolatus,12,1907,-37,-72,551.5406504,121.6116509,2.011950759,5,967.7092813
Trichomycterus areolatus,1,1349,-38,-72,455.9098039,148.4282426,27.06829148,3,3019.392631
Trichomycterus areolatus,4,4535,-39,-73,70.40178571,98.70238277,3.160259271,5,1745.722088
Trichomycterus areolatus,3,8507,-40,-73,38.5,185.2833344,2.664263362,4,971.5374943
Trichomycterus areolatus,3,8507,-40,-73,38.5,185.2833344,2.664263362,4,971.5374943
Trichomycterus areolatus,3,5243,-39,-72,134,134.3333333,3.894006396,5,628.0236726
Trichomycterus areolatus,3,5243,-39,-72,134,134.3333333,3.894006396,5,628.0236726
Trichomycterus areolatus,1,8536,-40,-73,50.04424779,189.2916641,13.57040073,3,971.5374943
Trichomycterus areolatus,3,1608,-38,-73,87.00401606,100.1915891,1,5,154.1941464
Trichomycterus areolatus,2,1907,-37,-72,551.5406504,121.6116509,2.011950759,5,967.7092813
Trichomycterus areolatus,2,3708,-35,-71,146.7207207,64.8333346,2.378894906,6,1544.312195
Trichomycterus areolatus,2,1918,-37,-72,338.9216418,111.7864594,2.509841725,5,967.7092813
Trichomycterus areolatus,1,1173,-38,-72,241.6390977,120.9665176,2.296090808,6,3526.717392
Trichomycterus areolatus,1,1173,-38,-72,241.6390977,120.9665176,2.296090808,6,3526.717392
Trichomycterus areolatus,12,1907,-37,-72,551.5406504,121.6116509,2.011950759,5,967.7092813
Trichomycterus areolatus,2,1933,-37,-72,178.921875,105.1404316,4.258407648,5,967.7092813
Trichomycterus areolatus,3,1563,-38,-72,161.2708333,108.7996618,3.086832117,4,419.5884732
Trichomycterus areolatus,1,1524,-37,-73,74.05737705,102.6450002,1.207989798,6,3526.717392
Trichomycterus areolatus,1,1524,-37,-73,74.05737705,102.6450002,1.207989798,6,3526.717392
Trichomycterus areolatus,12,1916,-37,-72,369.6431535,113.0148534,4.216141644,5,967.7092813
Trichomycterus areolatus,12,1907,-37,-72,551.5406504,121.6116509,2.011950759,5,967.7092813
Trichomycterus areolatus,2,5993,-36,-72,99.35238095,70.95833333,2.351056413,6,1160.414781
Trichomycterus areolatus,2,1907,-37,-72,551.5406504,121.6116509,2.011950759,5,967.7092813
Trichomycterus areolatus,1,6733,-39,-73,86.61666667,134.1309531,6.433685386,6,2359.225673
Trichomycterus areolatus,2,5993,-36,-72,99.35238095,70.95833333,2.351056413,6,1160.414781
Trichomycterus areolatus,2,3708,-35,-71,146.7207207,64.8333346,2.378894906,6,1544.312195
Trichomycterus areolatus,3,8507,-40,-73,38.5,185.2833344,2.664263362,4,971.5374943
Trichomycterus areolatus,2,1933,-37,-72,178.921875,105.1404316,4.258407648,5,967.7092813
Trichomycterus areolatus,4,4535,-39,-73,70.40178571,98.70238277,3.160259271,5,1745.722088
Trichomycterus areolatus,1,7716,-34,-71,445.5423729,39.25,3.435491705,6,1141.36445
Trichomycterus areolatus,1,7716,-34,-71,445.5423729,39.25,3.435491705,6,1141.36445
Trichomycterus areolatus,1,7716,-34,-71,445.5423729,39.25,3.435491705,6,1141.36445
Trichomycterus areolatus,1,6733,-39,-73,86.61666667,134.1309531,6.433685386,6,2359.225673
Trichomycterus areolatus,1,6733,-39,-73,86.61666667,134.1309531,6.433685386,6,2359.225673
Trichomycterus areolatus,1,1349,-38,-72,455.9098039,148.4282426,27.06829148,3,3019.392631
Trichomycterus areolatus,12,1907,-37,-72,551.5406504,121.6116509,2.011950759,5,967.7092813
Trichomycterus areolatus,1,8530,-40,-73,110.9545455,194.9500031,25.84003993,3,971.5374943
Trichomycterus areolatus,1,1351,-38,-72,403.459144,142.8271616,4.5816708,3,3019.392631
Trichomycterus areolatus,2,5993,-36,-72,99.35238095,70.95833333,2.351056413,6,1160.414781
Trichomycterus areolatus,2,3708,-35,-71,146.7207207,64.8333346,2.378894906,6,1544.312195
Trichomycterus areolatus,3,8538,-40,-73,45.85964912,187.1979198,11.39652594,3,971.5374943
Trichomycterus areolatus,2,8539,-40,-73,44.54807692,186.6944453,11.19482029,3,971.5374943
Trichomycterus areolatus,2,2752,-34,-71,339.8642534,50.17194534,3.611032486,6,165.4004226
Trichomycterus areolatus,3,8507,-40,-73,38.5,185.2833344,2.664263362,4,971.5374943
Trichomycterus areolatus,2,3708,-35,-71,146.7207207,64.8333346,2.378894906,6,1544.312195
Trichomycterus areolatus,3,8530,-40,-73,110.9545455,194.9500031,25.84003993,3,971.5374943
Trichomycterus areolatus,1,7716,-34,-71,445.5423729,39.25,3.435491705,6,1141.36445
Trichomycterus areolatus,12,1916,-37,-72,369.6431535,113.0148534,4.216141644,5,967.7092813
Trichomycterus areolatus,12,1916,-37,-72,369.6431535,113.0148534,4.216141644,5,967.7092813
Trichomycterus areolatus,2,1933,-37,-72,178.921875,105.1404316,4.258407648,5,967.7092813
Trichomycterus areolatus,4,4535,-39,-73,70.40178571,98.70238277,3.160259271,5,1745.722088
Trichomycterus areolatus,2,5993,-36,-72,99.35238095,70.95833333,2.351056413,6,1160.414781
Trichomycterus areolatus,1,1173,-38,-72,241.6390977,120.9665176,2.296090808,6,3526.717392
Trichomycterus areolatus,2,1933,-37,-72,178.921875,105.1404316,4.258407648,5,967.7092813
Trichomycterus areolatus,2,1933,-37,-72,178.921875,105.1404316,4.258407648,5,967.7092813
Trichomycterus areolatus,2,3708,-35,-71,146.7207207,64.8333346,2.378894906,6,1544.312195
Trichomycterus areolatus,2,1933,-37,-72,178.921875,105.1404316,4.258407648,5,967.7092813
Trichomycterus areolatus,1,1524,-37,-73,74.05737705,102.6450002,1.207989798,6,3526.717392
Trichomycterus areolatus,2,8539,-40,-73,44.54807692,186.6944453,11.19482029,3,971.5374943
Trichomycterus areolatus,1,8530,-40,-73,110.9545455,194.9500031,25.84003993,3,971.5374943
Trichomycterus areolatus,2,1918,-37,-72,338.9216418,111.7864594,2.509841725,5,967.7092813
Trichomycterus areolatus,2,2753,-34,-71,324.9545455,49.77689481,3.956382362,6,165.4004226
Trichomycterus areolatus,2,2753,-34,-71,324.9545455,49.77689481,3.956382362,6,165.4004226
Trichomycterus areolatus,12,1919,-37,-72,325.7125984,112.264937,2.674051057,5,967.7092813
Trichomycterus areolatus,12,1919,-37,-72,325.7125984,112.264937,2.674051057,5,967.7092813
Trichomycterus areolatus,1,7716,-34,-71,445.5423729,39.25,3.435491705,6,1141.36445
Trichomycterus areolatus,2,5993,-36,-72,99.35238095,70.95833333,2.351056413,6,1160.414781
Trichomycterus areolatus,3,1385,-38,-72,117.0362694,101.5833359,1.895766663,6,3526.717392
Trichomycterus areolatus,2,1916,-37,-72,369.6431535,113.0148534,4.216141644,5,967.7092813
Trichomycterus areolatus,2,1916,-37,-72,369.6431535,113.0148534,4.216141644,5,967.7092813
Trichomycterus areolatus,2,1916,-37,-72,369.6431535,113.0148534,4.216141644,5,967.7092813
Trichomycterus areolatus,1,8507,-40,-73,38.5,185.2833344,2.664263362,4,971.5374943
Trichomycterus areolatus,3,818,-37,-72,163.8802083,91.6588527,3.600447729,5,955.1016828
Trichomycterus areolatus,3,5756,-36,-72,109.3333333,75.56666718,4.452714519,4,257.240611
Trichomycterus areolatus,1,1524,-37,-73,74.05737705,102.6450002,1.207989798,6,3526.717392
Trichomycterus areolatus,2,2752,-34,-71,339.8642534,50.17194534,3.611032486,6,165.4004226
Trichomycterus areolatus,1,1524,-37,-73,74.05737705,102.6450002,1.207989798,6,3526.717392
Trichomycterus areolatus,2,1916,-37,-72,369.6431535,113.0148534,4.216141644,5,967.7092813
Trichomycterus areolatus,2,5993,-36,-72,99.35238095,70.95833333,2.351056413,6,1160.414781
Trichomycterus areolatus,3,1365,-38,-72,223.8059701,118.6614585,2.048679998,6,3526.717392
Trichomycterus areolatus,2,1916,-37,-72,369.6431535,113.0148534,4.216141644,5,967.7092813
Trichomycterus areolatus,1,7716,-34,-71,445.5423729,39.25,3.435491705,6,1141.36445
Trichomycterus areolatus,2,5993,-36,-72,99.35238095,70.95833333,2.351056413,6,1160.414781
Trichomycterus areolatus,3,1385,-38,-72,117.0362694,101.5833359,1.895766663,6,3526.717392
Trichomycterus areolatus,1,1342,-38,-72,366.6785714,158.8839576,5.299810607,6,3019.392631
Trichomycterus areolatus,2,2752,-34,-71,339.8642534,50.17194534,3.611032486,6,165.4004226
Trichomycterus areolatus,3,1365,-38,-72,223.8059701,118.6614585,2.048679998,6,3526.717392
Trichomycterus areolatus,12,1907,-37,-72,551.5406504,121.6116509,2.011950759,5,967.7092813
Trichomycterus areolatus,2,2752,-34,-71,339.8642534,50.17194534,3.611032486,6,165.4004226
Trichomycterus areolatus,2,1933,-37,-72,178.921875,105.1404316,4.258407648,5,967.7092813
Trichomycterus areolatus,2,1916,-37,-72,369.6431535,113.0148534,4.216141644,5,967.7092813
Trichomycterus areolatus,1,7716,-34,-71,445.5423729,39.25,3.435491705,6,1141.36445
Trichomycterus areolatus,3,8507,-40,-73,38.5,185.2833344,2.664263362,4,971.5374943
Trichomycterus areolatus,12,1907,-37,-72,551.5406504,121.6116509,2.011950759,5,967.7092813
Trichomycterus areolatus,1,1524,-37,-73,74.05737705,102.6450002,1.207989798,6,3526.717392
Trichomycterus areolatus,1,7716,-34,-71,445.5423729,39.25,3.435491705,6,1141.36445
Trichomycterus areolatus,1,7716,-34,-71,445.5423729,39.25,3.435491705,6,1141.36445
Trichomycterus areolatus,2,5993,-36,-72,99.35238095,70.95833333,2.351056413,6,1160.414781
Trichomycterus areolatus,1,7716,-34,-71,445.5423729,39.25,3.435491705,6,1141.36445
Trichomycterus areolatus,2,2752,-34,-71,339.8642534,50.17194534,3.611032486,6,165.4004226
Trichomycterus areolatus,1,8536,-40,-73,50.04424779,189.2916641,13.57040073,3,971.5374943
Trichomycterus areolatus,1,8507,-40,-73,38.5,185.2833344,2.664263362,4,971.5374943
Trichomycterus areolatus,2,2752,-34,-71,339.8642534,50.17194534,3.611032486,6,165.4004226
Trichomycterus areolatus,2,2752,-34,-71,339.8642534,50.17194534,3.611032486,6,165.4004226
Trichomycterus areolatus,1,8530,-40,-73,110.9545455,194.9500031,25.84003993,3,971.5374943
Trichomycterus areolatus,3,1365,-38,-72,223.8059701,118.6614585,2.048679998,6,3526.717392
Trichomycterus areolatus,1,8536,-40,-73,50.04424779,189.2916641,13.57040073,3,971.5374943
Trichomycterus areolatus,12,1907,-37,-72,551.5406504,121.6116509,2.011950759,5,967.7092813
Trichomycterus areolatus,3,1365,-38,-72,223.8059701,118.6614585,2.048679998,6,3526.717392
Trichomycterus areolatus,3,5243,-39,-72,134,134.3333333,3.894006396,5,628.0236726
Trichomycterus areolatus,1,1173,-38,-72,241.6390977,120.9665176,2.296090808,6,3526.717392
Trichomycterus areolatus,3,5243,-39,-72,134,134.3333333,3.894006396,5,628.0236726
Trichomycterus areolatus,3,5243,-39,-72,134,134.3333333,3.894006396,5,628.0236726
Trichomycterus areolatus,1,1349,-38,-72,455.9098039,148.4282426,27.06829148,3,3019.392631
Trichomycterus areolatus,2,5993,-36,-72,99.35238095,70.95833333,2.351056413,6,1160.414781
Trichomycterus areolatus,2,1916,-37,-72,369.6431535,113.0148534,4.216141644,5,967.7092813
Trichomycterus areolatus,3,5372,-35,-72,28.65137615,69.65,4.354146694,7,5570.866652
Trichomycterus areolatus,2,5993,-36,-72,99.35238095,70.95833333,2.351056413,6,1160.414781
Trichomycterus areolatus,3,5243,-39,-72,134,134.3333333,3.894006396,5,628.0236726
Trichomycterus areolatus,2,2753,-34,-71,324.9545455,49.77689481,3.956382362,6,165.4004226
Trichomycterus areolatus,1,1351,-38,-72,403.459144,142.8271616,4.5816708,3,3019.392631
Trichomycterus areolatus,1,8536,-40,-73,50.04424779,189.2916641,13.57040073,3,971.5374943
Trichomycterus areolatus,3,5243,-39,-72,134,134.3333333,3.894006396,5,628.0236726
Trichomycterus areolatus,2,1916,-37,-72,369.6431535,113.0148534,4.216141644,5,967.7092813
Trichomycterus areolatus,1,8530,-40,-73,110.9545455,194.9500031,25.84003993,3,971.5374943
Trichomycterus areolatus,2,1933,-37,-72,178.921875,105.1404316,4.258407648,5,967.7092813
Trichomycterus areolatus,1,7716,-34,-71,445.5423729,39.25,3.435491705,6,1141.36445
Trichomycterus areolatus,1,7716,-34,-71,445.5423729,39.25,3.435491705,6,1141.36445
Trichomycterus areolatus,1,8530,-40,-73,110.9545455,194.9500031,25.84003993,3,971.5374943
Trichomycterus areolatus,1,8507,-40,-73,38.5,185.2833344,2.664263362,4,971.5374943
Trichomycterus areolatus,1,8507,-40,-73,38.5,185.2833344,2.664263362,4,971.5374943
Trichomycterus areolatus,2,2753,-34,-71,324.9545455,49.77689481,3.956382362,6,165.4004226
Trichomycterus areolatus,3,1365,-38,-72,223.8059701,118.6614585,2.048679998,6,3526.717392
Trichomycterus areolatus,1,8507,-40,-73,38.5,185.2833344,2.664263362,4,971.5374943
Trichomycterus areolatus,2,8507,-40,-73,38.5,185.2833344,2.664263362,4,971.5374943
Trichomycterus areolatus,3,5243,-39,-72,134,134.3333333,3.894006396,5,628.0236726
Trichomycterus areolatus,1,1349,-38,-72,455.9098039,148.4282426,27.06829148,3,3019.392631
Trichomycterus areolatus,2,1907,-37,-72,551.5406504,121.6116509,2.011950759,5,967.7092813
Trichomycterus areolatus,1,8536,-40,-73,50.04424779,189.2916641,13.57040073,3,971.5374943
Trichomycterus areolatus,3,5243,-39,-72,134,134.3333333,3.894006396,5,628.0236726
Trichomycterus areolatus,1,1173,-38,-72,241.6390977,120.9665176,2.296090808,6,3526.717392
Trichomycterus areolatus,2,5993,-36,-72,99.35238095,70.95833333,2.351056413,6,1160.414781
Trichomycterus areolatus,12,1907,-37,-72,551.5406504,121.6116509,2.011950759,5,967.7092813
Trichomycterus areolatus,2,5993,-36,-72,99.35238095,70.95833333,2.351056413,6,1160.414781
Trichomycterus areolatus,1,8507,-40,-73,38.5,185.2833344,2.664263362,4,971.5374943
Trichomycterus areolatus,1,7716,-34,-71,445.5423729,39.25,3.435491705,6,1141.36445
Trichomycterus areolatus,1,7716,-34,-71,445.5423729,39.25,3.435491705,6,1141.36445
Trichomycterus areolatus,2,3708,-35,-71,146.7207207,64.8333346,2.378894906,6,1544.312195
Trichomycterus areolatus,1,1173,-38,-72,241.6390977,120.9665176,2.296090808,6,3526.717392
Trichomycterus areolatus,2,1907,-37,-72,551.5406504,121.6116509,2.011950759,5,967.7092813
Trichomycterus areolatus,1,7716,-34,-71,445.5423729,39.25,3.435491705,6,1141.36445
Trichomycterus areolatus,12,1907,-37,-72,551.5406504,121.6116509,2.011950759,5,967.7092813
Trichomycterus areolatus,3,8507,-40,-73,38.5,185.2833344,2.664263362,4,971.5374943
Trichomycterus areolatus,1,1173,-38,-72,241.6390977,120.9665176,2.296090808,6,3526.717392
Trichomycterus areolatus,12,1907,-37,-72,551.5406504,121.6116509,2.011950759,5,967.7092813
Trichomycterus areolatus,1,7716,-34,-71,445.5423729,39.25,3.435491705,6,1141.36445
Trichomycterus areolatus,2,3708,-35,-71,146.7207207,64.8333346,2.378894906,6,1544.312195
Trichomycterus areolatus,2,1916,-37,-72,369.6431535,113.0148534,4.216141644,5,967.7092813
Trichomycterus areolatus,1,7716,-34,-71,445.5423729,39.25,3.435491705,6,1141.36445
Trichomycterus areolatus,1,8507,-40,-73,38.5,185.2833344,2.664263362,4,971.5374943
Trichomycterus areolatus,2,3708,-35,-71,146.7207207,64.8333346,2.378894906,6,1544.312195
Trichomycterus areolatus,2,2753,-34,-71,324.9545455,49.77689481,3.956382362,6,165.4004226
Trichomycterus areolatus,1,1525,-37,-73,75.06299213,103.4748428,1.291669373,6,3526.717392
Trichomycterus areolatus,2,3708,-35,-71,146.7207207,64.8333346,2.378894906,6,1544.312195
Trichomycterus areolatus,3,1385,-38,-72,117.0362694,101.5833359,1.895766663,6,3526.717392
Trichomycterus areolatus,2,8532,-40,-73,86.31818182,192.6666667,18.40214676,3,971.5374943
Trichomycterus areolatus,3,8507,-40,-73,38.5,185.2833344,2.664263362,4,971.5374943
Trichomycterus areolatus,3,1385,-38,-72,117.0362694,101.5833359,1.895766663,6,3526.717392
Trichomycterus areolatus,2,1916,-37,-72,369.6431535,113.0148534,4.216141644,5,967.7092813
Trichomycterus areolatus,2,1907,-37,-72,551.5406504,121.6116509,2.011950759,5,967.7092813
Trichomycterus areolatus,3,818,-37,-72,163.8802083,91.6588527,3.600447729,5,955.1016828
Trichomycterus areolatus,1,7716,-34,-71,445.5423729,39.25,3.435491705,6,1141.36445
Trichomycterus areolatus,1,7716,-34,-71,445.5423729,39.25,3.435491705,6,1141.36445
Trichomycterus areolatus,2,3708,-35,-71,146.7207207,64.8333346,2.378894906,6,1544.312195
Trichomycterus areolatus,3,8530,-40,-73,110.9545455,194.9500031,25.84003993,3,971.5374943
Trichomycterus areolatus,3,8507,-40,-73,38.5,185.2833344,2.664263362,4,971.5374943
Trichomycterus areolatus,2,3708,-35,-71,146.7207207,64.8333346,2.378894906,6,1544.312195
Trichomycterus areolatus,12,1907,-37,-72,551.5406504,121.6116509,2.011950759,5,967.7092813
Trichomycterus areolatus,2,3708,-35,-71,146.7207207,64.8333346,2.378894906,6,1544.312195
Trichomycterus areolatus,3,1385,-38,-72,117.0362694,101.5833359,1.895766663,6,3526.717392
Trichomycterus areolatus,3,5756,-36,-72,109.3333333,75.56666718,4.452714519,4,257.240611
Trichomycterus areolatus,2,1907,-37,-72,551.5406504,121.6116509,2.011950759,5,967.7092813
Trichomycterus areolatus,1,8507,-40,-73,38.5,185.2833344,2.664263362,4,971.5374943
Trichomycterus areolatus,1,7716,-34,-71,445.5423729,39.25,3.435491705,6,1141.36445
Trichomycterus areolatus,3,8507,-40,-73,38.5,185.2833344,2.664263362,4,971.5374943
Trichomycterus areolatus,3,1385,-38,-72,117.0362694,101.5833359,1.895766663,6,3526.717392
Trichomycterus areolatus,3,1385,-38,-72,117.0362694,101.5833359,1.895766663,6,3526.717392
Trichomycterus areolatus,3,1385,-38,-72,117.0362694,101.5833359,1.895766663,6,3526.717392
Trichomycterus areolatus,2,3708,-35,-71,146.7207207,64.8333346,2.378894906,6,1544.312195
Trichomycterus areolatus,2,1916,-37,-72,369.6431535,113.0148534,4.216141644,5,967.7092813
Trichomycterus areolatus,1,7716,-34,-71,445.5423729,39.25,3.435491705,6,1141.36445
Trichomycterus areolatus,3,5756,-36,-72,109.3333333,75.56666718,4.452714519,4,257.240611
Trichomycterus areolatus,3,1385,-38,-72,117.0362694,101.5833359,1.895766663,6,3526.717392
Trichomycterus areolatus,2,1907,-37,-72,551.5406504,121.6116509,2.011950759,5,967.7092813
Trichomycterus areolatus,3,1385,-38,-72,117.0362694,101.5833359,1.895766663,6,3526.717392
Trichomycterus areolatus,3,1385,-38,-72,117.0362694,101.5833359,1.895766663,6,3526.717392
Trichomycterus areolatus,3,1385,-38,-72,117.0362694,101.5833359,1.895766663,6,3526.717392
Trichomycterus areolatus,3,1385,-38,-72,117.0362694,101.5833359,1.895766663,6,3526.717392
Trichomycterus areolatus,12,1907,-37,-72,551.5406504,121.6116509,2.011950759,5,967.7092813
Trichomycterus areolatus,3,1385,-38,-72,117.0362694,101.5833359,1.895766663,6,3526.717392
Trichomycterus areolatus,3,8507,-40,-73,38.5,185.2833344,2.664263362,4,971.5374943
Trichomycterus areolatus,12,1907,-37,-72,551.5406504,121.6116509,2.011950759,5,967.7092813
Trichomycterus areolatus,3,1385,-38,-72,117.0362694,101.5833359,1.895766663,6,3526.717392
Trichomycterus areolatus,2,1916,-37,-72,369.6431535,113.0148534,4.216141644,5,967.7092813
Trichomycterus areolatus,3,1385,-38,-72,117.0362694,101.5833359,1.895766663,6,3526.717392
Trichomycterus areolatus,2,1933,-37,-72,178.921875,105.1404316,4.258407648,5,967.7092813
Trichomycterus areolatus,3,1385,-38,-72,117.0362694,101.5833359,1.895766663,6,3526.717392
Trichomycterus areolatus,1,1349,-38,-72,455.9098039,148.4282426,27.06829148,3,3019.392631
Trichomycterus areolatus,2,1916,-37,-72,369.6431535,113.0148534,4.216141644,5,967.7092813
Trichomycterus areolatus,2,3708,-35,-71,146.7207207,64.8333346,2.378894906,6,1544.312195
Trichomycterus areolatus,3,1385,-38,-72,117.0362694,101.5833359,1.895766663,6,3526.717392
Trichomycterus areolatus,2,8532,-40,-73,86.31818182,192.6666667,18.40214676,3,971.5374943
Trichomycterus areolatus,12,1907,-37,-72,551.5406504,121.6116509,2.011950759,5,967.7092813
Trichomycterus areolatus,2,8532,-40,-73,86.31818182,192.6666667,18.40214676,3,971.5374943
Trichomycterus areolatus,1,8507,-40,-73,38.5,185.2833344,2.664263362,4,971.5374943
Trichomycterus areolatus,3,1385,-38,-72,117.0362694,101.5833359,1.895766663,6,3526.717392
Trichomycterus areolatus,12,1907,-37,-72,551.5406504,121.6116509,2.011950759,5,967.7092813
Trichomycterus areolatus,3,1385,-38,-72,117.0362694,101.5833359,1.895766663,6,3526.717392
Trichomycterus areolatus,2,3708,-35,-71,146.7207207,64.8333346,2.378894906,6,1544.312195
Trichomycterus areolatus,3,1385,-38,-72,117.0362694,101.5833359,1.895766663,6,3526.717392
Trichomycterus areolatus,1,1351,-38,-72,403.459144,142.8271616,4.5816708,3,3019.392631
Trichomycterus areolatus,12,1907,-37,-72,551.5406504,121.6116509,2.011950759,5,967.7092813
Trichomycterus areolatus,3,1385,-38,-72,117.0362694,101.5833359,1.895766663,6,3526.717392
Trichomycterus areolatus,3,1385,-38,-72,117.0362694,101.5833359,1.895766663,6,3526.717392
Trichomycterus areolatus,2,3708,-35,-71,146.7207207,64.8333346,2.378894906,6,1544.312195
Trichomycterus areolatus,2,3708,-35,-71,146.7207207,64.8333346,2.378894906,6,1544.312195
Trichomycterus areolatus,12,1907,-37,-72,551.5406504,121.6116509,2.011950759,5,967.7092813
Trichomycterus areolatus,3,1385,-38,-72,117.0362694,101.5833359,1.895766663,6,3526.717392
Trichomycterus areolatus,3,1385,-38,-72,117.0362694,101.5833359,1.895766663,6,3526.717392
Trichomycterus areolatus,12,1907,-37,-72,551.5406504,121.6116509,2.011950759,5,967.7092813
Trichomycterus areolatus,3,1385,-38,-72,117.0362694,101.5833359,1.895766663,6,3526.717392
Trichomycterus areolatus,12,1907,-37,-72,551.5406504,121.6116509,2.011950759,5,967.7092813
Trichomycterus areolatus,3,1385,-38,-72,117.0362694,101.5833359,1.895766663,6,3526.717392
